ticker,source,session_open,asset_bucket,direction,entry_ts,exit_ts,entry_price,exit_price,shares,notional,entry_exposure_mult,entry_sentiment_score,direct_sentiment_score,direct_sentiment_size_mult,intraday_vol_proxy_regime,intraday_vol_proxy_mult,intraday_vol_proxy_signal_age_min,intraday_vol_proxy_close,volatility_persistence_regime,volatility_persistence_mult,volatility_persistence_ratio,volatility_persistence_vix_rel,volatility_persistence_vixy_rel,volatility_persistence_signal_age_min,scale,entry_rel_volume,risk_model,performance_risk_mult,performance_score,performance_rank_pct,performance_peer_count,net_pnl,equity_after_exit
COPPER,tiingo,new_york_equity_open,metals,long,2022-02-09T19:20:00,2022-02-23T19:45:00,28.1856,27.1646,24.835874,700.0149,2.0,,,1.0,,1.0,,,,1.0,,,,,1.000021,40.0,directional_volume_boost,1.0,,,0,-25.4957,974.5043
BTC-USD,binance,hong_kong_open,crypto,short,2022-02-24T03:00:00,2022-02-24T20:05:00,35917.735,39517.4104,0.010498,377.0578,2.0,,,1.0,,1.0,,,,1.0,,,,,0.538654,11.8993,directional_volume_boost,1.0,,,0,-37.868,936.6363
PAXG-USD,binance,new_york_equity_open,gold,long,2022-02-20T15:00:00,2022-02-28T09:15:00,1932.3864,1880.6238,0.310491,599.9891,2.0,,,1.0,,1.0,,,,1.0,,,,,0.857127,8.114,directional_volume_boost,1.0,,,0,-16.1902,920.4461
SOL-USD,binance,hong_kong_open,crypto,short,2022-02-20T03:35:00,2022-02-28T15:15:00,88.2323,96.3893,5.666811,499.996,2.0,,,1.0,,1.0,,,,1.0,,,,,0.999992,5.5783,base,1.0,,,0,-46.3286,874.1175
COPPER,tiingo,new_york_equity_open,metals,long,2022-03-03T14:35:00,2022-04-01T14:30:00,28.9958,28.5443,21.102298,611.878,2.0,,,1.0,,1.0,,,,1.0,,,,,0.89698,2.8263,directional_volume_boost,1.0,,,0,-9.6493,864.4682
BTC-USD,binance,new_york_equity_open,crypto,long,2022-03-24T15:00:00,2022-04-06T13:45:00,43590.8264,44191.16,0.014037,611.8822,2.0,,,1.0,,1.0,,,,1.0,,,,,0.874117,3.1008,directional_volume_boost,1.0,,,0,8.3034,872.7716
ETH-USD,binance,new_york_equity_open,crypto,long,2022-03-24T15:05:00,2022-04-11T09:15:00,3087.1973,3142.5214,0.056629,174.8235,2.0,,,1.0,,1.0,,,,1.0,,,,,0.249748,3.173,directional_volume_boost,1.0,,,0,3.0976,875.8693
COPPER,tiingo,new_york_equity_open,metals,long,2022-04-04T15:05:00,2022-04-11T13:35:00,29.1858,28.4843,20.734177,605.1443,2.0,,,1.0,,1.0,,,,1.0,,,,,0.897011,15.8604,directional_volume_boost,1.0,,,0,-14.6646,861.2047
BTC-USD,binance,hong_kong_open,crypto,short,2022-04-18T04:20:00,2022-04-21T10:15:00,38938.1708,42358.7601,0.009953,387.5421,2.0,,,1.0,,1.0,,,,1.0,,,,,0.595496,15.5838,directional_volume_boost,1.0,,,0,-34.1244,827.0803
PAXG-USD,binance,new_york_equity_open,gold,long,2022-04-12T14:55:00,2022-04-21T11:45:00,1973.3946,1939.612,0.305485,602.8431,2.0,,,1.0,,1.0,,,,1.0,,,,,0.877785,3.9298,directional_volume_boost,1.0,,,0,-10.4397,816.6406
COPPER,tiingo,new_york_equity_open,metals,long,2022-04-18T14:15:00,2022-04-22T16:45:00,29.3259,28.1294,5.87335,172.2411,2.0,,,1.0,,1.0,,,,1.0,,,,,0.25972,6.1972,directional_volume_boost,1.0,,,0,-7.0614,809.5792
PAXG-USD,binance,new_york_equity_open,gold,short,2022-05-02T13:50:00,2022-05-12T07:00:00,1857.6284,1910.382,0.305069,566.7056,2.0,,,1.0,,1.0,,,,1.0,,,,,0.835291,4.8846,directional_volume_boost,1.0,,,0,-16.2084,793.3708
COPPER,tiingo,new_york_equity_open,metals,short,2022-05-09T13:35:00,2022-05-20T13:45:00,25.2949,26.0702,6.401112,161.9157,2.0,,,1.0,,1.0,,,,1.0,,,,,0.251364,30.0671,directional_volume_boost,1.0,,,0,-4.9957,788.3751
PAXG-USD,binance,hong_kong_open,gold,short,2022-05-16T07:55:00,2022-05-23T04:15:00,1792.6414,1859.3718,0.299854,537.5304,2.0,,,1.0,,1.0,,,,1.0,,,,,0.810676,5.176,directional_volume_boost,1.0,,,0,-20.1189,768.2562
BTC-USD,binance,hong_kong_open,crypto,short,2022-04-25T07:05:00,2022-05-30T06:15:00,38266.1452,30783.4855,0.008914,341.0792,2.0,,,1.0,,1.0,,,,1.0,,,,,0.558527,10.8851,directional_volume_boost,1.0,,,0,66.6353,834.8916
ETH-USD,binance,hong_kong_open,crypto,short,2022-04-18T04:20:00,2022-06-26T11:40:00,2907.4484,1257.0214,0.133293,387.5421,2.0,,,1.0,,1.0,,,,1.0,,,,,0.594431,13.6084,directional_volume_boost,1.0,,,0,219.9344,1054.826
BTC-USD,binance,hong_kong_open,crypto,short,2022-06-12T02:30:00,2022-07-07T19:30:00,27890.7107,21544.158,0.013046,363.8603,2.0,,,1.0,,1.0,,,,1.0,,,,,0.524151,11.5011,directional_volume_boost,1.0,,,0,82.7334,1137.5593
ETH-USD,binance,hong_kong_open,crypto,long,2022-07-22T09:05:00,2022-07-25T19:20:00,1637.0473,1473.0479,0.48642,796.2917,2.0,,,1.0,,1.0,,,,1.0,,,,,0.874134,6.4146,directional_volume_boost,1.0,,,0,-79.9238,1057.6355
COPPER,tiingo,new_york_equity_open,metals,short,2022-06-14T19:50:00,2022-07-26T15:00:00,25.055,20.5941,13.328945,333.9566,2.0,,,1.0,,1.0,,,,1.0,,,,,0.741849,1.0256,base,1.0,,,0,59.398,1117.0336
PAXG-USD,binance,new_york_equity_open,gold,short,2022-06-14T14:15:00,2022-07-27T19:05:00,1818.6362,1734.3468,0.229537,417.4458,2.0,,,1.0,,1.0,,,,1.0,,,,,0.879006,1.678,base,1.0,,,0,19.2661,1136.2996
PAXG-USD,binance,new_york_equity_open,gold,long,2022-08-04T18:55:00,2022-08-17T08:00:00,1789.3578,1765.6468,0.317516,568.1498,2.0,,,1.0,,1.0,,,,1.0,,,,,1.169356,0.5761,base,1.0,,,0,-7.6415,1128.6581
BTC-USD,binance,hong_kong_open,crypto,long,2022-07-29T06:40:00,2022-08-19T06:30:00,24326.9844,22660.1571,0.009342,227.2602,2.0,,,1.0,,1.0,,,,1.0,,,,,0.282423,5.1517,directional_volume_boost,1.0,,,0,-15.6154,1113.0427
ETH-USD,binance,hong_kong_open,crypto,long,2022-07-28T02:50:00,2022-08-19T21:45:00,1672.2144,1656.4486,0.475662,795.4095,2.0,,,1.0,,1.0,,,,1.0,,,,,0.939149,8.5212,directional_volume_boost,1.0,,,0,-7.6575,1105.3852
SOL-USD,binance,new_york_equity_open,crypto,short,2022-08-20T19:10:00,2022-09-06T15:50:00,35.063,33.5667,22.06799,773.7696,2.0,,,1.0,,1.0,,,,1.0,,,,,0.899497,4.5276,directional_volume_boost,1.0,,,0,32.8686,1138.2538
BTC-USD,binance,new_york_equity_open,crypto,short,2022-08-26T15:20:00,2022-09-09T05:30:00,20706.7078,20580.3652,0.010676,221.077,2.0,,,1.0,,1.0,,,,1.0,,,,,0.240553,2.267,directional_volume_boost,1.0,,,0,1.3048,1139.5586
PAXG-USD,binance,hong_kong_open,gold,short,2022-08-29T02:05:00,2022-09-12T11:35:00,1718.6562,1725.345,0.321584,552.6927,2.0,,,1.0,,1.0,,,,1.0,,,,,1.168406,0.3653,base,1.0,,,0,-2.2618,1137.2968
BTC-USD,binance,hong_kong_open,crypto,short,2022-09-19T06:00:00,2022-09-27T03:10:00,18455.4082,20193.0378,0.013016,240.2243,2.0,,,1.0,,1.0,,,,1.0,,,,,0.318357,3.0791,directional_volume_boost,1.0,,,0,-22.6679,1114.6289
PAXG-USD,binance,new_york_equity_open,gold,short,2022-09-15T14:35:00,2022-10-03T14:05:00,1675.6648,1670.334,0.475099,796.1077,2.0,,,1.0,,1.0,,,,1.0,,,,,1.196158,5.5971,directional_volume_boost,1.0,,,0,2.3737,1117.0025
COPPER,tiingo,new_york_equity_open,metals,short,2022-09-01T15:05:00,2022-10-05T13:30:00,20.5859,21.0842,21.478507,442.154,2.0,,,1.0,,1.0,,,,1.0,,,,,0.644274,1.4094,directional_volume_boost,1.0,,,0,-10.7926,1106.21
ETH-USD,binance,new_york_equity_open,crypto,short,2022-09-16T16:35:00,2022-10-23T22:00:00,1421.4756,1343.3886,0.400041,568.6482,2.0,,,1.0,,1.0,,,,1.0,,,,,0.89201,1.343,base,1.0,,,0,31.1274,1137.3374
SOL-USD,binance,hong_kong_open,crypto,short,2022-10-13T06:45:00,2022-10-25T17:00:00,30.3639,31.4863,14.060788,426.9407,2.0,,,1.0,,1.0,,,,1.0,,,,,0.73186,4.8572,base,1.0,,,0,-15.8687,1121.4687
PAXG-USD,binance,new_york_equity_open,gold,short,2022-10-19T15:20:00,2022-10-26T07:25:00,1625.6748,1662.3324,0.340231,553.1049,2.0,,,1.0,,1.0,,,,1.0,,,,,1.161039,21.5504,base,1.0,,,0,-12.5839,1108.8848
ETH-USD,binance,new_york_equity_open,crypto,long,2022-10-26T17:55:00,2022-11-08T04:00:00,1561.5422,1502.0195,0.497085,776.2194,2.0,,,1.0,,1.0,,,,1.0,,,,,0.846557,1.3131,directional_volume_boost,1.0,,,0,-29.7401,1079.1446
BTC-USD,binance,new_york_equity_open,crypto,long,2022-11-04T14:25:00,2022-11-08T04:10:00,21156.0404,20027.2338,0.010483,221.7769,2.0,,,1.0,,1.0,,,,1.0,,,,,0.240322,1.5672,directional_volume_boost,1.0,,,0,-11.8763,1067.2684
SOL-USD,binance,hong_kong_open,crypto,short,2022-11-09T07:45:00,2022-11-26T10:50:00,19.7461,14.963,37.834991,747.0916,2.0,,,1.0,,1.0,,,,1.0,,,,,0.981328,1.7071,directional_volume_boost,1.0,,,0,180.8376,1248.1059
COPPER,tiingo,new_york_equity_open,metals,long,2022-12-13T14:35:00,2022-12-15T16:40:00,23.6097,22.7654,37.00438,873.6631,2.0,,,1.0,,1.0,,,,1.0,,,,,1.295167,6.5789,directional_volume_boost,1.0,,,0,-31.4127,1216.6932
SOL-USD,binance,new_york_equity_open,crypto,short,2022-12-16T16:25:00,2023-01-03T06:25:00,12.7175,12.0024,47.837443,608.3705,2.0,,,1.0,,1.0,,,,1.0,,,,,1.25976,7.232,base,1.0,,,0,34.0902,1250.7835
SOL-USD,binance,new_york_equity_open,crypto,long,2023-01-09T15:45:00,2023-01-11T15:35:00,17.1134,15.399,0.196551,3.3637,2.0,,,1.0,,1.0,,,,1.0,,,,,0.006775,4.4673,base,1.0,,,0,-0.3376,1250.4459
PAXG-USD,binance,new_york_equity_open,gold,long,2022-11-08T15:10:00,2023-01-30T17:30:00,1684.3368,1896.6206,0.44355,747.0878,2.0,,,1.0,,1.0,,,,1.0,,,,,1.133056,8.671,directional_volume_boost,1.0,,,0,93.9996,1344.4455
COPPER,tiingo,new_york_equity_open,metals,long,2023-01-06T17:35:00,2023-02-01T15:00:00,23.7147,25.3449,26.372209,625.4102,2.0,,,1.0,,1.0,,,,1.0,,,,,1.331512,0.7834,base,1.0,,,0,42.8634,1387.3088
SOL-USD,binance,new_york_equity_open,crypto,long,2023-01-13T21:30:00,2023-02-06T23:10:00,17.7536,22.4755,0.155235,2.756,2.0,,,1.0,,1.0,,,,1.0,,,,,0.004175,11.4205,directional_volume_boost,1.0,,,0,0.7324,1388.0412
ETH-USD,binance,hong_kong_open,crypto,long,2023-01-09T01:40:00,2023-02-09T21:30:00,1296.9993,1534.693,0.675057,875.5486,2.0,,,1.0,,1.0,,,,1.0,,,,,1.098159,3.7419,directional_volume_boost,1.0,,,0,160.2656,1548.3069
ETH-USD,binance,new_york_equity_open,crypto,long,2023-02-16T15:50:00,2023-02-25T20:40:00,1725.335,1566.5466,0.179479,309.6614,2.0,,,1.0,,1.0,,,,1.0,,,,,0.313052,5.8297,directional_volume_boost,1.0,,,0,-28.5583,1519.7486
PAXG-USD,binance,new_york_equity_open,gold,short,2023-02-09T21:30:00,2023-03-01T19:15:00,1846.6306,1828.3656,0.419225,774.1533,2.0,,,1.0,,1.0,,,,1.0,,,,,1.510692,7.3509,base,1.0,,,0,7.5032,1527.2518
BTC-USD,binance,new_york_equity_open,crypto,long,2023-02-15T22:15:00,2023-03-03T01:30:00,24302.2595,22717.4556,0.044598,1083.8148,2.0,,,1.0,,1.0,,,,1.0,,,,,1.065069,1.2782,directional_volume_boost,1.0,,,0,-70.8882,1456.3636
ETH-USD,binance,new_york_equity_open,crypto,short,2023-03-07T15:10:00,2023-03-13T14:05:00,1540.1219,1622.9245,0.378246,582.5454,2.0,,,1.0,,1.0,,,,1.0,,,,,0.629567,6.6767,directional_volume_boost,1.0,,,0,-31.4394,1424.9241
SOL-USD,binance,new_york_equity_open,crypto,short,2023-03-07T15:05:00,2023-03-14T12:30:00,20.126,21.7243,36.181195,728.1818,2.0,,,1.0,,1.0,,,,1.0,,,,,1.302049,11.5284,base,1.0,,,0,-57.9814,1366.9427
ETH-USD,binance,new_york_equity_open,crypto,long,2023-03-23T15:40:00,2023-03-27T15:00:00,1842.1684,1702.6794,0.148406,273.3886,2.0,,,1.0,,1.0,,,,1.0,,,,,0.429878,1.3859,base,1.0,,,0,-20.7536,1346.1891
PAXG-USD,binance,hong_kong_open,gold,long,2023-03-20T07:40:00,2023-04-03T07:40:00,2006.4012,1961.6076,0.340646,683.4714,2.0,,,1.0,,1.0,,,,1.0,,,,,1.39752,5.8413,base,1.0,,,0,-15.394,1330.7951
COPPER,tiingo,new_york_equity_open,metals,long,2023-03-30T19:15:00,2023-04-05T13:30:00,25.105,24.2551,26.811155,673.0946,2.0,,,1.0,,1.0,,,,1.0,,,,,1.385553,1.165,base,1.0,,,0,-22.9179,1307.8773
PAXG-USD,binance,hong_kong_open,gold,long,2023-04-05T02:20:00,2023-04-19T08:40:00,2031.4062,1997.6004,0.376821,765.4768,2.0,,,1.0,,1.0,,,,1.0,,,,,1.130733,10.0597,directional_volume_boost,1.0,,,0,-12.8906,1294.9867
BTC-USD,binance,new_york_equity_open,crypto,long,2023-03-19T16:35:00,2023-04-20T19:15:00,27836.3262,28164.366,0.034375,956.8599,2.0,,,1.0,,1.0,,,,1.0,,,,,1.012965,3.3965,directional_volume_boost,1.0,,,0,11.0839,1306.0705
SOL-USD,binance,hong_kong_open,crypto,long,2023-04-12T07:25:00,2023-04-21T17:25:00,23.8748,21.483,9.224366,220.2297,2.0,,,1.0,,1.0,,,,1.0,,,,,0.280858,7.6894,directional_volume_boost,1.0,,,0,-22.1046,1283.9659
COPPER,tiingo,new_york_equity_open,metals,long,2023-04-13T13:40:00,2023-04-24T13:40:00,25.225,24.2751,16.31762,411.6127,2.0,,,1.0,,1.0,,,,1.0,,,,,0.615694,9.697,directional_volume_boost,1.0,,,0,-15.5802,1268.3857
AMZN,tiingo,new_york_equity_open,equity,long,2023-04-19T16:10:00,2023-05-02T13:30:00,104.2558,101.3797,2.124544,221.4961,2.0,,,1.0,,1.0,,,,1.0,,,,,0.316423,1.7586,directional_volume_boost,1.0,,,0,-6.154,1262.2317
PPLT,tiingo,new_york_equity_open,metals,long,2023-04-19T14:35:00,2023-05-03T15:40:00,100.9602,97.4705,5.158248,520.7777,2.0,,,1.0,,1.0,,,,1.0,,,,,0.743968,7.5401,directional_volume_boost,1.0,,,0,-18.1031,1244.1286
HOOD,tiingo,new_york_equity_open,equity,short,2023-04-27T13:45:00,2023-05-10T13:30:00,8.7782,9.2619,72.239398,634.1351,2.0,,,1.0,,1.0,,,,1.0,,,,,1.26827,0.2131,base,1.0,,,0,-35.0691,1209.0595
GLD,tiingo,new_york_equity_open,gold,long,2023-05-04T14:25:00,2023-05-16T17:05:00,190.7481,184.4781,4.565657,870.8905,2.0,,,1.0,,1.0,,,,1.0,,,,,1.244129,2.2636,directional_volume_boost,1.0,,,0,-28.798,1180.2616
COPPER,tiingo,new_york_equity_open,metals,short,2023-05-04T15:55:00,2023-06-02T13:30:00,23.5803,22.9896,31.144917,734.4059,2.0,,,1.0,,1.0,,,,1.0,,,,,1.12843,40.0,directional_volume_boost,1.0,,,0,18.2524,1198.5139
PLTR,tiingo,new_york_equity_open,equity,long,2023-05-10T13:40:00,2023-06-21T15:10:00,9.7269,14.3871,58.704016,571.0107,2.0,,,1.0,,1.0,,,,1.0,,,,,0.81573,1.3063,directional_volume_boost,1.0,,,0,273.4322,1471.9461
TSLA,tiingo,new_york_equity_open,equity,long,2023-05-19T13:35:00,2023-06-26T16:05:00,178.3807,244.5561,4.591608,819.0541,2.0,,,1.0,,1.0,,,,1.0,,,,,1.170077,4.0338,directional_volume_boost,1.0,,,0,303.6572,1775.6032
PAXG-USD,binance,new_york_equity_open,gold,short,2023-06-04T21:20:00,2023-07-07T14:35:00,1940.6118,1911.3822,0.395371,767.2602,2.0,,,1.0,,1.0,,,,1.0,,,,,1.0643,4.3586,directional_volume_boost,1.0,,,0,11.4042,1787.0074
BTC-USD,binance,new_york_equity_open,crypto,long,2023-06-23T15:45:00,2023-07-17T18:30:00,30857.2202,29894.02,0.023851,735.973,2.0,,,1.0,,1.0,,,,1.0,,,,,1.137758,4.1771,base,1.0,,,0,-23.118,1763.8894
AMZN,tiingo,new_york_equity_open,equity,long,2023-07-13T13:35:00,2023-07-26T13:30:00,134.3019,128.3243,5.865799,787.7877,2.0,,,1.0,,1.0,,,,1.0,,,,,1.041577,12.2978,directional_volume_boost,1.0,,,0,-35.2173,1728.6722
SLV,tiingo,new_york_equity_open,metals,long,2023-07-18T14:55:00,2023-07-27T13:35:00,22.9796,22.2555,30.216403,694.3607,2.0,,,1.0,,1.0,,,,1.0,,,,,1.500805,0.6557,base,1.0,,,0,-22.015,1706.6572
COIN,tiingo,new_york_equity_open,equity,long,2023-06-28T17:05:00,2023-08-01T13:30:00,70.4141,91.8216,11.432974,805.0424,2.0,,,1.0,,1.0,,,,1.0,,,,,1.695156,0.0964,base,1.0,,,0,244.5663,1951.2235
HOOD,tiingo,new_york_equity_open,equity,long,2023-06-28T14:20:00,2023-08-03T13:30:00,10.2871,12.0826,86.303611,887.8103,2.0,,,1.0,,1.0,,,,1.0,,,,,1.826114,1.1132,base,1.0,,,0,154.7636,2105.987
PLTR,tiingo,new_york_equity_open,equity,long,2023-07-31T13:40:00,2023-08-07T15:15:00,19.1888,17.2665,27.401435,525.8017,2.0,,,1.0,,1.0,,,,1.0,,,,,0.579408,3.5509,directional_volume_boost,1.0,,,0,-52.7724,2053.2147
INTC,tiingo,new_york_equity_open,equity,long,2023-07-27T16:25:00,2023-08-16T15:50:00,34.857,33.8532,24.480862,853.3286,2.0,,,1.0,,1.0,,,,1.0,,,,,1.69671,1.0333,base,1.0,,,0,-24.7414,2028.4732
PPLT,tiingo,new_york_equity_open,metals,short,2023-08-08T14:15:00,2023-08-23T13:30:00,83.0034,85.077,12.368316,1026.6123,2.0,,,1.0,,1.0,,,,1.0,,,,,2.056216,0.3175,base,1.0,,,0,-25.8549,2002.6184
COPPER,tiingo,new_york_equity_open,metals,short,2023-08-11T16:30:00,2023-08-23T15:05:00,23.0554,23.5647,16.421109,378.595,2.0,,,1.0,,1.0,,,,1.0,,,,,0.571772,19.4175,directional_volume_boost,1.0,,,0,-8.44,1994.1783
BTC-USD,binance,new_york_equity_open,crypto,short,2023-08-17T15:40:00,2023-08-29T14:20:00,28061.3866,26824.6339,0.01384,388.3754,2.0,,,1.0,,1.0,,,,1.0,,,,,0.435699,7.4131,directional_volume_boost,1.0,,,0,17.0412,2011.2196
ETH-USD,binance,new_york_equity_open,crypto,short,2023-08-07T16:10:00,2023-08-29T14:30:00,1813.2173,1702.4504,0.792651,1437.2505,2.0,,,1.0,,1.0,,,,1.0,,,,,1.935827,1.606,directional_volume_boost,1.0,,,0,87.5209,2098.7404
SLV,tiingo,new_york_equity_open,metals,long,2023-08-30T13:35:00,2023-09-06T13:30:00,22.9246,21.2757,64.083725,1469.0927,2.0,,,1.0,,1.0,,,,1.0,,,,,2.341174,2.8511,directional_volume_boost,1.0,,,0,-105.9482,1992.7922
ETH-USD,binance,new_york_equity_open,crypto,short,2023-09-11T14:40:00,2023-09-18T12:25:00,1573.8652,1660.332,0.179172,281.9921,2.0,,,1.0,,1.0,,,,1.0,,,,,0.364286,1.5699,directional_volume_boost,1.0,,,0,-15.5503,1977.2419
SOL-USD,binance,new_york_equity_open,crypto,short,2023-09-01T15:05:00,2023-09-18T15:05:00,19.3161,19.974,43.461577,839.5097,2.0,,,1.0,,1.0,,,,1.0,,,,,1.038361,1.7363,directional_volume_boost,1.0,,,0,-28.7638,1948.4781
INTC,tiingo,new_york_equity_open,equity,long,2023-09-01T13:35:00,2023-09-19T19:35:00,36.4673,36.0278,40.286251,1469.1304,2.0,,,1.0,,1.0,,,,1.0,,,,,2.117219,2.5094,directional_volume_boost,1.0,,,0,-17.9983,1930.4798
TSLA,tiingo,new_york_equity_open,equity,long,2023-09-11T13:35:00,2023-09-22T18:10:00,261.8424,246.6007,3.805319,996.3938,2.0,,,1.0,,1.0,,,,1.0,,,,,1.639065,11.0917,base,1.0,,,0,-58.1932,1872.2866
PAXG-USD,binance,new_york_equity_open,gold,short,2023-09-27T16:30:00,2023-10-11T10:00:00,1880.6238,1873.3746,0.219025,411.9046,2.0,,,1.0,,1.0,,,,1.0,,,,,0.565805,4.859,directional_volume_boost,1.0,,,0,1.5056,1873.7921
GLD,tiingo,new_york_equity_open,gold,short,2023-09-26T17:50:00,2023-10-12T13:30:00,176.2897,174.2048,5.310246,936.1417,2.0,,,1.0,,1.0,,,,1.0,,,,,1.926217,0.0888,base,1.0,,,0,10.8851,1884.6772
PLTR,tiingo,new_york_equity_open,equity,long,2023-09-29T13:35:00,2023-10-23T13:30:00,16.3583,15.8068,41.000905,670.7039,2.0,,,1.0,,1.0,,,,1.0,,,,,0.794932,5.4875,directional_volume_boost,1.0,,,0,-22.7424,1861.9348
COPPER,tiingo,new_york_equity_open,metals,short,2023-09-21T13:35:00,2023-10-25T13:30:00,22.7155,22.5945,59.491014,1351.3656,2.0,,,1.0,,1.0,,,,1.0,,,,,2.073249,18.1818,directional_volume_boost,1.0,,,0,6.9278,1868.8626
HOOD,tiingo,new_york_equity_open,equity,short,2023-10-12T17:30:00,2023-11-03T13:30:00,9.4131,9.6019,100.110151,942.3486,2.0,,,1.0,,1.0,,,,1.0,,,,,1.839469,0.8011,base,1.0,,,0,-19.0931,1849.7694
PAXG-USD,binance,hong_kong_open,gold,long,2023-10-15T08:25:00,2023-11-05T13:55:00,1924.3848,1947.6104,0.222409,428.0008,2.0,,,1.0,,1.0,,,,1.0,,,,,0.906094,0.4741,base,1.0,,,0,5.0795,1854.8489
GLD,tiingo,new_york_equity_open,gold,long,2023-10-27T18:05:00,2023-11-08T14:50:00,185.3071,181.6887,2.317262,429.4049,2.0,,,1.0,,1.0,,,,1.0,,,,,0.627458,1.2503,directional_volume_boost,1.0,,,0,-8.4699,1846.379
PPLT,tiingo,new_york_equity_open,metals,short,2023-11-09T14:35:00,2023-11-21T14:30:00,80.089,85.097,2.585618,207.0795,2.0,,,1.0,,1.0,,,,1.0,,,,,0.300342,8.2851,directional_volume_boost,1.0,,,0,-12.9915,1833.3875
PLTR,tiingo,new_york_equity_open,equity,long,2023-11-03T13:40:00,2023-11-27T14:30:00,18.5437,18.9262,48.964373,907.981,2.0,,,1.0,,1.0,,,,1.0,,,,,1.543251,4.2065,base,1.0,,,0,18.5462,1851.9337
PAXG-USD,binance,new_york_equity_open,gold,long,2023-11-21T15:10:00,2023-12-08T14:30:00,1988.3976,1995.6008,0.092383,183.6948,2.0,,,1.0,,1.0,,,,1.0,,,,,0.35073,0.7062,base,1.0,,,0,0.6286,1852.5624
GLD,tiingo,new_york_equity_open,gold,long,2023-11-27T14:35:00,2023-12-08T17:05:00,186.5873,185.088,5.045166,941.3641,2.0,,,1.0,,1.0,,,,1.0,,,,,1.394806,10.1448,directional_volume_boost,1.0,,,0,-7.7519,1844.8105
ETH-USD,binance,new_york_equity_open,crypto,long,2023-11-05T17:40:00,2023-12-18T10:25:00,1900.8801,2143.8911,0.229969,437.1439,2.0,,,1.0,,1.0,,,,1.0,,,,,0.608487,2.2332,directional_volume_boost,1.0,,,0,55.792,1900.6025
BTC-USD,binance,new_york_equity_open,crypto,long,2023-10-23T16:40:00,2023-12-29T22:20:00,31000.989,41629.2725,0.020314,629.7677,2.0,,,1.0,,1.0,,,,1.0,,,,,0.730842,1.7089,directional_volume_boost,1.0,,,0,215.7607,2116.3632
BTC-USD,binance,hong_kong_open,crypto,long,2024-01-02T03:00:00,2024-01-03T12:05:00,45388.0358,41291.74,0.022432,1018.1369,2.0,,,1.0,,1.0,,,,1.0,,,,,1.822669,0.6925,base,1.0,,,0,-92.0809,2024.2823
COIN,tiingo,new_york_equity_open,equity,long,2023-11-09T14:35:00,2024-01-03T14:30:00,95.7091,153.7492,2.163635,207.0797,2.0,,,1.0,,1.0,,,,1.0,,,,,0.290821,8.0958,directional_volume_boost,1.0,,,0,125.5237,2149.806
HOOD,tiingo,new_york_equity_open,equity,long,2023-12-08T20:45:00,2024-01-03T14:30:00,11.7173,12.0726,94.922277,1112.237,2.0,,,1.0,,1.0,,,,1.0,,,,,1.60455,1.8673,directional_volume_boost,1.0,,,0,33.4987,2183.3047
PPLT,tiingo,new_york_equity_open,metals,long,2023-12-20T14:55:00,2024-01-04T17:00:00,88.6377,88.2623,6.064794,537.5695,2.0,,,1.0,,1.0,,,,1.0,,,,,1.141683,40.0,base,1.0,,,0,-2.3837,2180.921
MSTR,tiingo,new_york_equity_open,equity,long,2023-10-25T14:45:00,2024-01-09T14:30:00,438.6777,587.1226,2.130108,934.4307,2.0,,,1.0,,1.0,,,,1.0,,,,,1.606773,0.8096,base,1.0,,,0,315.985,2496.906
BTC-USD,binance,new_york_equity_open,crypto,long,2024-01-08T18:05:00,2024-01-18T17:50:00,45971.3924,41491.7,0.033209,1526.6447,2.0,,,1.0,,1.0,,,,1.0,,,,,1.428966,4.6027,directional_volume_boost,1.0,,,0,-149.0573,2347.8487
ETH-USD,binance,new_york_equity_open,crypto,long,2024-01-10T15:40:00,2024-01-22T05:00:00,2449.0997,2414.717,0.294219,720.5707,2.0,,,1.0,,1.0,,,,1.0,,,,,0.920746,2.3542,directional_volume_boost,1.0,,,0,-10.2592,2337.5894
PLTR,tiingo,new_york_equity_open,equity,short,2024-01-05T20:05:00,2024-01-22T14:30:00,15.9318,17.0734,68.444618,1090.4468,2.0,,,1.0,,1.0,,,,1.0,,,,,1.834642,0.7172,base,1.0,,,0,-78.3633,2259.2262
BTC-USD,binance,new_york_equity_open,crypto,short,2024-01-19T16:30:00,2024-01-29T16:20:00,40602.128,42851.2485,0.030991,1258.3416,2.0,,,1.0,,1.0,,,,1.0,,,,,1.264235,2.4665,directional_volume_boost,1.0,,,0,-69.9621,2189.2641
COPPER,tiingo,new_york_equity_open,metals,long,2024-01-29T17:40:00,2024-02-07T16:05:00,24.1848,23.4753,45.262583,1094.6682,2.0,,,1.0,,1.0,,,,1.0,,,,,2.37767,0.3591,base,1.0,,,0,-32.3292,2156.9349
PPLT,tiingo,new_york_equity_open,metals,short,2024-02-07T17:20:00,2024-02-20T14:30:00,80.9638,83.4667,13.320331,1078.4648,2.0,,,1.0,,1.0,,,,1.0,,,,,2.295519,3.268,base,1.0,,,0,-33.5584,2123.3765
AMZN,tiingo,new_york_equity_open,equity,long,2024-01-11T14:35:00,2024-02-20T17:15:00,157.0614,165.7268,7.365072,1156.7686,2.0,,,1.0,,1.0,,,,1.0,,,,,1.507001,5.8225,directional_volume_boost,1.0,,,0,63.5838,2186.9603
SOL-USD,binance,hong_kong_open,crypto,long,2024-02-29T02:00:00,2024-03-05T19:55:00,123.6447,111.258,8.843776,1093.4863,2.0,,,1.0,,1.0,,,,1.0,,,,,0.862721,1.3386,base,1.0,,,0,-109.7525,2077.2078
AMZN,tiingo,new_york_equity_open,equity,long,2024-02-23T15:15:00,2024-03-11T13:55:00,175.5001,172.2755,6.230656,1093.4808,2.0,,,1.0,,1.0,,,,1.0,,,,,1.920478,0.5809,base,1.0,,,0,-20.3077,2056.9001
PLTR,tiingo,new_york_equity_open,equity,long,2024-02-07T14:40:00,2024-03-15T17:45:00,22.4045,23.4253,68.399298,1532.4506,2.0,,,1.0,,1.0,,,,1.0,,,,,1.910282,2.5499,directional_volume_boost,1.0,,,0,69.5094,2126.4095
BTC-USD,binance,new_york_equity_open,crypto,long,2024-02-07T20:20:00,2024-03-16T23:10:00,44144.3171,65267.9338,0.002601,114.7988,2.0,,,1.0,,1.0,,,,1.0,,,,,0.120007,5.8077,directional_volume_boost,1.0,,,0,54.9046,2181.3141
TSLA,tiingo,new_york_equity_open,equity,short,2024-03-06T14:45:00,2024-03-26T13:30:00,177.1846,179.4509,5.05649,895.9318,2.0,,,1.0,,1.0,,,,1.0,,,,,1.116322,1.4086,directional_volume_boost,1.0,,,0,-11.6398,2169.6743
INTC,tiingo,new_york_equity_open,equity,short,2024-03-19T19:10:00,2024-03-28T13:30:00,41.8566,43.8388,26.056724,1090.6466,2.0,,,1.0,,1.0,,,,1.0,,,,,2.070964,0.304,base,1.0,,,0,-51.8721,2117.8023
SOL-USD,binance,hong_kong_open,crypto,long,2024-03-12T03:20:00,2024-04-05T04:40:00,153.5107,175.8848,6.885037,1056.9269,2.0,,,1.0,,1.0,,,,1.0,,,,,0.627097,3.6922,directional_volume_boost,1.0,,,0,153.8198,2271.6221
BTC-USD,binance,hong_kong_open,crypto,long,2024-04-08T08:55:00,2024-04-13T19:50:00,71938.7149,65051.5071,0.018541,1333.8026,2.0,,,1.0,,1.0,,,,1.0,,,,,1.450469,4.8603,directional_volume_boost,1.0,,,0,-127.9521,2143.67
AMZN,tiingo,new_york_equity_open,equity,long,2024-03-21T13:35:00,2024-04-17T16:45:00,181.0362,179.854,4.311558,780.5481,2.0,,,1.0,,1.0,,,,1.0,,,,,1.383724,1.151,base,1.0,,,0,-5.2526,2138.4174
GLD,tiingo,new_york_equity_open,gold,long,2024-03-01T14:35:00,2024-04-23T13:30:00,190.103,214.6171,0.538192,102.312,2.0,,,1.0,,1.0,,,,1.0,,,,,0.217012,0.5721,base,1.0,,,0,13.1715,2151.5889
ETH-USD,binance,new_york_equity_open,crypto,short,2024-04-13T19:55:00,2024-04-28T02:45:00,3073.9751,3294.2187,0.358978,1103.4888,2.0,,,1.0,,1.0,,,,1.0,,,,,1.11116,7.1339,directional_volume_boost,1.0,,,0,-79.2911,2072.2978
ETH-USD,binance,hong_kong_open,crypto,short,2024-05-01T08:20:00,2024-05-03T20:45:00,2840.1419,3124.7808,0.143398,407.2704,2.0,,,1.0,,1.0,,,,1.0,,,,,0.368746,1.7892,directional_volume_boost,1.0,,,0,-40.9022,2031.3956
BTC-USD,binance,new_york_equity_open,crypto,short,2024-04-30T20:00:00,2024-05-06T08:25:00,59281.0914,65222.2424,0.02447,1450.6084,2.0,,,1.0,,1.0,,,,1.0,,,,,1.221982,5.505,directional_volume_boost,1.0,,,0,-145.6858,1885.7098
HOOD,tiingo,new_york_equity_open,equity,long,2024-05-09T13:35:00,2024-05-09T17:10:00,19.1838,17.262,49.150453,942.8942,2.0,,,1.0,,1.0,,,,1.0,,,,,1.455319,12.519,base,1.0,,,0,-94.6341,1791.0757
INTC,tiingo,new_york_equity_open,equity,short,2024-04-03T19:15:00,2024-05-16T13:30:00,40.4619,31.4513,9.633362,389.7842,2.0,,,1.0,,1.0,,,,1.0,,,,,0.758168,1.0979,base,1.0,,,0,86.7332,1877.8089
AMZN,tiingo,new_york_equity_open,equity,long,2024-05-09T14:50:00,2024-05-21T13:30:00,190.158,182.7634,3.0455,579.1263,2.0,,,1.0,,1.0,,,,1.0,,,,,1.030118,0.6726,base,1.0,,,0,-22.6336,1855.1752
COPPER,tiingo,new_york_equity_open,metals,long,2024-04-03T13:55:00,2024-05-30T13:30:00,26.0452,29.1842,56.919221,1482.473,2.0,,,1.0,,1.0,,,,1.0,,,,,2.298545,20.6897,directional_volume_boost,1.0,,,0,178.3529,2033.5281
MSTR,tiingo,new_york_equity_open,equity,long,2024-05-15T15:20:00,2024-05-31T16:10:00,1396.2192,1475.0049,0.553318,772.5528,2.0,,,1.0,,1.0,,,,1.0,,,,,0.595207,0.6556,base,1.0,,,0,43.4347,2076.9628
ETH-USD,binance,new_york_equity_open,crypto,long,2024-05-27T15:40:00,2024-06-07T18:00:00,3967.1133,3701.8395,0.135712,538.3857,2.0,,,1.0,,1.0,,,,1.0,,,,,0.570841,4.3921,directional_volume_boost,1.0,,,0,-36.105,2040.8578
SOL-USD,binance,hong_kong_open,crypto,long,2024-05-17T06:55:00,2024-06-07T18:00:00,167.3435,161.2877,3.262176,545.9039,2.0,,,1.0,,1.0,,,,1.0,,,,,0.29395,5.8759,directional_volume_boost,1.0,,,0,-19.8622,2020.9956
TSLA,tiingo,new_york_equity_open,equity,short,2024-06-11T13:40:00,2024-06-13T13:30:00,170.126,182.6515,8.315585,1414.6969,2.0,,,1.0,,1.0,,,,1.0,,,,,1.913389,2.8254,directional_volume_boost,1.0,,,0,-104.4504,1916.5453
SOL-USD,binance,new_york_equity_open,crypto,short,2024-06-14T14:45:00,2024-06-27T13:35:00,144.3611,149.1898,6.638029,958.2733,2.0,,,1.0,,1.0,,,,1.0,,,,,0.593623,6.3709,base,1.0,,,0,-32.2481,1884.2971
BTC-USD,binance,hong_kong_open,crypto,short,2024-06-18T01:45:00,2024-07-14T05:05:00,64628.7817,60262.05,0.004153,268.413,2.0,,,1.0,,1.0,,,,1.0,,,,,0.336563,10.8332,directional_volume_boost,1.0,,,0,18.0839,1902.3811
AMZN,tiingo,new_york_equity_open,equity,long,2024-06-12T14:35:00,2024-07-15T16:05:00,188.1826,192.7964,6.443748,1212.6015,2.0,,,1.0,,1.0,,,,1.0,,,,,1.571355,2.2885,directional_volume_boost,1.0,,,0,29.4849,1931.866
TSLA,tiingo,new_york_equity_open,equity,long,2024-07-02T13:35:00,2024-07-24T13:30:00,220.5541,233.0534,4.081659,900.2267,2.0,,,1.0,,1.0,,,,1.0,,,,,1.28392,5.8548,directional_volume_boost,1.0,,,0,50.8327,1982.6987
PLTR,tiingo,new_york_equity_open,equity,long,2024-06-12T13:35:00,2024-07-24T16:40:00,24.2849,26.8946,41.610034,1010.4936,2.0,,,1.0,,1.0,,,,1.0,,,,,1.838384,1.0535,base,1.0,,,0,108.3775,2091.0762
HOOD,tiingo,new_york_equity_open,equity,long,2024-07-15T13:40:00,2024-07-24T18:30:00,23.4397,21.7506,12.839937,300.9641,2.0,,,1.0,,1.0,,,,1.0,,,,,0.325363,3.1083,directional_volume_boost,1.0,,,0,-21.7453,2069.3309
PAXG-USD,binance,hong_kong_open,gold,long,2024-07-16T03:05:00,2024-07-25T01:15:00,2420.484,2378.5242,0.522902,1265.6744,2.0,,,1.0,,1.0,,,,1.0,,,,,1.830882,29.2739,directional_volume_boost,1.0,,,0,-22.1918,2047.1391
BTC-USD,binance,hong_kong_open,crypto,long,2024-07-29T02:35:00,2024-08-01T15:15:00,69599.077,63444.0087,0.020589,1432.9974,2.0,,,1.0,,1.0,,,,1.0,,,,,1.715908,6.2799,directional_volume_boost,1.0,,,0,-127.0017,1920.1374
PAXG-USD,binance,new_york_equity_open,gold,long,2024-08-02T21:20:00,2024-08-05T12:20:00,2478.4956,2355.5288,0.439211,1088.5846,2.0,,,1.0,,1.0,,,,1.0,,,,,1.443781,5.9993,directional_volume_boost,1.0,,,0,-54.2208,1865.9166
COPPER,tiingo,new_york_equity_open,metals,short,2024-08-05T13:35:00,2024-08-16T17:50:00,25.005,26.0152,39.631565,990.9872,2.0,,,1.0,,1.0,,,,1.0,,,,,1.452117,1.3236,directional_volume_boost,1.0,,,0,-40.238,1825.6786
INTC,tiingo,new_york_equity_open,equity,short,2024-07-30T14:40:00,2024-08-19T13:30:00,30.5689,21.0642,33.483925,1023.5662,2.0,,,1.0,,1.0,,,,1.0,,,,,1.791604,1.1609,base,1.0,,,0,318.0815,2143.7601
ETH-USD,binance,new_york_equity_open,crypto,short,2024-08-01T18:45:00,2024-08-23T21:20:00,3080.9837,2780.556,0.436255,1344.0965,2.0,,,1.0,,1.0,,,,1.0,,,,,1.608315,1.4984,directional_volume_boost,1.0,,,0,130.8074,2274.5675
PAXG-USD,binance,hong_kong_open,gold,long,2024-08-17T06:20:00,2024-09-02T02:05:00,2509.5018,2481.5036,0.363753,912.8392,2.0,,,1.0,,1.0,,,,1.0,,,,,1.871648,3.1309,base,1.0,,,0,-10.3659,2264.2016
HOOD,tiingo,new_york_equity_open,equity,long,2024-08-27T18:20:00,2024-09-03T17:00:00,21.3593,19.5261,53.243693,1137.2465,2.0,,,1.0,,1.0,,,,1.0,,,,,1.812907,0.6698,base,1.0,,,0,-97.8243,2166.3773
PPLT,tiingo,new_york_equity_open,metals,short,2024-09-03T14:05:00,2024-09-12T13:30:00,83.0034,87.6575,16.217653,1346.1203,2.0,,,1.0,,1.0,,,,1.0,,,,,2.214632,2.3254,directional_volume_boost,1.0,,,0,-75.7559,2090.6214
SOL-USD,binance,new_york_equity_open,crypto,short,2024-08-30T15:00:00,2024-09-13T18:30:00,135.6329,138.0276,11.739013,1592.1961,2.0,,,1.0,,1.0,,,,1.0,,,,,0.702122,3.1467,directional_volume_boost,1.0,,,0,-28.4327,2062.1887
COIN,tiingo,new_york_equity_open,equity,short,2024-09-04T13:35:00,2024-09-18T18:35:00,164.5871,169.0938,5.839844,961.1628,2.0,,,1.0,,1.0,,,,1.0,,,,,0.958298,5.2144,base,1.0,,,0,-26.5133,2035.6754
AMZN,tiingo,new_york_equity_open,equity,long,2024-09-20T19:55:00,2024-10-01T13:30:00,191.1432,184.6131,5.385926,1029.4833,2.0,,,1.0,,1.0,,,,1.0,,,,,1.311734,5.4316,directional_volume_boost,1.0,,,0,-35.3733,2000.3021
BTC-USD,binance,new_york_equity_open,crypto,long,2024-09-19T14:35:00,2024-10-01T15:00:00,63485.9246,62345.4584,0.022445,1424.9728,2.0,,,1.0,,1.0,,,,1.0,,,,,1.363951,1.5045,directional_volume_boost,1.0,,,0,-25.8804,1974.4217
PAXG-USD,binance,new_york_equity_open,gold,long,2024-09-12T13:40:00,2024-10-08T15:30:00,2544.5088,2618.4762,0.47544,1209.7596,2.0,,,1.0,,1.0,,,,1.0,,,,,1.662458,1.3181,directional_volume_boost,1.0,,,0,34.9216,2009.3433
HOOD,tiingo,new_york_equity_open,equity,long,2024-10-08T13:35:00,2024-10-31T13:30:00,24.1598,26.0748,57.205854,1382.0837,2.0,,,1.0,,1.0,,,,1.0,,,,,1.621261,4.5459,directional_volume_boost,1.0,,,0,109.261,2118.6043
ETH-USD,binance,new_york_equity_open,crypto,short,2024-11-04T21:45:00,2024-11-06T03:05:00,2374.625,2612.6099,0.210646,500.2036,2.0,,,1.0,,1.0,,,,1.0,,,,,0.669969,5.2529,directional_volume_boost,1.0,,,0,-50.2355,2068.3688
GLD,tiingo,new_york_equity_open,gold,long,2024-10-16T13:35:00,2024-11-06T14:30:00,247.9896,250.12,3.339632,828.1939,2.0,,,1.0,,1.0,,,,1.0,,,,,1.154155,1.5402,directional_volume_boost,1.0,,,0,6.9482,2075.317
SOL-USD,binance,hong_kong_open,crypto,long,2024-11-06T03:10:00,2024-12-02T12:50:00,183.4667,221.7556,2.233537,409.7796,2.0,,,1.0,,1.0,,,,1.0,,,,,0.298214,5.2371,directional_volume_boost,1.0,,,0,85.4293,2160.7463
BTC-USD,binance,new_york_equity_open,crypto,long,2024-10-15T13:50:00,2024-12-05T22:25:00,66825.6225,90772.9418,0.021048,1406.5403,2.0,,,1.0,,1.0,,,,1.0,,,,,1.363645,7.25,directional_volume_boost,1.0,,,0,503.7082,2664.4545
SLV,tiingo,new_york_equity_open,metals,long,2024-12-09T14:35:00,2024-12-13T15:25:00,29.2208,27.6095,45.592923,1332.2637,2.0,,,1.0,,1.0,,,,1.0,,,,,3.278745,7.2799,base,1.0,,,0,-73.7239,2590.7306
GLD,tiingo,new_york_equity_open,gold,long,2024-12-11T15:15:00,2024-12-18T19:05:00,250.4851,242.1016,3.916207,980.9514,2.0,,,1.0,,1.0,,,,1.0,,,,,1.359054,4.057,directional_volume_boost,1.0,,,0,-33.0246,2557.706
BTC-USD,binance,new_york_equity_open,crypto,long,2024-12-16T16:20:00,2024-12-19T20:10:00,106768.0193,96071.9992,0.011235,1199.5607,2.0,,,1.0,,1.0,,,,1.0,,,,,1.301824,1.2094,base,1.0,,,0,-120.3949,2437.3111
AMZN,tiingo,new_york_equity_open,equity,long,2024-12-04T14:35:00,2024-12-20T14:30:00,216.9734,220.101,1.082235,234.8161,2.0,,,1.0,,1.0,,,,1.0,,,,,0.424864,6.3853,base,1.0,,,0,3.3374,2440.6485
TSLA,tiingo,new_york_equity_open,equity,long,2024-11-06T14:35:00,2024-12-30T15:05:00,287.9976,416.5367,2.919124,840.7007,2.0,,,1.0,,1.0,,,,1.0,,,,,1.205776,18.7755,directional_volume_boost,1.0,,,0,375.0158,2815.6643
INTC,tiingo,new_york_equity_open,equity,short,2024-12-04T14:35:00,2025-01-03T19:20:00,22.2805,20.6691,14.754404,328.7361,2.0,,,1.0,,1.0,,,,1.0,,,,,0.398355,1.3144,directional_volume_boost,1.0,,,0,23.7114,2839.3757
BTC-USD,binance,new_york_equity_open,crypto,short,2024-12-30T21:55:00,2025-01-06T02:05:00,91907.7448,98996.7054,0.020713,1903.6427,2.0,,,1.0,,1.0,,,,1.0,,,,,1.553629,3.192,directional_volume_boost,1.0,,,0,-147.2289,2692.1468
COPPER,tiingo,new_york_equity_open,metals,short,2024-12-18T20:20:00,2025-01-06T14:45:00,25.6049,25.8552,35.989516,921.5071,2.0,,,1.0,,1.0,,,,1.0,,,,,2.00726,1.0,base,1.0,,,0,-9.1922,2682.9546
PPLT,tiingo,new_york_equity_open,metals,short,2024-12-27T17:50:00,2025-01-06T15:20:00,84.0432,86.2673,9.944408,835.7599,2.0,,,1.0,,1.0,,,,1.0,,,,,2.095157,0.2927,base,1.0,,,0,-22.2862,2660.6684
PLTR,tiingo,new_york_equity_open,equity,long,2024-11-05T14:35:00,2025-01-07T15:00:00,48.2196,72.4255,22.367441,1078.55,2.0,,,1.0,,1.0,,,,1.0,,,,,1.126001,11.3309,directional_volume_boost,1.0,,,0,541.1545,3201.8229
SOL-USD,binance,hong_kong_open,crypto,short,2025-01-13T08:10:00,2025-01-15T18:40:00,181.8536,200.079,3.521319,640.3646,2.0,,,1.0,,1.0,,,,1.0,,,,,0.568109,0.8365,base,1.0,,,0,-64.312,3137.5109
INTC,tiingo,new_york_equity_open,equity,short,2025-01-13T16:20:00,2025-01-17T14:30:00,18.8012,20.6855,30.65373,576.3281,2.0,,,1.0,,1.0,,,,1.0,,,,,0.930742,0.1519,base,1.0,,,0,-57.883,3079.6279
ETH-USD,binance,new_york_equity_open,crypto,short,2025-01-09T20:00:00,2025-01-17T20:40:00,3194.9909,3515.1929,0.701498,2241.2759,2.0,,,1.0,,1.0,,,,1.0,,,,,2.913329,9.4549,directional_volume_boost,1.0,,,0,-225.0917,2854.5362
COPPER,tiingo,new_york_equity_open,metals,long,2025-01-16T15:10:00,2025-01-27T16:20:00,27.7055,26.8546,18.934953,524.6031,2.0,,,1.0,,1.0,,,,1.0,,,,,1.148437,0.0,base,1.0,,,0,-16.2146,2838.3217
COIN,tiingo,new_york_equity_open,equity,long,2025-01-17T14:40:00,2025-01-27T18:25:00,295.4541,265.8555,1.59801,472.1387,2.0,,,1.0,,1.0,,,,1.0,,,,,0.315849,4.2779,directional_volume_boost,1.0,,,0,-47.3886,2790.9331
SOL-USD,binance,new_york_equity_open,crypto,long,2025-01-18T15:25:00,2025-02-01T19:45:00,245.3091,220.8458,7.484889,1836.1109,2.0,,,1.0,,1.0,,,,1.0,,,,,0.84466,1.3808,directional_volume_boost,1.0,,,0,-183.4539,2607.4792
ETH-USD,binance,new_york_equity_open,crypto,short,2025-02-02T19:25:00,2025-02-17T14:10:00,2909.7579,2798.0595,0.448057,1303.7396,2.0,,,1.0,,1.0,,,,1.0,,,,,2.551942,0.8318,base,1.0,,,0,49.7914,2657.2707
PPLT,tiingo,new_york_equity_open,metals,long,2025-02-05T14:50:00,2025-02-19T14:35:00,89.808,89.1972,2.250963,202.1544,2.0,,,1.0,,1.0,,,,1.0,,,,,0.366876,1.2677,directional_volume_boost,1.0,,,0,-1.4153,2655.8554
SLV,tiingo,new_york_equity_open,metals,long,2025-01-30T14:35:00,2025-02-25T15:20:00,28.6157,28.8092,30.831167,882.2562,2.0,,,1.0,,1.0,,,,1.0,,,,,2.233047,0.8356,base,1.0,,,0,5.7898,2661.6453
PAXG-USD,binance,new_york_equity_open,gold,long,2025-01-08T16:00:00,2025-02-27T14:45:00,2671.5342,2895.4208,0.838947,2241.2762,2.0,,,1.0,,1.0,,,,1.0,,,,,3.064747,6.5712,directional_volume_boost,1.0,,,0,187.3621,2849.0073
GLD,tiingo,new_york_equity_open,gold,long,2025-01-10T14:35:00,2025-02-27T14:45:00,248.6197,265.3969,0.257567,64.0363,2.0,,,1.0,,1.0,,,,1.0,,,,,0.09086,40.0,directional_volume_boost,1.0,,,0,4.308,2853.3154
ETH-USD,binance,new_york_equity_open,crypto,short,2025-02-26T18:30:00,2025-03-02T21:40:00,2308.7282,2540.1089,0.386653,892.6779,2.0,,,1.0,,1.0,,,,1.0,,,,,1.224706,4.9911,directional_volume_boost,1.0,,,0,-89.6515,2763.6638
SOL-USD,binance,new_york_equity_open,crypto,short,2025-02-17T18:55:00,2025-03-24T03:10:00,175.5049,136.7373,7.570357,1328.6346,2.0,,,1.0,,1.0,,,,1.0,,,,,0.920038,0.7659,base,1.0,,,0,293.2478,3056.9117
AMZN,tiingo,new_york_equity_open,equity,short,2025-03-03T20:35:00,2025-03-24T13:30:00,204.0142,201.5453,9.482511,1934.5666,2.0,,,1.0,,1.0,,,,1.0,,,,,2.502311,2.4977,directional_volume_boost,1.0,,,0,23.0268,3079.9385
MSTR,tiingo,new_york_equity_open,equity,short,2025-02-21T18:05:00,2025-03-24T13:30:00,309.6581,309.1118,0.85364,264.3365,2.0,,,1.0,,1.0,,,,1.0,,,,,0.176648,1.5251,directional_volume_boost,1.0,,,0,0.4135,3080.352
PLTR,tiingo,new_york_equity_open,equity,long,2025-03-25T13:35:00,2025-03-28T13:35:00,97.3995,87.642,15.8129,1540.1681,2.0,,,1.0,,1.0,,,,1.0,,,,,1.452265,5.6742,base,1.0,,,0,-154.5875,2925.7645
COPPER,tiingo,new_york_equity_open,metals,long,2025-03-06T15:10:00,2025-04-03T13:45:00,30.161,31.1538,47.977708,1447.0572,2.0,,,1.0,,1.0,,,,1.0,,,,,2.265138,2.1053,directional_volume_boost,1.0,,,0,47.3366,2973.1011
HOOD,tiingo,new_york_equity_open,equity,short,2025-04-04T13:35:00,2025-04-09T17:25:00,34.963,38.467,43.825269,1532.2632,2.0,,,1.0,,1.0,,,,1.0,,,,,1.381078,4.1817,directional_volume_boost,1.0,,,0,-153.8852,2819.2159
COIN,tiingo,new_york_equity_open,equity,short,2025-03-28T16:20:00,2025-04-22T13:35:00,176.0498,183.5667,11.633259,2048.0328,2.0,,,1.0,,1.0,,,,1.0,,,,,1.38893,2.0681,directional_volume_boost,1.0,,,0,-87.8645,2731.3514
AMZN,tiingo,new_york_equity_open,equity,short,2025-03-31T13:35:00,2025-04-25T13:30:00,185.8228,187.4675,9.532123,1771.286,2.0,,,1.0,,1.0,,,,1.0,,,,,2.27218,5.801,directional_volume_boost,1.0,,,0,-16.0332,2715.3182
GLD,tiingo,new_york_equity_open,gold,long,2025-04-10T14:10:00,2025-05-01T13:30:00,289.7429,300.4999,4.332358,1255.2698,2.0,,,1.0,,1.0,,,,1.0,,,,,2.355102,1.2316,base,1.0,,,0,46.3475,2761.6656
MSTR,tiingo,new_york_equity_open,equity,long,2025-05-08T13:35:00,2025-05-23T13:30:00,408.3016,389.1522,3.043692,1242.7446,2.0,,,1.0,,1.0,,,,1.0,,,,,0.829579,8.2821,directional_volume_boost,1.0,,,0,-58.5277,2703.1379
BTC-USD,binance,new_york_equity_open,crypto,long,2025-04-22T13:45:00,2025-05-30T16:30:00,90183.8132,104163.8831,0.020956,1889.8766,2.0,,,1.0,,1.0,,,,1.0,,,,,1.796926,5.6586,directional_volume_boost,1.0,,,0,292.5556,2995.6936
TSLA,tiingo,new_york_equity_open,equity,long,2025-05-27T14:05:00,2025-06-04T14:05:00,355.4011,331.4037,3.200313,1137.3947,2.0,,,1.0,,1.0,,,,1.0,,,,,1.166718,8.5182,directional_volume_boost,1.0,,,0,-77.019,2918.6745
ETH-USD,binance,new_york_equity_open,crypto,long,2025-05-01T15:15:00,2025-06-05T20:20:00,1871.2542,2468.0663,0.318301,595.6224,2.0,,,1.0,,1.0,,,,1.0,,,,,0.899875,7.7286,directional_volume_boost,1.0,,,0,189.8277,3108.5023
AMZN,tiingo,new_york_equity_open,equity,long,2025-06-09T14:25:00,2025-06-20T15:00:00,214.998,209.6481,4.359633,937.3124,2.0,,,1.0,,1.0,,,,1.0,,,,,1.694053,1.7921,base,1.0,,,0,-23.5089,3084.9934
PAXG-USD,binance,new_york_equity_open,gold,long,2025-06-02T13:55:00,2025-06-24T00:00:00,3384.6068,3362.0775,0.094391,319.4777,2.0,,,1.0,,1.0,,,,1.0,,,,,0.407084,3.7109,directional_volume_boost,1.0,,,0,-2.1903,3082.8031
GLD,tiingo,new_york_equity_open,gold,long,2025-06-05T13:40:00,2025-06-24T13:30:00,312.1724,305.7888,3.185143,994.3138,2.0,,,1.0,,1.0,,,,1.0,,,,,1.308349,4.1516,directional_volume_boost,1.0,,,0,-20.5294,3062.2737
SLV,tiingo,new_york_equity_open,metals,long,2025-06-02T13:35:00,2025-06-24T13:30:00,30.8712,32.5685,67.927415,2096.9991,2.0,,,1.0,,1.0,,,,1.0,,,,,3.815174,1.855,directional_volume_boost,1.0,,,0,114.8612,3177.1348
SOL-USD,binance,new_york_equity_open,crypto,short,2025-06-20T17:25:00,2025-06-28T16:00:00,137.4225,148.8398,6.512735,894.9964,2.0,,,1.0,,1.0,,,,1.0,,,,,0.421613,11.7043,directional_volume_boost,1.0,,,0,-74.5441,3102.5908
BTC-USD,binance,new_york_equity_open,crypto,long,2025-07-02T16:10:00,2025-07-25T03:30:00,109558.8574,115713.7726,0.006944,760.8171,2.0,,,1.0,,1.0,,,,1.0,,,,,0.652673,9.1974,directional_volume_boost,1.0,,,0,42.586,3145.1768
MSTR,tiingo,new_york_equity_open,equity,long,2025-06-27T14:25:00,2025-07-25T13:30:00,395.189,406.0188,5.030717,1988.0843,2.0,,,1.0,,1.0,,,,1.0,,,,,1.372364,2.2467,directional_volume_boost,1.0,,,0,54.0784,3199.2552
COPPER,tiingo,new_york_equity_open,metals,long,2025-06-05T13:35:00,2025-07-30T18:00:00,31.4813,33.8582,0.141245,4.4466,2.0,,,1.0,,1.0,,,,1.0,,,,,0.009526,0.0,base,1.0,,,0,0.3348,3199.59
AMZN,tiingo,new_york_equity_open,equity,long,2025-06-27T13:35:00,2025-08-01T13:30:00,220.3091,222.8554,7.210602,1588.5609,2.0,,,1.0,,1.0,,,,1.0,,,,,2.90755,3.8946,base,1.0,,,0,18.0411,3217.6311
HOOD,tiingo,new_york_equity_open,equity,long,2025-05-08T13:35:00,2025-08-01T13:30:00,52.7405,98.7402,23.563551,1242.7545,2.0,,,1.0,,1.0,,,,1.0,,,,,1.204835,9.0897,directional_volume_boost,1.0,,,0,1083.5606,4301.1917
PAXG-USD,binance,new_york_equity_open,gold,short,2025-07-30T15:20:00,2025-08-04T13:30:00,3310.4178,3379.0757,0.483211,1599.6275,2.0,,,1.0,,1.0,,,,1.0,,,,,2.893027,0.6626,base,1.0,,,0,-33.4995,4267.6922
BTC-USD,binance,hong_kong_open,crypto,long,2025-08-11T02:05:00,2025-08-18T02:15:00,120718.1488,115855.5343,0.00707,853.5386,2.0,,,1.0,,1.0,,,,1.0,,,,,1.019085,11.5244,directional_volume_boost,1.0,,,0,-34.548,4233.1441
ETH-USD,binance,hong_kong_open,crypto,long,2025-08-08T03:25:00,2025-08-20T01:35:00,3954.6308,4066.5265,0.755415,2987.3844,2.0,,,1.0,,1.0,,,,1.0,,,,,1.88433,9.4774,directional_volume_boost,1.0,,,0,83.9218,4317.066
HOOD,tiingo,new_york_equity_open,equity,long,2025-08-08T13:50:00,2025-08-20T13:45:00,113.5427,102.168,18.793285,2133.8404,2.0,,,1.0,,1.0,,,,1.0,,,,,1.798527,2.5102,base,1.0,,,0,-214.174,4102.892
INTC,tiingo,new_york_equity_open,equity,long,2025-08-19T13:45:00,2025-08-20T14:50:00,25.9602,23.3595,30.483294,791.3522,2.0,,,1.0,,1.0,,,,1.0,,,,,1.030452,2.598,directional_volume_boost,1.0,,,0,-79.4275,4023.4645
ETH-USD,binance,new_york_equity_open,crypto,long,2025-08-22T17:15:00,2025-08-26T00:45:00,4813.0024,4330.8359,0.564871,2718.7205,2.0,,,1.0,,1.0,,,,1.0,,,,,3.040258,1.7819,directional_volume_boost,1.0,,,0,-272.8784,3750.5861
SOL-USD,binance,hong_kong_open,crypto,long,2025-08-28T08:05:00,2025-09-22T05:55:00,215.183,230.104,10.351837,2227.5394,2.0,,,1.0,,1.0,,,,1.0,,,,,1.686877,7.3879,directional_volume_boost,1.0,,,0,153.9983,3904.5845
ETH-USD,binance,hong_kong_open,crypto,short,2025-09-25T02:20:00,2025-10-02T01:45:00,4072.2654,4381.7462,0.615072,2504.7364,2.0,,,1.0,,1.0,,,,1.0,,,,,1.549425,3.2753,directional_volume_boost,1.0,,,0,-190.8731,3713.7114
TSLA,tiingo,new_york_equity_open,equity,long,2025-08-11T13:35:00,2025-10-03T17:45:00,340.188,418.8162,5.018056,1707.0825,2.0,,,1.0,,1.0,,,,1.0,,,,,1.838227,3.5114,directional_volume_boost,1.0,,,0,394.1798,4107.8912
ETH-USD,binance,new_york_equity_open,crypto,long,2025-10-06T14:10:00,2025-10-10T15:20:00,4658.1614,4191.5068,0.518789,2416.6061,2.0,,,1.0,,1.0,,,,1.0,,,,,3.12642,3.2878,directional_volume_boost,1.0,,,0,-242.5543,3865.3369
BTC-USD,binance,new_york_equity_open,crypto,long,2025-10-02T13:45:00,2025-10-10T21:10:00,119566.0484,112777.44,0.002545,304.3113,2.0,,,1.0,,1.0,,,,1.0,,,,,0.28297,3.3281,directional_volume_boost,1.0,,,0,-17.3363,3848.0006
COIN,tiingo,new_york_equity_open,equity,long,2025-10-02T13:35:00,2025-10-15T17:10:00,357.8716,335.023,5.188603,1856.8536,2.0,,,1.0,,1.0,,,,1.0,,,,,1.614616,4.5624,base,1.0,,,0,-118.9119,3729.0886
PAXG-USD,binance,hong_kong_open,gold,long,2025-10-13T07:50:00,2025-10-27T11:35:00,4080.4859,4019.196,0.471513,1924.0002,2.0,,,1.0,,1.0,,,,1.0,,,,,3.531876,0.8522,base,1.0,,,0,-29.281,3699.8076
SLV,tiingo,new_york_equity_open,metals,long,2025-08-22T15:10:00,2025-10-27T13:30:00,35.4271,43.2713,79.499431,2816.4331,2.0,,,1.0,,1.0,,,,1.0,,,,,4.966297,2.3117,directional_volume_boost,1.0,,,0,622.9872,4322.7948
PLTR,tiingo,new_york_equity_open,equity,long,2025-10-27T13:35:00,2025-11-06T17:25:00,189.2328,175.015,11.421942,2161.4065,2.0,,,1.0,,1.0,,,,1.0,,,,,1.710944,10.1358,base,1.0,,,0,-162.811,4159.9838
TSLA,tiingo,new_york_equity_open,equity,long,2025-11-03T14:50:00,2025-11-07T14:30:00,467.8435,430.124,1.558487,729.128,2.0,,,1.0,,1.0,,,,1.0,,,,,0.675894,1.306,directional_volume_boost,1.0,,,0,-58.9253,4101.0584
AMZN,tiingo,new_york_equity_open,equity,long,2025-10-28T16:25:00,2025-11-14T14:30:00,229.0758,236.7476,13.2094,3025.9537,2.0,,,1.0,,1.0,,,,1.0,,,,,4.031474,1.352,directional_volume_boost,1.0,,,0,100.7248,4201.7832
BTC-USD,binance,hong_kong_open,crypto,short,2025-11-14T04:35:00,2025-12-03T04:25:00,97713.4634,93110.6184,0.004512,440.88,2.0,,,1.0,,1.0,,,,1.0,,,,,0.612325,7.3489,directional_volume_boost,1.0,,,0,20.683,4222.4662
COIN,tiingo,new_york_equity_open,equity,short,2025-11-14T14:35:00,2025-12-04T16:20:00,272.7554,279.906,7.702457,2100.887,2.0,,,1.0,,1.0,,,,1.0,,,,,1.887242,2.6567,base,1.0,,,0,-55.5027,4166.9635
MSTR,tiingo,new_york_equity_open,equity,short,2025-10-16T16:00:00,2025-12-09T16:05:00,291.5267,190.9982,6.395786,1864.5424,2.0,,,1.0,,1.0,,,,1.0,,,,,1.948211,0.8883,base,1.0,,,0,642.6501,4809.6137
SOL-USD,binance,new_york_equity_open,crypto,short,2025-12-17T17:05:00,2025-12-29T01:40:00,123.0254,129.0758,24.558448,3021.3127,2.0,,,1.0,,1.0,,,,1.0,,,,,1.46409,2.6889,directional_volume_boost,1.0,,,0,-149.2079,4660.4058
TSLA,tiingo,new_york_equity_open,equity,long,2025-12-05T14:35:00,2025-12-29T14:30:00,455.3711,465.6768,5.444114,2479.0916,2.0,,,1.0,,1.0,,,,1.0,,,,,2.435892,2.8406,directional_volume_boost,1.0,,,0,55.6041,4716.0099
PAXG-USD,binance,new_york_equity_open,gold,long,2025-11-12T15:20:00,2025-12-29T15:20:00,4158.6816,4332.2434,0.493073,2050.529,2.0,,,1.0,,1.0,,,,1.0,,,,,3.566787,6.0588,base,1.0,,,0,85.1599,4801.1698
AMZN,tiingo,new_york_equity_open,equity,long,2026-01-02T14:35:00,2026-01-02T15:55:00,233.3067,225.5549,14.405139,3360.8146,2.0,,,1.0,,1.0,,,,1.0,,,,,4.375653,40.0,directional_volume_boost,1.0,,,0,-112.3269,4688.8429
HOOD,tiingo,new_york_equity_open,equity,short,2026-01-02T16:55:00,2026-01-06T14:30:00,112.6775,123.97,20.806573,2344.4319,2.0,,,1.0,,1.0,,,,1.0,,,,,1.98471,0.4603,base,1.0,,,0,-235.4503,4453.3925
ETH-USD,binance,new_york_equity_open,crypto,long,2026-01-05T19:00:00,2026-01-20T14:15:00,3228.9557,3058.0783,1.016487,3282.1897,2.0,,,1.0,,1.0,,,,1.0,,,,,4.140107,1.8757,directional_volume_boost,1.0,,,0,-174.3341,4279.0584
AMZN,tiingo,new_york_equity_open,equity,long,2026-01-06T14:55:00,2026-01-20T14:30:00,236.2922,232.0786,9.423495,2226.6982,2.0,,,1.0,,1.0,,,,1.0,,,,,4.155938,1.9471,base,1.0,,,0,-40.1484,4238.91
INTC,tiingo,new_york_equity_open,equity,long,2026-01-07T14:55:00,2026-01-26T14:30:00,42.2835,43.9012,33.129918,1400.8474,2.0,,,1.0,,1.0,,,,1.0,,,,,1.914201,1.9122,directional_volume_boost,1.0,,,0,53.3093,4292.2193
PPLT,tiingo,new_york_equity_open,metals,long,2025-11-28T14:35:00,2026-01-30T15:45:00,149.7149,205.8088,3.079104,460.9879,2.0,,,1.0,,1.0,,,,1.0,,,,,0.933423,40.0,base,1.0,,,0,172.6095,4464.8289
SLV,tiingo,new_york_equity_open,metals,long,2025-11-28T14:35:00,2026-01-30T17:50:00,49.865,78.7243,12.942622,645.3835,2.0,,,1.0,,1.0,,,,1.0,,,,,0.98544,40.0,directional_volume_boost,1.0,,,0,373.3479,4838.1768
COIN,tiingo,new_york_equity_open,equity,short,2026-01-21T16:45:00,2026-02-20T16:00:00,224.3851,173.8648,9.445618,2119.4559,2.0,,,1.0,,1.0,,,,1.0,,,,,1.996096,1.1952,base,1.0,,,0,476.8196,5314.9965
ETH-USD,binance,new_york_equity_open,crypto,short,2026-01-25T18:30:00,2026-02-25T14:00:00,2854.7289,1966.5732,0.309628,883.9049,2.0,,,1.0,,1.0,,,,1.0,,,,,1.158,2.4782,directional_volume_boost,1.0,,,0,274.849,5589.8455
SOL-USD,binance,new_york_equity_open,crypto,short,2026-01-25T16:05:00,2026-02-25T14:05:00,123.8552,84.1968,17.112385,2119.4584,2.0,,,1.0,,1.0,,,,1.0,,,,,1.59009,23.7326,base,1.0,,,0,678.2931,6268.1385
PAXG-USD,binance,new_york_equity_open,gold,long,2026-02-21T14:35:00,2026-02-25T14:15:00,5143.7685,5200.4597,0.578899,2977.7313,2.0,,,1.0,,1.0,,,,1.0,,,,,3.576212,2.2989,directional_volume_boost,1.0,,,0,32.2195,6300.3581
PLTR,tiingo,new_york_equity_open,equity,short,2026-01-28T16:55:00,2026-02-27T20:55:00,160.8428,137.2374,9.306005,1496.8042,2.0,,,1.0,,1.0,,,,1.0,,,,,0.928053,1.3641,directional_volume_boost,1.0,,,0,219.3942,6519.7523
TSLA,tiingo,new_york_equity_open,equity,short,2026-02-05T14:35:00,2026-02-27T20:55:00,398.5153,402.4705,5.242194,2089.0948,2.0,,,1.0,,1.0,,,,1.0,,,,,2.829346,3.5669,base,1.0,,,0,-21.1536,6498.5987
PPLT,tiingo,new_york_equity_open,metals,long,2026-02-27T14:35:00,2026-03-02T16:25:00,213.9228,207.8934,20.616068,4410.2465,2.0,,,1.0,,1.0,,,,1.0,,,,,5.372712,3.8486,directional_volume_boost,1.0,,,0,-125.1718,6373.4269
