strategy,start,end,final_value,total_contributed,profit,profit_on_contributed,xirr,cagr_on_contributed,max_drawdown_on_account_value,start_label,risk_off_months,neutral_months,risk_on_months,out_of_risk_off_deploys,total_riskoff_reserved_contrib,total_deployed_cash,ending_reserve_cash,ending_long_value,entry_period,exit_period,short_leverage,risk_off_days,short_entries,short_exits,short_forced_exit_out_of_risk_off,short_wipeouts,short_days,total_short_entry_cash,total_short_exit_cash,total_short_borrow_cost,ending_short_equity,total_short_pnl,short_win_rate,avg_short_trade_pnl,avg_short_trade_return_on_entry_cash,final_delta_vs_plain_dca,final_delta_vs_no_short_reserve
GMM risk_off reserve; 20pct reserve short 1x Donchian40_20; deploy out of risk_off,2007-05-31,2026-04-06,1704912.9617433008,237000.0,1467912.9617433008,6.193725576975953,0.17526728840892303,0.11035408830079207,-0.34309932033431334,comparable_2007_05_31,30.0,128.0,70.0,3.0,30000.0,29327.529255851503,1000.0,1703912.9617433008,40.0,20.0,1.0,637.0,6.0,6.0,0.0,0.0,218.0,10549.688009605943,10877.21726545744,0.0,0.0,327.5292558514999,0.3333333333333333,54.588209308583316,-0.004281643765117342,262.676046601031,6001.923581045587
Plain DCA 100% QQQ,2007-05-31,2026-04-06,1704650.2856966997,237000.0,1467650.2856966997,6.192617239226581,0.1752545999935423,0.11034501223327742,-0.39072568595489787,comparable_2007_05_31,,,,,,,,,,,,,,,,,,,,,,,,,,0.0,5739.247534444556
GMM risk_off reserve; 20pct reserve short 2x Donchian40_20; deploy out of risk_off,2007-05-31,2026-04-06,1702033.8167435704,237000.0,1465033.8167435704,6.181577285837849,0.17512810296918674,0.11025453478703051,-0.34308609412130286,comparable_2007_05_31,30.0,128.0,70.0,3.0,30000.0,29129.24492265192,1000.0,1701033.8167435704,40.0,20.0,2.0,637.0,6.0,6.0,0.0,0.0,218.0,10584.01035508196,10713.25527773388,117.18393751350483,0.0,129.24492265192112,0.3333333333333333,21.540820441986853,-0.04602507644079512,-2616.4689531293698,3122.778581315186
GMM risk_off reserve no short; deploy out of risk_off,2007-05-31,2026-04-06,1698911.0381622552,237000.0,1461911.0381622552,6.16840100490403,0.17497686533278473,0.11014637659960291,-0.34307169561989515,comparable_2007_05_31,30.0,128.0,70.0,3.0,30000.0,29000.0,1000.0,1697911.0381622552,,,,,,,,,,,,,,,,,,-5739.247534444556,0.0
GMM risk_off reserve; 20pct reserve short 1x Donchian60_30; deploy out of risk_off,2007-05-31,2026-04-06,1697826.265233984,237000.0,1460826.265233984,6.163823903940861,0.17492426227651392,0.11010876116741586,-0.34306668096721493,comparable_2007_05_31,30.0,128.0,70.0,3.0,30000.0,28906.412697232052,1000.0,1696826.265233984,60.0,30.0,1.0,637.0,5.0,5.0,0.0,0.0,216.0,8527.964645267057,8434.377342499105,0.0,0.0,-93.58730276795,0.4,-18.71746055359,-0.035583485093998155,-6824.0204627157655,-1084.7729282712098
GMM risk_off reserve; 20pct reserve short 3x Donchian40_20; deploy out of risk_off,2007-05-31,2026-04-06,1690760.5361539146,237000.0,1453760.5361539146,6.13401070107137,0.1745807801551758,0.10986319260836996,-0.3430338527797274,comparable_2007_05_31,30.0,128.0,70.0,3.0,30000.0,28438.491701099425,1000.0,1689760.5361539146,40.0,20.0,3.0,637.0,6.0,6.0,0.0,0.0,218.0,10507.506321056835,9945.998022156256,245.07250899734797,0.0,-561.5082989005786,0.3333333333333333,-93.58471648342976,-0.11903898271195608,-13889.74954278511,-8150.502008340554
GMM risk_off reserve; 20pct reserve short 2x Donchian60_30; deploy out of risk_off,2007-05-31,2026-04-06,1689809.5943807422,237000.0,1452809.5943807422,6.129998288526338,0.174534439755114,0.1098300685736866,-0.3430294126344309,comparable_2007_05_31,30.0,128.0,70.0,3.0,30000.0,28402.935611039284,1000.0,1688809.5943807422,60.0,30.0,2.0,637.0,5.0,5.0,0.0,0.0,216.0,8557.639622216244,7960.575233255533,103.81900599784994,0.0,-597.0643889607118,0.4,-119.41287779214235,-0.10811265395380001,-14840.691315957578,-9101.443781513022
GMM risk_off reserve; 20pct reserve short 1x Donchian20_10; deploy out of risk_off,2007-05-31,2026-04-06,1688146.519551149,237000.0,1451146.519551149,6.122981095152528,0.17445333176020578,0.1097720964456892,-0.34302163479292747,comparable_2007_05_31,30.0,128.0,70.0,3.0,30000.0,28355.55720505489,1000.0,1687146.519551149,20.0,10.0,1.0,637.0,10.0,10.0,0.0,0.0,215.0,22920.362815514083,22275.920020568978,0.0,0.0,-644.4427949451078,0.3,-64.44427949451078,-0.01932619527835202,-16503.766145550646,-10764.51861110609
GMM risk_off reserve; 20pct reserve short 3x Donchian60_30; deploy out of risk_off,2007-05-31,2026-04-06,1675428.0045183462,237000.0,1438428.0045183462,6.069316474760955,0.17383031596964954,0.10932695258863134,-0.3429616178788818,comparable_2007_05_31,30.0,128.0,70.0,3.0,30000.0,27528.33136690829,1000.0,1674428.0045183462,60.0,30.0,3.0,637.0,5.0,5.0,0.0,0.0,216.0,8486.372910299659,7014.704277207951,216.09777458053648,0.0,-1471.6686330917078,0.4,-294.33372661834153,-0.21003513793336587,-29222.281178353587,-23483.03364390903
GMM risk_off reserve; 20pct reserve short 2x Donchian20_10; deploy out of risk_off,2007-05-31,2026-04-06,1671898.7331715508,237000.0,1434898.7331715508,6.0544250344791175,0.17365657100993115,0.10920286205457219,-0.3429447940765804,comparable_2007_05_31,30.0,128.0,70.0,3.0,30000.0,27381.139248489075,1000.0,1670898.7331715508,20.0,10.0,2.0,637.0,10.0,10.0,0.0,0.0,215.0,22755.300749387534,21136.439997876612,106.38482576053016,0.0,-1618.8607515109284,0.2,-161.88607515109283,-0.057760215457793106,-32751.55252514896,-27012.304990704404
GMM risk_off reserve; 20pct reserve short 3x Donchian20_10; deploy out of risk_off,2007-05-31,2026-04-06,1651392.547331936,237000.0,1414392.547331936,5.967901043594667,0.17263951926310356,0.10847691141413018,-0.34284555014948426,comparable_2007_05_31,30.0,128.0,70.0,3.0,30000.0,26152.457060386252,1000.0,1650392.547331936,20.0,10.0,3.0,637.0,10.0,10.0,0.0,0.0,215.0,22320.509129019338,19472.966189405597,220.06059377520316,0.0,-2847.5429396137447,0.2,-284.75429396137446,-0.11212865468748476,-53257.73836476379,-47518.490830319235
GMM risk_off reserve; 20pct reserve short 1x Donchian60_30; deploy out of risk_off,2000-09-05,2026-04-06,3326333.139180381,317000.0,3009333.139180381,9.493164476909719,0.15002521777880395,0.09624209296150688,-0.4255060188973434,first_shifted_gmm_regime,61.0,162.0,85.0,4.0,61000.0,60417.61718509244,1000.0,3325333.139180381,60.0,30.0,1.0,1284.0,9.0,9.0,0.0,0.0,618.0,20341.94018826016,20759.55737335259,0.0,0.0,417.6171850924348,0.5555555555555556,46.401909454714975,0.020665632730982098,161597.98255071882,11912.984247488435
GMM risk_off reserve no short; deploy out of risk_off,2000-09-05,2026-04-06,3314420.1549328924,317000.0,2997420.1549328924,9.455584084961806,0.14981710496964606,0.09608835996311949,-0.43484658373631324,first_shifted_gmm_regime,61.0,162.0,85.0,4.0,61000.0,60000.0,1000.0,3313420.1549328924,,,,,,,,,,,,,,,,,,149684.9983032304,0.0
GMM risk_off reserve; 20pct reserve short 1x Donchian40_20; deploy out of risk_off,2000-09-05,2026-04-06,3312663.614083483,317000.0,2995663.614083483,9.450042946635593,0.14978635394952777,0.09606564749867141,-0.4241592914326868,first_shifted_gmm_regime,61.0,162.0,85.0,4.0,61000.0,60022.38723926188,1000.0,3311663.614083483,40.0,20.0,1.0,1284.0,13.0,13.0,0.0,0.0,581.0,31390.30531342016,31412.69255268204,0.0,0.0,22.387239261882087,0.46153846153846156,1.7220953278370836,0.010584453041282305,147928.45745382085,-1756.5408494095318
GMM risk_off reserve; 20pct reserve short 2x Donchian60_30; deploy out of risk_off,2000-09-05,2026-04-06,3307790.8519220236,317000.0,2990790.8519220236,9.434671457167267,0.14970096038368963,0.09600258096641046,-0.4145191201958718,first_shifted_gmm_regime,61.0,162.0,85.0,4.0,61000.0,59500.16542072777,1000.0,3306790.8519220236,60.0,30.0,2.0,1284.0,9.0,9.0,0.0,0.0,618.0,20353.160676295298,19853.326097023073,351.3169469949499,0.0,-499.83457927222526,0.3333333333333333,-55.53717547469169,-0.04771609942675645,143055.69529236155,-6629.30301086884
GMM risk_off reserve; 20pct reserve short 1x Donchian20_10; deploy out of risk_off,2000-09-05,2026-04-06,3307579.233980117,317000.0,2990579.233980117,9.434003892681757,0.1496972489072701,0.0959998400438491,-0.4295524011078371,first_shifted_gmm_regime,61.0,162.0,85.0,4.0,61000.0,59509.87311543654,1000.0,3306579.233980117,20.0,10.0,1.0,1284.0,21.0,21.0,0.0,0.0,531.0,56772.473416995155,56282.34653243171,0.0,0.0,-490.126884563462,0.42857142857142855,-23.33937545540295,0.003154578596379639,142844.07735045487,-6840.920952775516
GMM risk_off reserve; 20pct reserve short 2x Donchian40_20; deploy out of risk_off,2000-09-05,2026-04-06,3281046.80937991,317000.0,2964046.80937991,9.350305392365646,0.14922995560477303,0.09565484413338865,-0.4118882772324659,first_shifted_gmm_regime,61.0,162.0,85.0,4.0,61000.0,58693.84478440681,1000.0,3280046.80937991,40.0,20.0,2.0,1284.0,13.0,13.0,0.0,0.0,581.0,31167.447214181873,29861.29199858869,333.76645298558947,0.0,-1306.1552155931868,0.38461538461538464,-100.47347812255283,-0.03678865683504692,116311.65275024809,-33373.3455529823
GMM risk_off reserve; 20pct reserve short 2x Donchian20_10; deploy out of risk_off,2000-09-05,2026-04-06,3274944.943549793,317000.0,2957944.943549793,9.331056604258023,0.14912193686139635,0.09557512368471643,-0.42515243960059346,first_shifted_gmm_regime,61.0,162.0,85.0,4.0,61000.0,57890.97055296535,1000.0,3273944.943549793,20.0,10.0,2.0,1284.0,21.0,21.0,0.0,0.0,531.0,56759.516142981374,54650.48669594671,302.5769809903716,0.0,-2109.029447034658,0.38095238095238093,-100.42997366831705,-0.020991116431852443,110209.78692013118,-39475.2113830992
GMM risk_off reserve; 20pct reserve short 3x Donchian60_30; deploy out of risk_off,2000-09-05,2026-04-06,3263433.3464936097,317000.0,2946433.3464936097,9.294742417960913,0.1489175849445234,0.0954243360777407,-0.4038507642046818,first_shifted_gmm_regime,61.0,162.0,85.0,4.0,61000.0,57446.60219483872,1000.0,3262433.3464936097,60.0,30.0,3.0,1284.0,9.0,9.0,0.0,0.0,618.0,20067.897363544023,17514.499558382744,721.9650057422292,0.0,-2553.3978051612785,0.3333333333333333,-283.7108672401421,-0.18108727821902082,98698.18986394769,-50986.8084392827
GMM risk_off reserve; 20pct reserve short 3x Donchian40_20; deploy out of risk_off,2000-09-05,2026-04-06,3226303.316205231,317000.0,2909303.316205231,9.177612984874546,0.14825334953633978,0.09493447197128124,-0.40012890193242556,first_shifted_gmm_regime,61.0,162.0,85.0,4.0,61000.0,56293.399078126866,1000.0,3225303.316205231,40.0,20.0,3.0,1284.0,13.0,13.0,0.0,0.0,581.0,30436.021515019907,26729.420593146766,679.8527857239937,0.0,-3706.6009218731406,0.23076923076923078,-285.12314783639545,-0.13265471450241756,61568.15957556898,-88116.83872766141
GMM risk_off reserve; 20pct reserve short 3x Donchian20_10; deploy out of risk_off,2000-09-05,2026-04-06,3221583.4953394206,317000.0,2904583.4953394206,9.162723960061264,0.14816834941598128,0.09487181472829698,-0.4221772849177976,first_shifted_gmm_regime,61.0,162.0,85.0,4.0,61000.0,55370.084075565275,1000.0,3220583.4953394206,20.0,10.0,3.0,1284.0,21.0,21.0,0.0,0.0,531.0,55828.89626587708,51198.980341442344,625.2377327976798,0.0,-4629.915924434727,0.2857142857142857,-220.4721868778441,-0.0692025018315224,56848.338709758595,-92836.65959347179
Plain DCA 100% QQQ,2000-09-05,2026-04-06,3164735.156629662,317000.0,2847735.156629662,8.983391661292309,0.14713432812852634,0.09411012478706482,-0.4797616245659637,first_shifted_gmm_regime,,,,,,,,,,,,,,,,,,,,,,,,,,0.0,-149684.9983032304
