ticker,source,session_open,asset_bucket,direction,entry_ts,exit_ts,entry_price,exit_price,shares,notional,entry_exposure_mult,entry_sentiment_score,direct_sentiment_score,direct_sentiment_size_mult,intraday_vol_proxy_regime,intraday_vol_proxy_mult,intraday_vol_proxy_signal_age_min,intraday_vol_proxy_close,ext_hours_proxy_regime,ext_hours_proxy_mult,ext_hours_proxy_source,ext_hours_proxy_score,volatility_persistence_regime,volatility_persistence_mult,volatility_persistence_ratio,volatility_persistence_vix_rel,volatility_persistence_vixy_rel,volatility_persistence_signal_age_min,scale,entry_rel_volume,rel_volume_ratio,conviction_mult,breakout_penetration,directional_close_score,risk_model,performance_risk_mult,performance_score,performance_rank_pct,performance_peer_count,technical_ema_regime,technical_ema_mult,technical_adx_value,technical_adx_mult,net_pnl,equity_after_exit
COPPER,tiingo,new_york_equity_open,metals,long,2022-02-09T19:20:00,2022-02-23T19:45:00,28.1856,27.1646,24.835874,700.0149,3.0,,,1.0,,1.0,,,neutral_micro,1.0,VIX_daily,21.44,,1.0,,,,,1.000021,40.0,2.8578,1.0,0.0,0.0,directional_volume_boost,1.0,,,0,above_ema,1.0,,1.0,-25.4957,974.5043
ETH-USD,binance,hong_kong_open,crypto,short,2022-02-22T03:10:00,2022-02-25T22:45:00,2532.8533,2786.6959,0.157926,400.004,3.0,,,1.0,,1.0,,,risk_off_micro,1.0,CryptoFG,25.0,,1.0,,,,,0.571434,4.0409,2.1029,1.0,0.0,0.0,directional_volume_boost,1.0,,,0,,1.0,,1.0,-40.1724,934.3319
PAXG-USD,binance,new_york_equity_open,gold,long,2022-02-20T15:00:00,2022-02-28T09:15:00,1932.3864,1880.6238,0.181123,350.0001,3.0,,,1.0,,1.0,,,risk_off_micro,0.5,VIX_daily,27.75,,1.0,,,,,0.5,8.114,2.1648,1.0,0.0,0.0,directional_volume_boost,1.0,,,0,,1.0,,1.0,-9.4445,924.8874
SOL-USD,binance,hong_kong_open,crypto,short,2022-02-20T03:35:00,2022-02-28T15:15:00,88.2323,96.3893,5.666811,499.996,3.0,,,1.0,,1.0,,,risk_off_micro,1.0,CryptoFG,25.0,,1.0,,,,,0.999992,5.5783,1.6212,1.0,0.0,0.0,base,1.0,,,0,,1.0,,1.0,-46.3286,878.5588
NVDA,tiingo,new_york_equity_open,equity,short,2022-03-08T15:05:00,2022-03-09T15:15:00,207.4485,228.239,2.11753,439.2783,3.0,,,1.0,,1.0,,,risk_off_micro,1.0,VIX_daily,36.45,,1.0,,,,,0.878557,0.9764,0.7865,1.0,0.0,0.0,base,1.0,,,0,below_ema,1.0,,1.0,-44.1168,834.442
META,tiingo,new_york_equity_open,equity,short,2022-02-22T14:35:00,2022-03-18T13:30:00,203.9642,208.0566,2.451413,500.0005,3.0,,,1.0,,1.0,,,risk_off_micro,1.0,VIX_daily,27.75,,1.0,,,,,1.000001,40.0,2.8571,1.0,0.0,0.0,base,1.0,,,0,below_ema,1.0,,1.0,-10.1332,824.3088
GOOGL,tiingo,new_york_equity_open,equity,short,2022-02-24T14:35:00,2022-03-18T14:10:00,2527.9593,2681.9063,0.192745,487.2522,3.0,,,1.0,,1.0,,,risk_off_micro,1.0,VIX_daily,31.02,,1.0,,,,,0.974504,5.7828,1.4473,1.0,0.0,0.0,base,1.0,,,0,below_ema,1.0,,1.0,-29.773,794.5358
COPPER,tiingo,new_york_equity_open,metals,long,2022-03-03T14:35:00,2022-04-01T14:30:00,28.9958,28.5443,10.604759,307.4935,3.0,,,1.0,,1.0,,,risk_off_micro,0.5,VIX_daily,30.74,,1.0,,,,,0.450769,2.8263,0.679,1.0,0.0,0.0,directional_volume_boost,1.0,,,0,above_ema,1.0,,1.0,-4.8491,789.6866
BTC-USD,binance,new_york_equity_open,crypto,long,2022-03-24T15:00:00,2022-04-06T13:45:00,43590.8264,44191.16,0.012759,556.1751,3.0,,,1.0,,1.0,,,neutral_micro,1.0,CryptoFG,31.0,,1.0,,,,,0.794536,3.1008,1.1927,1.0,0.0,0.0,directional_volume_boost,1.0,,,0,,1.0,,1.0,7.5475,797.2341
ETH-USD,binance,new_york_equity_open,crypto,long,2022-03-24T15:05:00,2022-04-11T09:15:00,3087.1973,3142.5214,0.051473,158.9072,3.0,,,1.0,,1.0,,,neutral_micro,1.0,CryptoFG,31.0,,1.0,,,,,0.22701,3.173,1.1127,1.0,0.0,0.0,directional_volume_boost,1.0,,,0,,1.0,,1.0,2.8156,800.0497
COPPER,tiingo,new_york_equity_open,metals,long,2022-04-04T15:05:00,2022-04-11T13:35:00,29.1858,28.4843,18.94055,552.7958,3.0,,,1.0,,1.0,,,neutral_micro,1.0,VIX_daily,19.63,,1.0,,,,,0.819414,15.8604,2.9996,1.0,0.0,0.0,directional_volume_boost,1.0,,,0,above_ema,1.0,,1.0,-13.396,786.6537
BTC-USD,binance,hong_kong_open,crypto,short,2022-04-18T04:20:00,2022-04-21T10:15:00,38938.1708,42358.7601,0.008081,314.6612,3.0,,,1.0,,1.0,,,risk_off_micro,1.0,CryptoFG,28.0,,1.0,,,,,0.483507,15.5838,2.3425,1.0,0.0,0.0,directional_volume_boost,1.0,,,0,,1.0,,1.0,-27.707,758.9467
PAXG-USD,binance,new_york_equity_open,gold,long,2022-04-12T14:55:00,2022-04-21T11:45:00,1973.3946,1939.612,0.27904,550.6575,3.0,,,1.0,,1.0,,,neutral_micro,1.0,VIX_daily,24.37,,1.0,,,,,0.801799,3.9298,2.2595,1.0,0.0,0.0,directional_volume_boost,1.0,,,0,,1.0,,1.0,-9.536,749.4108
META,tiingo,new_york_equity_open,equity,short,2022-04-21T14:15:00,2022-05-04T17:55:00,198.2303,214.898,1.890246,374.7041,3.0,,,1.0,,1.0,,,neutral_micro,1.0,VIX_daily,20.32,,1.0,,,,,0.75708,0.8056,0.7294,1.0,0.0,0.0,base,1.0,,,0,below_ema,1.0,,1.0,-31.5841,717.8267
PAXG-USD,binance,new_york_equity_open,gold,short,2022-05-02T13:50:00,2022-05-12T07:00:00,1857.6284,1910.382,0.016284,30.2502,3.0,,,1.0,,1.0,,,risk_off_micro,1.0,VIX_daily,33.4,,1.0,,,,,0.044587,4.8846,1.8919,1.0,0.0,0.0,directional_volume_boost,1.0,,,0,,1.0,,1.0,-0.8652,716.9615
COPPER,tiingo,new_york_equity_open,metals,short,2022-05-09T13:35:00,2022-05-20T13:45:00,25.2949,26.0702,11.442093,289.427,3.0,,,1.0,,1.0,,,risk_off_micro,1.0,VIX_daily,30.19,,1.0,,,,,0.449318,30.0671,2.0583,1.0,0.0,0.0,directional_volume_boost,1.0,,,0,below_ema,1.0,,1.0,-8.93,708.0315
PAXG-USD,binance,hong_kong_open,gold,short,2022-05-16T07:55:00,2022-05-23T04:15:00,1792.6414,1859.3718,0.015572,27.9142,3.0,,,1.0,,1.0,,,risk_off_micro,1.0,VIX_daily,28.87,,1.0,,,,,0.042099,5.176,1.1742,1.0,0.0,0.0,directional_volume_boost,1.0,,,0,,1.0,,1.0,-1.0448,706.9867
NVDA,tiingo,new_york_equity_open,equity,short,2022-04-12T19:10:00,2022-05-27T13:30:00,213.0174,183.5767,1.846458,393.3276,3.0,,,1.0,,1.0,,,neutral_micro,1.0,VIX_daily,24.37,,1.0,,,,,0.828246,0.9568,0.992,1.0,0.0,0.0,base,1.0,,,0,below_ema,1.0,,1.0,54.2878,761.2745
BTC-USD,binance,hong_kong_open,crypto,short,2022-04-25T07:05:00,2022-05-30T06:15:00,38266.1452,30783.4855,0.009403,359.8085,3.0,,,1.0,,1.0,,,risk_off_micro,1.0,CryptoFG,24.0,,1.0,,,,,0.589197,10.8851,1.7924,1.0,0.0,0.0,directional_volume_boost,1.0,,,0,,1.0,,1.0,70.2944,831.5689
GOOGL,tiingo,new_york_equity_open,equity,short,2022-04-14T19:55:00,2022-06-01T13:30:00,2535.8827,2314.4128,0.217147,550.6575,3.0,,,1.0,,1.0,,,neutral_micro,1.0,VIX_daily,21.82,,1.0,,,,,0.811445,6.1309,1.6739,1.0,0.0,0.0,directional_volume_boost,1.0,,,0,below_ema,1.0,,1.0,47.9861,879.555
ETH-USD,binance,hong_kong_open,crypto,short,2022-04-18T04:20:00,2022-06-26T11:40:00,2907.4484,1257.0214,0.108226,314.6612,3.0,,,1.0,,1.0,,,risk_off_micro,1.0,CryptoFG,28.0,,1.0,,,,,0.482642,13.6084,1.8624,1.0,0.0,0.0,directional_volume_boost,1.0,,,0,,1.0,,1.0,178.5737,1058.1287
NVDA,tiingo,new_york_equity_open,equity,short,2022-06-13T14:45:00,2022-06-27T13:30:00,157.1686,171.4143,3.917392,615.6909,3.0,,,1.0,,1.0,,,risk_off_micro,1.0,VIX_daily,27.75,,1.0,,,,,0.866278,2.1472,1.0665,1.0,0.0,0.0,directional_volume_boost,1.0,,,0,below_ema,1.0,,1.0,-55.9346,1002.1941
META,tiingo,new_york_equity_open,equity,short,2022-06-10T15:40:00,2022-07-07T16:10:00,175.8148,171.6943,3.50191,615.6878,3.0,,,1.0,,1.0,,,risk_off_micro,1.0,VIX_daily,26.09,,1.0,,,,,0.927654,2.8342,1.175,1.0,0.0,0.0,directional_volume_boost,1.0,,,0,below_ema,1.0,,1.0,14.3078,1016.5019
BTC-USD,binance,hong_kong_open,crypto,short,2022-06-12T02:30:00,2022-07-07T19:30:00,27890.7107,21544.158,0.0171,476.9383,3.0,,,1.0,,1.0,,,risk_off_micro,1.0,CryptoFG,12.0,,1.0,,,,,0.687043,11.5011,2.4324,1.0,0.0,0.0,directional_volume_boost,1.0,,,0,,1.0,,1.0,108.4447,1124.9465
NVDA,tiingo,new_york_equity_open,equity,short,2022-06-29T13:45:00,2022-07-18T13:30:00,151.9996,160.3921,4.615367,701.534,3.0,,,1.0,,1.0,,,risk_off_micro,1.0,VIX_daily,28.36,,1.0,,,,,1.054094,3.9436,1.0871,1.0,0.0,0.0,directional_volume_boost,1.0,,,0,below_ema,1.0,,1.0,-38.8786,1086.068
PAXG-USD,binance,new_york_equity_open,gold,short,2022-06-14T14:15:00,2022-07-27T19:05:00,1818.6362,1734.3468,0.193453,351.8204,3.0,,,1.0,,1.0,,,risk_off_micro,1.0,VIX_daily,34.02,,1.0,,,,,0.74082,1.678,1.1212,1.0,0.0,0.0,base,1.0,,,0,,1.0,,1.0,16.2373,1102.3053
GOOGL,tiingo,new_york_equity_open,equity,short,2022-07-18T13:35:00,2022-08-01T15:00:00,112.2675,116.7233,4.836941,543.0316,3.0,,,1.0,,1.0,,,neutral_micro,1.0,VIX_daily,24.23,,1.0,,,,,1.055881,15.2635,1.8778,1.0,0.0,0.0,base,1.0,,,0,below_ema,1.0,,1.0,-21.6634,1080.6419
SOL-USD,binance,new_york_equity_open,crypto,short,2022-08-20T19:10:00,2022-09-06T15:50:00,35.063,33.5667,21.574012,756.4493,3.0,,,1.0,,1.0,,,neutral_micro,1.0,CryptoFG,33.0,,1.0,,,,,0.879362,4.5276,1.4481,1.0,0.0,0.0,directional_volume_boost,1.0,,,0,below_ema,1.0,,1.0,32.1329,1112.7747
BTC-USD,binance,new_york_equity_open,crypto,short,2022-08-26T15:20:00,2022-09-09T05:30:00,20706.7078,20580.3652,0.010437,216.1284,3.0,,,1.0,,1.0,,,risk_off_micro,1.0,CryptoFG,25.0,,1.0,,,,,0.235169,2.267,1.2664,1.0,0.0,0.0,directional_volume_boost,1.0,,,0,below_ema,1.0,,1.0,1.2756,1114.0503
PAXG-USD,binance,hong_kong_open,gold,short,2022-08-29T02:05:00,2022-09-12T11:35:00,1718.6562,1725.345,0.314385,540.321,3.0,,,1.0,,1.0,,,risk_off_micro,1.0,VIX_daily,25.56,,1.0,,,,,1.142252,0.3653,0.4909,1.0,0.0,0.0,base,1.0,,,0,below_ema,1.0,,1.0,-2.2112,1111.8392
GOOGL,tiingo,new_york_equity_open,equity,short,2022-08-26T14:35:00,2022-09-12T13:30:00,112.6025,111.0122,4.798503,540.3233,3.0,,,1.0,,1.0,,,neutral_micro,1.0,VIX_daily,21.78,,1.0,,,,,1.071998,1.1718,0.8801,1.0,0.0,0.0,base,1.0,,,0,below_ema,1.0,,1.0,7.5238,1119.363
META,tiingo,new_york_equity_open,equity,short,2022-08-30T14:35:00,2022-09-12T13:40:00,157.2036,169.5189,2.06224,324.1914,3.0,,,1.0,,1.0,,,risk_off_micro,1.0,VIX_daily,26.21,,1.0,,,,,0.480639,3.1635,1.8994,1.0,0.0,0.0,directional_volume_boost,1.0,,,0,below_ema,1.0,,1.0,-25.4645,1093.8985
PAXG-USD,binance,new_york_equity_open,gold,short,2022-09-15T14:35:00,2022-10-03T14:05:00,1675.6648,1670.334,0.45697,765.7288,3.0,,,1.0,,1.0,,,risk_off_micro,1.0,VIX_daily,26.16,,1.0,,,,,1.150513,5.5971,1.4341,1.0,0.0,0.0,directional_volume_boost,1.0,,,0,below_ema,1.0,,1.0,2.2831,1096.1816
NVDA,tiingo,new_york_equity_open,equity,short,2022-08-26T16:20:00,2022-10-06T13:30:00,166.9866,133.2366,3.235706,540.3196,3.0,,,1.0,,1.0,,,neutral_micro,1.0,VIX_daily,21.78,,1.0,,,,,1.182477,0.7951,1.0045,1.0,0.0,0.0,base,1.0,,,0,below_ema,1.0,,1.0,109.1078,1205.2894
GOOGL,tiingo,new_york_equity_open,equity,short,2022-09-13T14:40:00,2022-10-06T13:35:00,105.6389,101.9504,7.248546,765.7282,3.0,,,1.0,,1.0,,,neutral_micro,1.0,VIX_daily,23.87,,1.0,,,,,1.07764,1.3531,1.1572,1.0,0.0,0.0,directional_volume_boost,1.0,,,0,below_ema,1.0,,1.0,26.5858,1231.8752
GOOGL,tiingo,new_york_equity_open,equity,short,2022-10-13T13:35:00,2022-10-18T13:30:00,95.111,102.9506,6.475989,615.9376,3.0,,,1.0,,1.0,,,risk_off_micro,1.0,VIX_daily,33.57,,1.0,,,,,1.184772,4.9771,1.1761,1.0,0.0,0.0,base,1.0,,,0,below_ema,1.0,,1.0,-50.8973,1180.9778
ETH-USD,binance,new_york_equity_open,crypto,short,2022-09-16T16:35:00,2022-10-23T22:00:00,1421.4756,1343.3886,0.23553,334.8007,3.0,,,1.0,,1.0,,,risk_off_micro,1.0,CryptoFG,28.0,,1.0,,,,,0.525185,1.343,0.8634,1.0,0.0,0.0,base,1.0,,,0,below_ema,1.0,,1.0,18.3268,1199.3046
NVDA,tiingo,new_york_equity_open,equity,short,2022-10-10T13:35:00,2022-10-25T13:30:00,119.4061,127.7155,7.221686,862.3133,3.0,,,1.0,,1.0,,,risk_off_micro,1.0,VIX_daily,31.36,,1.0,,,,,1.224348,1.8961,0.7248,1.0,0.0,0.0,directional_volume_boost,1.0,,,0,below_ema,1.0,,1.0,-60.1866,1139.118
SOL-USD,binance,hong_kong_open,crypto,short,2022-10-13T06:45:00,2022-10-25T17:00:00,30.3639,31.4863,20.285109,615.9356,3.0,,,1.0,,1.0,,,risk_off_micro,1.0,CryptoFG,20.0,,1.0,,,,,1.055834,4.8572,1.7794,1.0,0.0,0.0,base,1.0,,,0,below_ema,1.0,,1.0,-22.8933,1116.2246
META,tiingo,new_york_equity_open,equity,short,2022-09-13T18:25:00,2022-10-25T19:25:00,155.7638,137.8376,3.511396,546.9485,3.0,,,1.0,,1.0,,,neutral_micro,1.0,VIX_daily,23.87,,1.0,,,,,1.201304,0.464,0.8263,1.0,0.0,0.0,base,1.0,,,0,below_ema,1.0,,1.0,62.8431,1179.0677
PAXG-USD,binance,new_york_equity_open,gold,short,2022-10-19T15:20:00,2022-10-26T07:25:00,1625.6748,1662.3324,0.363227,590.4888,3.0,,,1.0,,1.0,,,risk_off_micro,1.0,VIX_daily,30.5,,1.0,,,,,1.239512,21.5504,2.9072,1.0,0.0,0.0,base,1.0,,,0,below_ema,1.0,,1.0,-13.4345,1165.6332
META,tiingo,new_york_equity_open,equity,short,2022-10-27T13:35:00,2022-11-10T14:30:00,99.2551,104.911,5.871851,582.8113,3.0,,,1.0,,1.0,,,risk_off_micro,1.0,VIX_daily,27.28,,1.0,,,,,1.210528,16.1676,2.4638,1.0,0.0,0.0,base,1.0,,,0,below_ema,1.0,,1.0,-33.3303,1132.3029
GOOGL,tiingo,new_york_equity_open,equity,short,2022-10-27T13:40:00,2022-11-11T18:20:00,93.7612,96.5693,8.702276,815.9363,3.0,,,1.0,,1.0,,,risk_off_micro,1.0,VIX_daily,27.28,,1.0,,,,,1.169369,1.9361,0.7295,1.0,0.0,0.0,directional_volume_boost,1.0,,,0,below_ema,1.0,,1.0,-24.6026,1107.7003
SOL-USD,binance,hong_kong_open,crypto,short,2022-11-09T07:45:00,2022-11-26T10:50:00,19.7461,14.963,41.322056,815.9474,3.0,,,1.0,,1.0,,,neutral_micro,1.0,CryptoFG,31.0,,1.0,,,,,1.071772,1.7071,1.3336,1.0,0.0,0.0,directional_volume_boost,1.0,,,0,below_ema,1.0,,1.0,197.5045,1305.2048
SOL-USD,binance,new_york_equity_open,crypto,short,2022-12-16T16:25:00,2023-01-03T06:25:00,12.7175,12.0024,51.317506,652.6281,3.0,,,1.0,,1.0,,,neutral_micro,1.0,CryptoFG,31.0,,1.0,,,,,1.351405,7.232,2.0715,1.0,0.0,0.0,base,1.0,,,0,below_ema,1.0,,1.0,36.5702,1341.7751
GOOGL,tiingo,new_york_equity_open,equity,short,2022-12-12T15:10:00,2023-01-03T14:30:00,92.6915,90.233,7.040626,652.6059,3.0,,,1.0,,1.0,,,neutral_micro,1.0,VIX_daily,22.83,,1.0,,,,,1.337639,0.3788,0.5711,1.0,0.0,0.0,base,1.0,,,0,below_ema,1.0,,1.0,17.1802,1358.9553
GOOGL,tiingo,new_york_equity_open,equity,short,2023-01-05T20:55:00,2023-01-11T20:05:00,85.8978,91.0632,11.074396,951.2665,3.0,,,1.0,,1.0,,,neutral_micro,1.0,VIX_daily,22.01,,1.0,,,,,1.37462,7.2437,1.9314,1.0,0.0,0.0,directional_volume_boost,1.0,,,0,below_ema,1.0,,1.0,-57.3998,1301.5555
PAXG-USD,binance,hong_kong_open,gold,long,2022-11-11T05:40:00,2023-01-30T17:30:00,1759.3518,1896.6206,0.321796,566.1514,3.0,,,1.0,,1.0,,,neutral_micro,1.0,VIX_daily,23.53,,1.0,,,,,1.208114,0.543,0.4439,1.0,0.0,0.0,base,1.0,,,0,above_ema,1.0,,1.0,44.0548,1345.6104
COPPER,tiingo,new_york_equity_open,metals,long,2023-01-06T17:35:00,2023-02-01T15:00:00,23.7147,25.3449,28.652964,679.4977,3.0,,,1.0,,1.0,,,neutral_micro,1.0,VIX_daily,22.46,,1.0,,,,,1.446666,0.7834,2.9623,1.0,0.0,0.0,base,1.0,,,0,above_ema,1.0,,1.0,46.5703,1392.1807
ETH-USD,binance,new_york_equity_open,crypto,long,2023-02-16T15:50:00,2023-02-25T20:40:00,1725.335,1566.5466,0.161381,278.4362,3.0,,,1.0,,1.0,,,neutral_micro,1.0,CryptoFG,53.0,,1.0,,,,,0.281485,5.8297,1.5983,1.0,0.0,0.0,directional_volume_boost,1.0,,,0,above_ema,1.0,,1.0,-25.6785,1366.5022
BTC-USD,binance,new_york_equity_open,crypto,long,2023-02-15T22:15:00,2023-03-03T01:30:00,24302.2595,22717.4556,0.040101,974.5265,3.0,,,1.0,,1.0,,,neutral_micro,1.0,CryptoFG,50.0,,1.0,,,,,0.957671,1.2782,1.6338,1.0,0.0,0.0,directional_volume_boost,1.0,,,0,above_ema,1.0,,1.0,-63.7401,1302.7621
GOOGL,tiingo,new_york_equity_open,equity,short,2023-02-21T15:50:00,2023-03-06T14:30:00,92.1766,94.3689,10.572459,974.5328,3.0,,,1.0,,1.0,,,neutral_micro,1.0,VIX_daily,20.02,,1.0,,,,,1.470346,1.7135,1.0461,1.0,0.0,0.0,directional_volume_boost,1.0,,,0,below_ema,1.0,,1.0,-23.375,1279.3871
NVDA,tiingo,new_york_equity_open,equity,long,2023-03-06T14:30:00,2023-03-13T13:35:00,239.2578,224.2751,3.743133,895.574,3.0,,,1.0,,1.0,,,neutral_micro,1.0,VIX_daily,18.49,,1.0,,,,,1.234347,5.6669,1.4428,1.0,0.0,0.0,directional_volume_boost,1.0,,,0,above_ema,1.0,,1.0,-56.2557,1223.1314
BTC-USD,binance,new_york_equity_open,crypto,short,2023-03-09T16:50:00,2023-03-13T14:05:00,21501.9487,22666.6224,0.023801,511.7549,3.0,,,1.0,,1.0,,,neutral_micro,1.0,CryptoFG,50.0,,1.0,,,,,0.737846,3.5165,1.775,1.0,0.0,0.0,base,1.0,,,0,below_ema,1.0,,1.0,-27.8252,1195.3062
SOL-USD,binance,new_york_equity_open,crypto,short,2023-03-07T15:05:00,2023-03-14T12:30:00,20.126,21.7243,31.784478,639.6936,3.0,,,1.0,,1.0,,,neutral_micro,1.0,CryptoFG,48.0,,1.0,,,,,1.143825,11.5284,2.5455,1.0,0.0,0.0,base,1.0,,,0,below_ema,1.0,,1.0,-50.9355,1144.3707
ETH-USD,binance,new_york_equity_open,crypto,long,2023-03-23T15:40:00,2023-03-27T15:00:00,1842.1684,1702.6794,0.124242,228.8742,3.0,,,1.0,,1.0,,,risk_on_micro,1.0,CryptoFG,62.0,,1.0,,,,,0.359883,1.3859,0.6026,1.0,0.0,0.0,base,1.0,,,0,above_ema,1.0,,1.0,-17.3744,1126.9962
PAXG-USD,binance,hong_kong_open,gold,long,2023-03-20T07:40:00,2023-04-03T07:40:00,2006.4012,1961.6076,0.14259,286.0927,3.0,,,1.0,,1.0,,,risk_off_micro,0.5,VIX_daily,25.51,,1.0,,,,,0.584985,5.8413,1.613,1.0,0.0,0.0,base,1.0,,,0,above_ema,1.0,,1.0,-6.4437,1120.5525
COPPER,tiingo,new_york_equity_open,metals,long,2023-03-30T19:15:00,2023-04-05T13:30:00,25.105,24.2551,22.445636,563.4981,3.0,,,1.0,,1.0,,,neutral_micro,1.0,VIX_daily,19.12,,1.0,,,,,1.159951,1.165,2.9983,1.0,0.0,0.0,base,1.0,,,0,above_ema,1.0,,1.0,-19.1863,1101.3662
NVDA,tiingo,new_york_equity_open,equity,long,2023-03-16T14:30:00,2023-04-13T13:45:00,245.069,263.8972,1.167396,286.0927,3.0,,,1.0,,1.0,,,risk_off_micro,0.5,VIX_daily,26.14,,1.0,,,,,0.57743,1.3002,0.8765,1.0,0.0,0.0,base,1.0,,,0,above_ema,1.0,,1.0,21.9206,1123.2868
PAXG-USD,binance,hong_kong_open,gold,long,2023-04-05T02:20:00,2023-04-19T08:40:00,2031.4062,1997.6004,0.38613,784.3868,3.0,,,1.0,,1.0,,,neutral_micro,1.0,VIX_daily,19.0,,1.0,,,,,1.158667,10.0597,1.8578,1.0,0.0,0.0,directional_volume_boost,1.0,,,0,above_ema,1.0,,1.0,-13.209,1110.0778
BTC-USD,binance,new_york_equity_open,crypto,long,2023-03-19T16:35:00,2023-04-20T19:15:00,27836.3262,28164.366,0.028778,801.0594,3.0,,,1.0,,1.0,,,risk_on_micro,1.0,CryptoFG,64.0,,1.0,,,,,0.848029,3.3965,1.7292,1.0,0.0,0.0,directional_volume_boost,1.0,,,0,above_ema,1.0,,1.0,9.2791,1119.3569
META,tiingo,new_york_equity_open,equity,long,2023-03-14T13:40:00,2023-04-21T13:30:00,191.3733,210.6379,2.092916,400.5283,3.0,,,1.0,,1.0,,,risk_off_micro,0.5,VIX_daily,26.52,,1.0,,,,,0.51905,4.3589,0.7871,1.0,0.0,0.0,directional_volume_boost,1.0,,,0,above_ema,1.0,,1.0,40.2349,1159.5919
ETH-USD,binance,hong_kong_open,crypto,long,2023-04-13T08:45:00,2023-04-21T19:05:00,1947.9695,1852.2795,0.097625,190.1702,3.0,,,1.0,,1.0,,,risk_on_micro,1.0,CryptoFG,65.0,,1.0,,,,,0.318385,5.3767,1.1679,1.0,0.0,0.0,base,1.0,,,0,above_ema,1.0,,1.0,-9.3788,1150.213
COPPER,tiingo,new_york_equity_open,metals,long,2023-04-13T13:40:00,2023-04-24T13:40:00,25.225,24.2751,20.275541,511.4515,3.0,,,1.0,,1.0,,,neutral_micro,1.0,VIX_daily,19.09,,1.0,,,,,0.765034,9.697,2.9904,1.0,0.0,0.0,directional_volume_boost,1.0,,,0,above_ema,1.0,,1.0,-19.3593,1130.8538
AMZN,tiingo,new_york_equity_open,equity,long,2023-04-19T16:10:00,2023-05-02T13:30:00,104.2558,101.3797,4.421027,460.9179,3.0,,,1.0,,1.0,,,neutral_micro,1.0,VIX_daily,16.83,,1.0,,,,,0.658454,1.7586,1.5806,1.0,0.0,0.0,directional_volume_boost,1.0,,,0,,1.0,,1.0,-12.8061,1118.0476
PPLT,tiingo,new_york_equity_open,metals,long,2023-04-19T14:35:00,2023-05-03T15:40:00,100.9602,97.4705,2.850673,287.8045,3.0,,,1.0,,1.0,,,neutral_micro,1.0,VIX_daily,16.83,,1.0,,,,,0.411149,7.5401,2.426,1.0,0.0,0.0,directional_volume_boost,1.0,,,0,,1.0,,1.0,-10.0045,1108.0431
HOOD,tiingo,new_york_equity_open,equity,short,2023-04-27T13:45:00,2023-05-10T13:30:00,8.7782,9.2619,64.40643,565.3754,3.0,,,1.0,,1.0,,,neutral_micro,1.0,VIX_daily,18.84,,1.0,,,,,1.130751,0.2131,0.1164,1.0,0.0,0.0,base,1.0,,,0,,1.0,,1.0,-31.2665,1076.7766
GLD,tiingo,new_york_equity_open,gold,long,2023-05-04T14:25:00,2023-05-16T17:05:00,190.7481,184.4781,4.066255,775.6306,3.0,,,1.0,,1.0,,,neutral_micro,1.0,VIX_daily,18.34,,1.0,,,,,1.108044,2.2636,1.6393,1.0,0.0,0.0,directional_volume_boost,1.0,,,0,,1.0,,1.0,-25.648,1051.1286
COPPER,tiingo,new_york_equity_open,metals,short,2023-05-04T15:55:00,2023-06-02T13:30:00,23.5803,22.9896,31.382327,740.0041,3.0,,,1.0,,1.0,,,neutral_micro,1.0,VIX_daily,18.34,,1.0,,,,,1.137032,40.0,2.8752,1.0,0.0,0.0,directional_volume_boost,1.0,,,0,below_ema,1.0,,1.0,18.3915,1069.5201
SLV,tiingo,new_york_equity_open,metals,long,2023-06-09T14:15:00,2023-06-20T13:30:00,22.3745,21.4207,1.833598,41.0258,3.0,,,1.0,,1.0,,,risk_on_micro,1.0,VIX_daily,13.65,,1.0,,,,,0.084525,0.1979,0.7105,1.0,0.0,0.0,base,1.0,,,0,,1.0,,1.0,-1.7569,1067.7632
SOL-USD,binance,hong_kong_open,crypto,short,2023-06-08T03:30:00,2023-06-21T01:10:00,18.2763,17.1534,40.96199,748.6354,3.0,,,1.0,,1.0,,,neutral_micro,1.0,CryptoFG,53.0,,1.0,,,,,1.026881,12.115,2.3676,1.0,0.0,0.0,directional_volume_boost,1.0,,,0,below_ema,1.0,,1.0,45.8498,1113.613
PLTR,tiingo,new_york_equity_open,equity,long,2023-05-10T13:40:00,2023-06-21T15:10:00,9.7269,14.3871,49.44572,480.9558,3.0,,,1.0,,1.0,,,neutral_micro,1.0,VIX_daily,17.71,,1.0,,,,,0.68708,1.3063,0.6015,1.0,0.0,0.0,directional_volume_boost,1.0,,,0,,1.0,,1.0,230.3088,1343.9218
TSLA,tiingo,new_york_equity_open,equity,long,2023-05-19T13:35:00,2023-06-26T16:05:00,178.3807,244.5561,3.959964,706.381,3.0,,,1.0,,1.0,,,neutral_micro,1.0,VIX_daily,16.05,,1.0,,,,,1.009116,4.0338,1.0655,1.0,0.0,0.0,directional_volume_boost,1.0,,,0,,1.0,,1.0,261.8846,1605.8064
SLV,tiingo,new_york_equity_open,metals,short,2023-06-29T13:45:00,2023-07-05T13:30:00,20.4509,21.2042,0.0,0.0,3.0,,,1.0,,1.0,,,risk_on_micro,0.0,VIX_daily,13.43,,1.0,,,,,0.0,1.9018,0.3884,1.0,0.0,0.0,directional_volume_boost,1.0,,,0,,1.0,,1.0,-0.0,1605.8064
PPLT,tiingo,new_york_equity_open,metals,short,2023-06-20T13:35:00,2023-07-10T18:30:00,89.1822,86.1772,0.0,0.0,3.0,,,1.0,,1.0,,,risk_on_micro,0.0,VIX_daily,13.54,,1.0,,,,,0.0,40.0,2.8571,1.0,0.0,0.0,directional_volume_boost,1.0,,,0,,1.0,,1.0,0.0,1605.8064
BTC-USD,binance,new_york_equity_open,crypto,long,2023-06-23T15:45:00,2023-07-17T18:30:00,30857.2202,29894.02,0.021776,671.9609,3.0,,,1.0,,1.0,,,risk_on_micro,1.0,CryptoFG,65.0,,1.0,,,,,1.0388,4.1771,1.3169,1.0,0.0,0.0,base,1.0,,,0,above_ema,1.0,,1.0,-21.1073,1584.6991
TSLA,tiingo,new_york_equity_open,equity,long,2023-07-03T13:35:00,2023-07-20T17:15:00,278.8158,265.047,1.211007,337.6477,3.0,,,1.0,,1.0,,,risk_on_micro,1.0,VIX_daily,13.59,,1.0,,,,,0.382967,14.6564,2.0959,1.0,0.0,0.0,directional_volume_boost,1.0,,,0,,1.0,,1.0,-16.74,1567.9591
ETH-USD,binance,hong_kong_open,crypto,long,2023-07-03T07:40:00,2023-07-22T23:15:00,1969.1838,1862.2175,0.392683,773.2649,3.0,,,1.0,,1.0,,,risk_on_micro,1.0,CryptoFG,63.0,,1.0,,,,,0.969362,6.3335,1.612,1.0,0.0,0.0,directional_volume_boost,1.0,,,0,above_ema,1.0,,1.0,-42.1543,1525.8048
AMZN,tiingo,new_york_equity_open,equity,long,2023-07-13T13:35:00,2023-07-26T13:30:00,134.3019,128.3243,0.0,0.0,3.0,,,1.0,,1.0,,,risk_on_micro,1.0,VIX_daily,13.54,,1.0,,,,,0.0,12.2978,1.9107,1.0,0.0,0.0,directional_volume_boost,1.0,,,0,,1.0,,1.0,-0.0,1525.8048
SLV,tiingo,new_york_equity_open,metals,long,2023-07-18T14:55:00,2023-07-27T13:35:00,22.9796,22.2555,26.761625,614.9713,3.0,,,1.0,,1.0,,,risk_on_micro,1.0,VIX_daily,13.48,,1.0,,,,,1.329211,0.6557,0.8848,1.0,0.0,0.0,base,1.0,,,0,,1.0,,1.0,-19.4979,1506.3068
COIN,tiingo,new_york_equity_open,equity,long,2023-06-28T17:05:00,2023-08-01T13:30:00,70.4141,91.8216,11.402611,802.9043,3.0,,,1.0,,1.0,,,risk_on_micro,1.0,VIX_daily,13.74,,1.0,,,,,1.690655,0.0964,0.3578,1.0,0.0,0.0,base,1.0,,,0,,1.0,,1.0,243.9168,1750.2236
MSTR,tiingo,new_york_equity_open,equity,long,2023-06-20T19:30:00,2023-08-02T14:55:00,313.6527,414.3671,0.115676,36.2822,3.0,,,1.0,,1.0,,,risk_on_micro,1.0,VIX_daily,13.54,,1.0,,,,,0.051832,3.8369,1.7228,1.0,0.0,0.0,directional_volume_boost,1.0,,,0,,1.0,,1.0,11.6419,1761.8655
NVDA,tiingo,new_york_equity_open,equity,long,2023-04-18T13:50:00,2023-08-02T15:55:00,280.9162,440.3219,1.229115,345.2782,3.0,,,1.0,,1.0,,,neutral_micro,1.0,VIX_daily,16.95,,1.0,,,,,0.479409,3.1483,0.657,1.0,0.0,0.0,directional_volume_boost,1.0,,,0,above_ema,1.0,,1.0,195.8393,1957.7048
HOOD,tiingo,new_york_equity_open,equity,long,2023-06-28T14:20:00,2023-08-03T13:30:00,10.2871,12.0826,78.050595,802.911,3.0,,,1.0,,1.0,,,risk_on_micro,1.0,VIX_daily,13.74,,1.0,,,,,1.651487,1.1132,0.6386,1.0,0.0,0.0,base,1.0,,,0,,1.0,,1.0,139.9639,2097.6687
PLTR,tiingo,new_york_equity_open,equity,long,2023-07-31T13:40:00,2023-08-07T15:15:00,19.1888,17.2665,39.662184,761.0712,3.0,,,1.0,,1.0,,,risk_on_micro,1.0,VIX_daily,13.33,,1.0,,,,,0.838664,3.5509,0.8944,1.0,0.0,0.0,directional_volume_boost,1.0,,,0,,1.0,,1.0,-76.3853,2021.2833
META,tiingo,new_york_equity_open,equity,long,2023-04-27T13:35:00,2023-08-11T13:30:00,237.6425,302.8094,2.379322,565.4281,3.0,,,1.0,,1.0,,,neutral_micro,1.0,VIX_daily,18.84,,1.0,,,,,0.958448,15.1909,1.9681,1.0,0.0,0.0,base,1.0,,,0,above_ema,1.0,,1.0,154.9245,2176.2078
INTC,tiingo,new_york_equity_open,equity,long,2023-07-27T16:25:00,2023-08-16T15:50:00,34.857,33.8532,21.606969,753.1534,3.0,,,1.0,,1.0,,,risk_on_micro,1.0,VIX_daily,13.19,,1.0,,,,,1.497528,1.0333,1.0765,1.0,0.0,0.0,base,1.0,,,0,,1.0,,1.0,-21.8369,2154.3709
PPLT,tiingo,new_york_equity_open,metals,short,2023-08-08T14:15:00,2023-08-23T13:30:00,83.0034,85.077,12.175966,1010.6465,3.0,,,1.0,,1.0,,,neutral_micro,1.0,VIX_daily,15.77,,1.0,,,,,2.024238,0.3175,0.8282,1.0,0.0,0.0,base,1.0,,,0,,1.0,,1.0,-25.4528,2128.9181
COPPER,tiingo,new_york_equity_open,metals,short,2023-08-11T16:30:00,2023-08-23T15:05:00,23.0554,23.5647,24.125514,556.2231,3.0,,,1.0,,1.0,,,neutral_micro,1.0,VIX_daily,15.85,,1.0,,,,,0.840034,19.4175,3.0,1.0,0.0,0.0,directional_volume_boost,1.0,,,0,below_ema,1.0,,1.0,-12.3999,2116.5182
PAXG-USD,binance,new_york_equity_open,gold,short,2023-08-11T20:40:00,2023-08-23T17:40:00,1913.6172,1915.383,0.56861,1088.104,3.0,,,1.0,,1.0,,,neutral_micro,1.0,VIX_daily,15.85,,1.0,,,,,2.09134,7.4324,2.167,1.0,0.0,0.0,base,1.0,,,0,below_ema,1.0,,1.0,-1.2218,2115.2964
SOL-USD,binance,new_york_equity_open,crypto,short,2023-08-22T21:30:00,2023-08-23T20:20:00,19.766,21.747,54.494,1077.1309,3.0,,,1.0,,1.0,,,neutral_micro,1.0,CryptoFG,38.0,,1.0,,,,,1.771509,18.8715,2.81,1.0,0.0,0.0,base,1.0,,,0,below_ema,1.0,,1.0,-108.1814,2007.115
GLD,tiingo,new_york_equity_open,gold,short,2023-08-14T13:35:00,2023-08-28T15:35:00,176.8146,178.5357,0.0,0.0,3.0,,,1.0,,1.0,,,risk_on_micro,0.0,VIX_daily,14.84,,1.0,,,,,0.0,0.1355,0.0286,1.0,0.0,0.0,base,1.0,,,0,,1.0,,1.0,-0.0,2007.115
SLV,tiingo,new_york_equity_open,metals,long,2023-08-30T13:35:00,2023-09-06T13:30:00,22.9246,21.2757,61.286,1404.956,3.0,,,1.0,,1.0,,,risk_on_micro,1.0,VIX_daily,14.45,,1.0,,,,,2.238965,2.8511,0.8161,1.0,0.0,0.0,directional_volume_boost,1.0,,,0,,1.0,,1.0,-101.3228,1905.7922
NVDA,tiingo,new_york_equity_open,equity,long,2023-08-22T13:35:00,2023-09-11T13:40:00,478.0556,448.9102,2.253262,1077.1845,3.0,,,1.0,,1.0,,,neutral_micro,1.0,VIX_daily,17.13,,1.0,,,,,1.498816,6.3415,1.2077,1.0,0.0,0.0,base,1.0,,,0,above_ema,1.0,,1.0,-65.8812,1839.911
ETH-USD,binance,new_york_equity_open,crypto,short,2023-09-11T14:40:00,2023-09-18T12:25:00,1573.8652,1660.332,0.159437,250.9322,3.0,,,1.0,,1.0,,,neutral_micro,1.0,CryptoFG,40.0,,1.0,,,,,0.324162,1.5699,0.6697,1.0,0.0,0.0,directional_volume_boost,1.0,,,0,below_ema,1.0,,1.0,-13.8376,1826.0735
SOL-USD,binance,new_york_equity_open,crypto,short,2023-09-01T15:05:00,2023-09-18T15:05:00,19.3161,19.974,72.736482,1404.9878,3.0,,,1.0,,1.0,,,neutral_micro,1.0,CryptoFG,52.0,,1.0,,,,,1.737781,1.7363,0.6313,1.0,0.0,0.0,directional_volume_boost,1.0,,,0,below_ema,1.0,,1.0,-48.1386,1777.9348
INTC,tiingo,new_york_equity_open,equity,long,2023-09-01T13:35:00,2023-09-19T19:35:00,36.4673,36.0278,38.527461,1404.9921,3.0,,,1.0,,1.0,,,risk_on_micro,1.0,VIX_daily,13.57,,1.0,,,,,2.024787,2.5094,0.7421,1.0,0.0,0.0,directional_volume_boost,1.0,,,0,,1.0,,1.0,-17.2125,1760.7223
AMZN,tiingo,new_york_equity_open,equity,long,2023-09-11T15:15:00,2023-09-21T13:30:00,141.4083,133.1534,6.505636,919.951,3.0,,,1.0,,1.0,,,risk_on_micro,1.0,VIX_daily,13.84,,1.0,,,,,1.757852,0.9012,0.9964,1.0,0.0,0.0,base,1.0,,,0,,1.0,,1.0,-53.8822,1706.8401
TSLA,tiingo,new_york_equity_open,equity,long,2023-09-11T13:35:00,2023-09-22T18:10:00,261.8424,246.6007,3.639189,952.8939,3.0,,,1.0,,1.0,,,risk_on_micro,1.0,VIX_daily,13.84,,1.0,,,,,1.567508,11.0917,2.099,1.0,0.0,0.0,base,1.0,,,0,,1.0,,1.0,-55.6526,1651.1875
META,tiingo,new_york_equity_open,equity,long,2023-09-11T17:50:00,2023-09-27T17:35:00,307.3665,293.2263,0.110627,34.0029,3.0,,,1.0,,1.0,,,risk_on_micro,1.0,VIX_daily,13.84,,1.0,,,,,0.036209,3.3807,1.6829,1.0,0.0,0.0,directional_volume_boost,1.0,,,0,above_ema,1.0,,1.0,-1.5709,1649.6166
SOL-USD,binance,hong_kong_open,crypto,long,2023-10-02T06:40:00,2023-10-09T09:50:00,24.5949,22.131,3.692017,90.8049,3.0,,,1.0,,1.0,,,neutral_micro,1.0,CryptoFG,48.0,,1.0,,,,,0.155811,7.3077,1.8777,1.0,0.0,0.0,base,1.0,,,0,above_ema,1.0,,1.0,-9.1141,1640.5025
BTC-USD,binance,hong_kong_open,crypto,long,2023-10-02T03:45:00,2023-10-11T04:00:00,28103.2395,27004.828,0.029349,824.8083,3.0,,,1.0,,1.0,,,neutral_micro,1.0,CryptoFG,48.0,,1.0,,,,,1.711433,5.3227,2.1293,1.0,0.0,0.0,base,1.0,,,0,above_ema,1.0,,1.0,-32.3995,1608.103
PAXG-USD,binance,new_york_equity_open,gold,short,2023-09-27T16:30:00,2023-10-11T10:00:00,1880.6238,1873.3746,0.193161,363.2627,3.0,,,1.0,,1.0,,,neutral_micro,1.0,VIX_daily,18.94,,1.0,,,,,0.498989,4.859,2.3678,1.0,0.0,0.0,directional_volume_boost,1.0,,,0,below_ema,1.0,,1.0,1.3278,1609.4307
GLD,tiingo,new_york_equity_open,gold,short,2023-09-26T17:50:00,2023-10-12T13:30:00,176.2897,174.2048,4.683157,825.5923,3.0,,,1.0,,1.0,,,neutral_micro,1.0,VIX_daily,16.9,,1.0,,,,,1.698749,0.0888,0.073,1.0,0.0,0.0,base,1.0,,,0,,1.0,,1.0,9.5996,1619.0304
ETH-USD,binance,new_york_equity_open,crypto,short,2023-10-09T16:40:00,2023-10-21T17:55:00,1562.6774,1639.7579,0.042361,66.1968,3.0,,,1.0,,1.0,,,neutral_micro,1.0,CryptoFG,50.0,,1.0,,,,,0.088948,1.6682,0.4737,1.0,0.0,0.0,directional_volume_boost,1.0,,,0,below_ema,1.0,,1.0,-3.2788,1615.7516
PLTR,tiingo,new_york_equity_open,equity,long,2023-09-29T13:35:00,2023-10-23T13:30:00,16.3583,15.8068,70.587055,1154.6822,3.0,,,1.0,,1.0,,,neutral_micro,1.0,VIX_daily,17.34,,1.0,,,,,1.368553,5.4875,1.7215,1.0,0.0,0.0,directional_volume_boost,1.0,,,0,,1.0,,1.0,-39.1532,1576.5984
COPPER,tiingo,new_york_equity_open,metals,short,2023-09-21T13:35:00,2023-10-25T13:30:00,22.7155,22.5945,52.599178,1194.8144,3.0,,,1.0,,1.0,,,neutral_micro,1.0,VIX_daily,15.14,,1.0,,,,,1.83307,18.1818,2.1626,1.0,0.0,0.0,directional_volume_boost,1.0,,,0,below_ema,1.0,,1.0,6.1252,1582.7236
COIN,tiingo,new_york_equity_open,equity,long,2023-10-24T13:35:00,2023-10-26T15:40:00,84.6769,76.194,0.283712,24.0238,3.0,,,1.0,,1.0,,,neutral_micro,1.0,VIX_daily,20.37,,1.0,,,,,0.031368,15.6699,2.3807,1.0,0.0,0.0,directional_volume_boost,1.0,,,0,above_ema,1.0,,1.0,-2.4113,1580.3123
HOOD,tiingo,new_york_equity_open,equity,short,2023-10-12T17:30:00,2023-11-03T13:30:00,9.4131,9.6019,85.999542,809.5238,3.0,,,1.0,,1.0,,,neutral_micro,1.0,VIX_daily,16.09,,1.0,,,,,1.580194,0.8011,1.1649,1.0,0.0,0.0,base,1.0,,,0,below_ema,1.0,,1.0,-16.4019,1563.9104
TSLA,tiingo,new_york_equity_open,equity,short,2023-10-30T14:30:00,2023-11-03T13:30:00,201.3697,221.551,0.54226,109.1948,3.0,,,1.0,,1.0,,,neutral_micro,1.0,VIX_daily,21.27,,1.0,,,,,0.132163,1.8918,1.0781,1.0,0.0,0.0,directional_volume_boost,1.0,,,0,below_ema,1.0,,1.0,-10.9664,1552.9439
PAXG-USD,binance,hong_kong_open,gold,long,2023-10-15T08:25:00,2023-11-05T13:55:00,1924.3848,1947.6104,0.420661,809.5151,3.0,,,1.0,,1.0,,,neutral_micro,1.0,VIX_daily,19.32,,1.0,,,,,1.713775,0.4741,1.3309,1.0,0.0,0.0,base,1.0,,,0,above_ema,1.0,,1.0,9.6072,1562.5512
GLD,tiingo,new_york_equity_open,gold,long,2023-10-27T18:05:00,2023-11-08T14:50:00,185.3071,181.6887,1.771707,328.3098,3.0,,,1.0,,1.0,,,neutral_micro,1.0,VIX_daily,20.68,,1.0,,,,,0.479735,1.2503,0.9107,1.0,0.0,0.0,directional_volume_boost,1.0,,,0,above_ema,1.0,,1.0,-6.4758,1556.0754
PPLT,tiingo,new_york_equity_open,metals,short,2023-11-09T14:35:00,2023-11-21T14:30:00,80.089,85.097,0.0,0.0,3.0,,,1.0,,1.0,,,risk_on_micro,0.0,VIX_daily,14.45,,1.0,,,,,0.0,8.2851,1.9853,1.0,0.0,0.0,directional_volume_boost,1.0,,,0,below_ema,1.0,,1.0,-0.0,1556.0754
PLTR,tiingo,new_york_equity_open,equity,long,2023-11-03T13:40:00,2023-11-27T14:30:00,18.5437,18.9262,41.871856,776.4594,3.0,,,1.0,,1.0,,,neutral_micro,1.0,VIX_daily,15.66,,1.0,,,,,1.31971,4.2065,1.2487,1.0,0.0,0.0,base,1.0,,,0,above_ema,1.0,,1.0,15.8597,1571.9351
NVDA,tiingo,new_york_equity_open,equity,long,2023-11-09T14:55:00,2023-11-27T14:30:00,477.3454,476.9046,0.262683,125.3904,3.0,,,1.0,,1.0,,,risk_on_micro,1.0,VIX_daily,14.45,,1.0,,,,,0.134351,4.0473,1.1218,1.0,0.0,0.0,directional_volume_boost,1.0,,,0,above_ema,1.0,,1.0,-0.1409,1571.7943
PAXG-USD,binance,new_york_equity_open,gold,long,2023-11-21T15:10:00,2023-12-08T14:30:00,1988.3976,1995.6008,0.0,0.0,3.0,,,1.0,,1.0,,,risk_on_micro,1.0,VIX_daily,13.41,,1.0,,,,,0.0,0.7062,0.2649,1.0,0.0,0.0,base,1.0,,,0,above_ema,1.0,,1.0,0.0,1571.7943
GLD,tiingo,new_york_equity_open,gold,long,2023-11-27T14:35:00,2023-12-08T17:05:00,186.5873,185.088,5.060852,944.2908,3.0,,,1.0,,1.0,,,risk_on_micro,1.0,VIX_daily,12.46,,1.0,,,,,1.399142,10.1448,3.0,1.0,0.0,0.0,directional_volume_boost,1.0,,,0,above_ema,1.0,,1.0,-7.776,1564.0183
ETH-USD,binance,hong_kong_open,crypto,long,2023-10-24T02:20:00,2023-12-13T04:20:00,1807.3714,2148.5702,0.567091,1024.9447,3.0,,,1.0,,1.0,,,neutral_micro,1.0,CryptoFG,53.0,,1.0,,,,,1.33205,1.5829,1.2943,1.0,0.0,0.0,directional_volume_boost,1.0,,,0,above_ema,1.0,,1.0,193.2664,1757.2847
BTC-USD,binance,hong_kong_open,crypto,long,2023-10-23T03:45:00,2023-12-29T22:20:00,30502.3793,41629.2725,0.00188,57.3441,3.0,,,1.0,,1.0,,,neutral_micro,1.0,CryptoFG,53.0,,1.0,,,,,0.12137,1.1631,1.4902,1.0,0.0,0.0,base,1.0,,,0,above_ema,1.0,,1.0,20.9052,1778.1899
TSLA,tiingo,new_york_equity_open,equity,long,2023-12-14T17:45:00,2024-01-02T14:30:00,253.1006,247.0706,1.25112,316.6594,3.0,,,1.0,,1.0,,,risk_on_micro,1.0,VIX_daily,12.19,,1.0,,,,,0.577147,0.6158,0.7559,1.0,0.0,0.0,base,1.0,,,0,above_ema,1.0,,1.0,-7.6069,1770.583
BTC-USD,binance,hong_kong_open,crypto,long,2024-01-02T03:00:00,2024-01-03T12:05:00,45388.0358,41291.74,0.002507,113.788,3.0,,,1.0,,1.0,,,risk_on_micro,1.0,CryptoFG,65.0,,1.0,,,,,0.203703,0.6925,1.0495,1.0,0.0,0.0,base,1.0,,,0,above_ema,1.0,,1.0,-10.2911,1760.2919
SOL-USD,binance,new_york_equity_open,crypto,long,2023-10-19T15:50:00,2024-01-03T12:05:00,24.865,95.2609,13.539117,336.6498,3.0,,,1.0,,1.0,,,neutral_micro,1.0,CryptoFG,50.0,,1.0,,,,,0.426623,3.7308,1.9604,1.0,0.0,0.0,directional_volume_boost,1.0,,,0,above_ema,1.0,,1.0,952.9363,2713.2282
COIN,tiingo,new_york_equity_open,equity,long,2023-11-09T14:35:00,2024-01-03T14:30:00,95.7091,153.7492,11.380875,1089.2539,3.0,,,1.0,,1.0,,,risk_on_micro,1.0,VIX_daily,14.45,,1.0,,,,,1.529737,8.0958,1.76,1.0,0.0,0.0,directional_volume_boost,1.0,,,0,above_ema,1.0,,1.0,660.2637,3373.4919
HOOD,tiingo,new_york_equity_open,equity,long,2023-12-08T20:45:00,2024-01-03T14:30:00,11.7173,12.0726,78.797347,923.2956,3.0,,,1.0,,1.0,,,risk_on_micro,1.0,VIX_daily,13.06,,1.0,,,,,1.331977,1.8673,1.031,1.0,0.0,0.0,directional_volume_boost,1.0,,,0,above_ema,1.0,,1.0,27.8081,3401.3
INTC,tiingo,new_york_equity_open,equity,long,2023-12-14T14:35:00,2024-01-04T14:30:00,45.8792,45.6959,26.81183,1230.1046,3.0,,,1.0,,1.0,,,risk_on_micro,1.0,VIX_daily,12.19,,1.0,,,,,1.663509,3.3557,0.9383,1.0,0.0,0.0,directional_volume_boost,1.0,,,0,above_ema,1.0,,1.0,-5.1612,3396.1388
MSTR,tiingo,new_york_equity_open,equity,long,2023-10-25T14:45:00,2024-01-09T14:30:00,438.6777,587.1226,1.80397,791.3613,3.0,,,1.0,,1.0,,,neutral_micro,1.0,VIX_daily,18.97,,1.0,,,,,1.360762,0.8096,0.8764,1.0,0.0,0.0,base,1.0,,,0,above_ema,1.0,,1.0,267.605,3663.7438
BTC-USD,binance,new_york_equity_open,crypto,long,2024-01-08T18:05:00,2024-01-18T17:50:00,45971.3924,41491.7,0.051713,2377.2972,3.0,,,1.0,,1.0,,,risk_on_micro,1.0,CryptoFG,71.0,,1.0,,,,,2.225191,4.6027,1.7256,1.0,0.0,0.0,directional_volume_boost,1.0,,,0,above_ema,1.0,,1.0,-232.1126,3431.6312
ETH-USD,binance,new_york_equity_open,crypto,long,2024-01-10T15:40:00,2024-01-22T05:00:00,2449.0997,2414.717,0.375678,920.0722,3.0,,,1.0,,1.0,,,risk_on_micro,1.0,CryptoFG,76.0,,1.0,,,,,1.175669,2.3542,1.2776,1.0,0.0,0.0,directional_volume_boost,1.0,,,0,above_ema,1.0,,1.0,-13.0997,3418.5315
COPPER,tiingo,new_york_equity_open,metals,long,2024-01-29T17:40:00,2024-02-07T16:05:00,24.1848,23.4753,70.677434,1709.3223,3.0,,,1.0,,1.0,,,risk_on_micro,1.0,VIX_daily,13.26,,1.0,,,,,3.712728,0.3591,0.3157,1.0,0.0,0.0,base,1.0,,,0,above_ema,1.0,,1.0,-50.482,3368.0496
PPLT,tiingo,new_york_equity_open,metals,short,2024-02-07T17:20:00,2024-02-20T14:30:00,80.9638,83.4667,0.0,0.0,3.0,,,1.0,,1.0,,,risk_on_micro,0.0,VIX_daily,13.06,,1.0,,,,,0.0,3.268,2.3299,1.0,0.0,0.0,base,1.0,,,0,below_ema,1.0,,1.0,-0.0,3368.0496
AMZN,tiingo,new_york_equity_open,equity,long,2024-01-11T14:35:00,2024-02-20T17:15:00,157.0614,165.7268,10.523368,1652.8149,3.0,,,1.0,,1.0,,,risk_on_micro,1.0,VIX_daily,12.69,,1.0,,,,,2.153234,5.8225,1.5481,1.0,0.0,0.0,directional_volume_boost,1.0,,,0,above_ema,1.0,,1.0,90.8499,3458.8995
NVDA,tiingo,new_york_equity_open,equity,long,2024-01-08T14:45:00,2024-02-21T20:10:00,508.8217,662.8674,4.672168,2377.3004,3.0,,,1.0,,1.0,,,risk_on_micro,1.0,VIX_daily,13.35,,1.0,,,,,2.549186,7.8795,1.3172,1.0,0.0,0.0,directional_volume_boost,1.0,,,0,above_ema,1.0,,1.0,719.1799,4178.0794
SOL-USD,binance,hong_kong_open,crypto,long,2024-02-29T02:00:00,2024-03-05T19:55:00,123.6447,111.258,9.733527,1203.4993,3.0,,,1.0,,1.0,,,risk_on_micro,1.0,CryptoFG,82.0,,1.0,,,,,0.949517,1.3386,1.2516,1.0,0.0,0.0,base,1.0,,,0,above_ema,1.0,,1.0,-120.7944,4057.2849
AMZN,tiingo,new_york_equity_open,equity,long,2024-02-23T15:15:00,2024-03-11T13:55:00,175.5001,172.2755,11.903361,2089.0409,3.0,,,1.0,,1.0,,,risk_on_micro,1.0,VIX_daily,14.54,,1.0,,,,,3.668978,0.5809,0.571,1.0,0.0,0.0,base,1.0,,,0,above_ema,1.0,,1.0,-38.7969,4018.488
META,tiingo,new_york_equity_open,equity,long,2024-01-10T14:35:00,2024-03-11T13:55:00,362.0924,479.894,7.082786,2564.6235,3.0,,,1.0,,1.0,,,risk_on_micro,1.0,VIX_daily,12.76,,1.0,,,,,2.84353,5.7906,1.4233,1.0,0.0,0.0,directional_volume_boost,1.0,,,0,above_ema,1.0,,1.0,833.7673,4852.2553
PLTR,tiingo,new_york_equity_open,equity,long,2024-02-07T14:40:00,2024-03-15T17:45:00,22.4045,23.4253,41.32986,925.974,3.0,,,1.0,,1.0,,,risk_on_micro,1.0,VIX_daily,13.06,,1.0,,,,,1.154276,2.5499,1.1028,1.0,0.0,0.0,directional_volume_boost,1.0,,,0,above_ema,1.0,,1.0,42.0007,4894.256
BTC-USD,binance,new_york_equity_open,crypto,long,2024-02-07T20:20:00,2024-03-16T23:10:00,44144.3171,65267.9338,0.035634,1573.021,3.0,,,1.0,,1.0,,,risk_on_micro,1.0,CryptoFG,64.0,,1.0,,,,,1.644386,5.8077,2.0381,1.0,0.0,0.0,directional_volume_boost,1.0,,,0,above_ema,1.0,,1.0,752.3258,5646.5817
TSLA,tiingo,new_york_equity_open,equity,short,2024-03-06T14:45:00,2024-03-26T13:30:00,177.1846,179.4509,0.0,0.0,3.0,,,1.0,,1.0,,,risk_on_micro,0.0,VIX_daily,14.46,,1.0,,,,,0.0,1.4086,0.5386,1.0,0.0,0.0,directional_volume_boost,1.0,,,0,below_ema,1.0,,1.0,-0.0,5646.5817
COPPER,tiingo,new_york_equity_open,metals,long,2024-03-07T14:35:00,2024-03-27T13:30:00,24.4149,24.965,35.935232,877.3544,3.0,,,1.0,,1.0,,,risk_on_micro,1.0,VIX_daily,14.5,,1.0,,,,,1.381583,27.5862,2.943,1.0,0.0,0.0,directional_volume_boost,1.0,,,0,above_ema,1.0,,1.0,19.5907,5666.1725
NVDA,tiingo,new_york_equity_open,equity,long,2024-02-23T14:35:00,2024-04-04T18:40:00,820.414,876.1947,3.564852,2924.6555,3.0,,,1.0,,1.0,,,risk_on_micro,1.0,VIX_daily,14.54,,1.0,,,,,2.588059,8.673,1.6083,1.0,0.0,0.0,directional_volume_boost,1.0,,,0,above_ema,1.0,,1.0,198.2453,5864.4178
SOL-USD,binance,hong_kong_open,crypto,long,2024-03-12T03:20:00,2024-04-05T04:40:00,153.5107,175.8848,18.200743,2794.0088,3.0,,,1.0,,1.0,,,risk_on_micro,1.0,CryptoFG,82.0,,1.0,,,,,1.657744,3.6922,1.4338,1.0,0.0,0.0,directional_volume_boost,1.0,,,0,above_ema,1.0,,1.0,406.6261,6271.0439
BTC-USD,binance,hong_kong_open,crypto,long,2024-04-08T08:55:00,2024-04-13T19:50:00,71938.7149,65051.5071,0.061022,4389.7307,3.0,,,1.0,,1.0,,,risk_on_micro,1.0,CryptoFG,78.0,,1.0,,,,,4.773696,4.8603,2.0463,1.0,0.0,0.0,directional_volume_boost,1.0,,,0,above_ema,1.0,,1.0,-421.1083,5849.9356
META,tiingo,new_york_equity_open,equity,long,2024-04-04T15:40:00,2024-04-17T13:50:00,524.0748,497.2005,5.324347,2790.3562,3.0,,,1.0,,1.0,,,risk_on_micro,1.0,VIX_daily,14.33,,1.0,,,,,3.528376,0.5664,0.95,1.0,0.0,0.0,base,1.0,,,0,above_ema,1.0,,1.0,-143.6317,5706.3039
AMZN,tiingo,new_york_equity_open,equity,long,2024-03-21T13:35:00,2024-04-17T16:45:00,181.0362,179.854,15.595191,2823.294,3.0,,,1.0,,1.0,,,risk_on_micro,1.0,VIX_daily,13.04,,1.0,,,,,5.005021,1.151,0.454,1.0,0.0,0.0,base,1.0,,,0,above_ema,1.0,,1.0,-18.9991,5687.3048
PPLT,tiingo,new_york_equity_open,metals,long,2024-04-09T13:35:00,2024-04-22T13:30:00,90.6481,85.4729,6.054184,548.8004,3.0,,,1.0,,1.0,,,neutral_micro,1.0,VIX_daily,15.19,,1.0,,,,,0.847562,20.4644,2.6234,1.0,0.0,0.0,directional_volume_boost,1.0,,,0,above_ema,1.0,,1.0,-31.4383,5655.8665
TSLA,tiingo,new_york_equity_open,equity,short,2024-04-16T13:35:00,2024-04-26T15:35:00,155.6289,171.226,26.312293,4094.9523,3.0,,,1.0,,1.0,,,neutral_micro,1.0,VIX_daily,19.23,,1.0,,,,,5.149095,10.3907,1.9721,1.0,0.0,0.0,directional_volume_boost,1.0,,,0,below_ema,1.0,,1.0,-411.2562,5244.6104
PLTR,tiingo,new_york_equity_open,equity,long,2024-05-03T13:50:00,2024-05-08T13:35:00,23.4397,21.0915,156.622403,3671.1803,3.0,,,1.0,,1.0,,,risk_on_micro,1.0,VIX_daily,14.68,,1.0,,,,,4.435493,3.1497,0.947,1.0,0.0,0.0,directional_volume_boost,1.0,,,0,above_ema,1.0,,1.0,-368.4812,4876.1291
HOOD,tiingo,new_york_equity_open,equity,long,2024-05-09T13:35:00,2024-05-09T17:10:00,19.1838,17.262,127.094825,2438.1662,3.0,,,1.0,,1.0,,,risk_on_micro,1.0,VIX_daily,13.0,,1.0,,,,,3.76321,12.519,1.7387,1.0,0.0,0.0,base,1.0,,,0,above_ema,1.0,,1.0,-244.708,4631.4212
AMZN,tiingo,new_york_equity_open,equity,long,2024-05-09T14:50:00,2024-05-21T13:30:00,190.158,182.7634,12.821253,2438.0646,3.0,,,1.0,,1.0,,,risk_on_micro,1.0,VIX_daily,13.0,,1.0,,,,,4.336694,0.6726,0.7751,1.0,0.0,0.0,base,1.0,,,0,above_ema,1.0,,1.0,-95.2854,4536.1358
PAXG-USD,binance,new_york_equity_open,gold,long,2024-05-15T20:45:00,2024-05-28T07:30:00,2383.4766,2330.5338,0.047613,113.484,3.0,,,1.0,,1.0,,,risk_on_micro,1.0,VIX_daily,13.42,,1.0,,,,,0.205271,1.3025,0.563,1.0,0.0,0.0,base,1.0,,,0,above_ema,1.0,,1.0,-2.5432,4533.5926
COPPER,tiingo,new_york_equity_open,metals,long,2024-04-03T13:55:00,2024-05-30T13:30:00,26.0452,29.1842,152.287174,3966.3512,3.0,,,1.0,,1.0,,,risk_on_micro,1.0,VIX_daily,14.61,,1.0,,,,,6.14975,20.6897,2.9935,1.0,0.0,0.0,directional_volume_boost,1.0,,,0,above_ema,1.0,,1.0,477.1824,5010.775
MSTR,tiingo,new_york_equity_open,equity,long,2024-05-15T15:20:00,2024-05-31T16:10:00,1396.2192,1475.0049,1.658559,2315.7109,3.0,,,1.0,,1.0,,,risk_on_micro,1.0,VIX_daily,13.42,,1.0,,,,,1.78412,0.6556,0.3996,1.0,0.0,0.0,base,1.0,,,0,above_ema,1.0,,1.0,130.1946,5140.9696
ETH-USD,binance,new_york_equity_open,crypto,long,2024-05-27T15:40:00,2024-06-07T18:00:00,3967.1133,3701.8395,0.549718,2180.794,3.0,,,1.0,,1.0,,,risk_on_micro,1.0,CryptoFG,75.0,,1.0,,,,,2.312257,4.3921,1.9223,1.0,0.0,0.0,directional_volume_boost,1.0,,,0,above_ema,1.0,,1.0,-146.2475,4994.7221
NVDA,tiingo,new_york_equity_open,equity,long,2024-05-06T13:50:00,2024-06-10T13:30:00,909.1918,1064.4171,4.037902,3671.2265,3.0,,,1.0,,1.0,,,risk_on_micro,1.0,VIX_daily,13.49,,1.0,,,,,3.101543,2.8524,0.9427,1.0,0.0,0.0,directional_volume_boost,1.0,,,0,above_ema,1.0,,1.0,625.9875,5620.7096
TSLA,tiingo,new_york_equity_open,equity,short,2024-06-11T13:40:00,2024-06-13T13:30:00,170.126,182.6515,0.0,0.0,3.0,,,1.0,,1.0,,,risk_on_micro,0.0,VIX_daily,12.74,,1.0,,,,,0.0,2.8254,1.2049,1.0,0.0,0.0,directional_volume_boost,1.0,,,0,below_ema,1.0,,1.0,-0.0,5620.7096
COIN,tiingo,new_york_equity_open,equity,long,2024-05-28T14:50:00,2024-06-20T14:15:00,239.3879,234.1932,0.445375,106.6174,3.0,,,1.0,,1.0,,,risk_on_micro,1.0,VIX_daily,11.93,,1.0,,,,,0.100486,0.8833,0.7143,1.0,0.0,0.0,base,1.0,,,0,above_ema,1.0,,1.0,-2.3347,5618.3749
AMZN,tiingo,new_york_equity_open,equity,long,2024-06-12T14:35:00,2024-07-15T16:05:00,188.1826,192.7964,20.907928,3934.5093,3.0,,,1.0,,1.0,,,risk_on_micro,1.0,VIX_daily,12.85,,1.0,,,,,5.098551,2.2885,1.546,1.0,0.0,0.0,directional_volume_boost,1.0,,,0,above_ema,1.0,,1.0,95.6692,5714.0441
META,tiingo,new_york_equity_open,equity,long,2024-06-05T13:35:00,2024-07-16T14:00:00,486.5573,493.3513,5.28301,2570.4864,3.0,,,1.0,,1.0,,,risk_on_micro,1.0,VIX_daily,13.16,,1.0,,,,,3.336217,8.6154,1.5418,1.0,0.0,0.0,base,1.0,,,0,above_ema,1.0,,1.0,35.3752,5749.4194
GOOGL,tiingo,new_york_equity_open,equity,long,2024-06-12T13:35:00,2024-07-17T13:30:00,180.211,183.3433,21.832717,3934.4968,3.0,,,1.0,,1.0,,,risk_on_micro,1.0,VIX_daily,12.85,,1.0,,,,,6.711968,14.4968,1.8073,1.0,0.0,0.0,directional_volume_boost,1.0,,,0,above_ema,1.0,,1.0,67.5935,5817.0129
TSLA,tiingo,new_york_equity_open,equity,long,2024-07-02T13:35:00,2024-07-24T13:30:00,220.5541,233.0534,8.704335,1919.7767,3.0,,,1.0,,1.0,,,risk_on_micro,1.0,VIX_daily,12.22,,1.0,,,,,2.738021,5.8548,1.5054,1.0,0.0,0.0,directional_volume_boost,1.0,,,0,above_ema,1.0,,1.0,108.4032,5925.4161
PLTR,tiingo,new_york_equity_open,equity,long,2024-06-12T13:35:00,2024-07-24T16:40:00,24.2849,26.8946,115.724109,2810.3432,3.0,,,1.0,,1.0,,,risk_on_micro,1.0,VIX_daily,12.85,,1.0,,,,,5.112838,1.0535,0.4682,1.0,0.0,0.0,base,1.0,,,0,above_ema,1.0,,1.0,301.4151,6226.8312
PAXG-USD,binance,hong_kong_open,gold,long,2024-07-16T03:05:00,2024-07-25T01:15:00,2420.484,2378.5242,1.652494,3999.8309,3.0,,,1.0,,1.0,,,risk_on_micro,1.0,VIX_daily,13.12,,1.0,,,,,5.786022,29.2739,2.7857,1.0,0.0,0.0,directional_volume_boost,1.0,,,0,above_ema,1.0,,1.0,-70.1312,6156.7
SOL-USD,binance,hong_kong_open,crypto,long,2024-07-19T06:05:00,2024-08-01T14:55:00,164.1928,165.3869,24.799524,4071.9041,3.0,,,1.0,,1.0,,,risk_on_micro,1.0,CryptoFG,61.0,,1.0,,,,,2.420009,8.1615,1.8726,1.0,0.0,0.0,directional_volume_boost,1.0,,,0,above_ema,1.0,,1.0,28.7962,6185.4962
BTC-USD,binance,new_york_equity_open,crypto,long,2024-07-19T16:15:00,2024-08-01T15:15:00,66171.2316,63444.0087,0.000681,45.0952,3.0,,,1.0,,1.0,,,risk_on_micro,1.0,CryptoFG,61.0,,1.0,,,,,0.056118,0.8639,0.6663,1.0,0.0,0.0,base,1.0,,,0,above_ema,1.0,,1.0,-1.8674,6183.6288
MSTR,tiingo,new_york_equity_open,equity,long,2024-07-16T15:30:00,2024-08-01T17:00:00,1643.8287,1510.3329,1.739223,2858.9848,3.0,,,1.0,,1.0,,,risk_on_micro,1.0,VIX_daily,13.12,,1.0,,,,,2.142454,0.8117,1.1515,1.0,0.0,0.0,base,1.0,,,0,above_ema,1.0,,1.0,-232.7275,5950.9013
PAXG-USD,binance,new_york_equity_open,gold,long,2024-08-02T21:20:00,2024-08-05T12:20:00,2478.4956,2355.5288,1.680707,4165.6302,3.0,,,1.0,,1.0,,,neutral_micro,1.0,VIX_daily,18.59,,1.0,,,,,5.524843,5.9993,1.7564,1.0,0.0,0.0,directional_volume_boost,1.0,,,0,above_ema,1.0,,1.0,-207.4838,5743.4174
SOL-USD,binance,hong_kong_open,crypto,short,2024-08-05T08:10:00,2024-08-05T16:05:00,121.1458,133.287,19.648731,2380.3605,3.0,,,1.0,,1.0,,,neutral_micro,1.0,CryptoFG,34.0,,1.0,,,,,1.970814,0.503,0.8558,1.0,0.0,0.0,base,1.0,,,0,below_ema,1.0,,1.0,-239.0582,5504.3592
BTC-USD,binance,hong_kong_open,crypto,short,2024-08-05T06:10:00,2024-08-07T02:30:00,52065.5848,57283.5977,0.057147,2975.4506,3.0,,,1.0,,1.0,,,neutral_micro,1.0,CryptoFG,34.0,,1.0,,,,,5.317951,5.0903,1.7842,1.0,0.0,0.0,base,1.0,,,0,below_ema,1.0,,1.0,-298.8173,5205.5419
NVDA,tiingo,new_york_equity_open,equity,short,2024-07-17T16:30:00,2024-08-15T13:55:00,117.7814,120.174,0.0,0.0,3.0,,,1.0,,1.0,,,risk_on_micro,0.0,VIX_daily,13.19,,1.0,,,,,0.0,1.0762,1.4592,1.0,0.0,0.0,base,1.0,,,0,below_ema,1.0,,1.0,-0.0,5205.5419
COPPER,tiingo,new_york_equity_open,metals,short,2024-08-05T13:35:00,2024-08-16T17:50:00,25.005,26.0152,160.78354,4020.3922,3.0,,,1.0,,1.0,,,neutral_micro,1.0,VIX_daily,23.39,,1.0,,,,,5.891176,1.3236,0.3954,1.0,0.0,0.0,directional_volume_boost,1.0,,,0,below_ema,1.0,,1.0,-163.2439,5042.2981
INTC,tiingo,new_york_equity_open,equity,short,2024-07-30T14:40:00,2024-08-19T13:30:00,30.5689,21.0642,100.701745,3078.3399,3.0,,,1.0,,1.0,,,neutral_micro,1.0,VIX_daily,16.6,,1.0,,,,,5.388188,1.1609,1.188,1.0,0.0,0.0,base,1.0,,,0,below_ema,1.0,,1.0,956.619,5998.917
PLTR,tiingo,new_york_equity_open,equity,long,2024-08-09T15:15:00,2024-08-28T13:50:00,29.851,30.3239,87.19218,2602.771,3.0,,,1.0,,1.0,,,neutral_micro,1.0,VIX_daily,23.79,,1.0,,,,,4.494198,0.6736,1.0168,1.0,0.0,0.0,base,1.0,,,0,above_ema,1.0,,1.0,40.7116,6039.6286
META,tiingo,new_york_equity_open,equity,long,2024-08-13T16:45:00,2024-08-28T13:50:00,527.4955,514.897,4.934202,2602.7685,3.0,,,1.0,,1.0,,,neutral_micro,1.0,VIX_daily,20.71,,1.0,,,,,3.35503,0.7591,1.067,1.0,0.0,0.0,base,1.0,,,0,above_ema,1.0,,1.0,-62.678,5976.9506
PAXG-USD,binance,hong_kong_open,gold,long,2024-08-17T06:20:00,2024-09-02T02:05:00,2509.5018,2481.5036,0.749058,1879.763,3.0,,,1.0,,1.0,,,risk_on_micro,1.0,VIX_daily,14.8,,1.0,,,,,3.854188,3.1309,1.4177,1.0,0.0,0.0,base,1.0,,,0,above_ema,1.0,,1.0,-21.346,5955.6046
HOOD,tiingo,new_york_equity_open,equity,long,2024-08-27T18:20:00,2024-09-03T17:00:00,21.3593,19.5261,140.424277,2999.3602,3.0,,,1.0,,1.0,,,neutral_micro,1.0,VIX_daily,16.15,,1.0,,,,,4.781339,0.6698,0.5808,1.0,0.0,0.0,base,1.0,,,0,above_ema,1.0,,1.0,-258.0006,5697.604
PPLT,tiingo,new_york_equity_open,metals,short,2024-09-03T14:05:00,2024-09-12T13:30:00,83.0034,87.6575,0.0,0.0,3.0,,,1.0,,1.0,,,risk_on_micro,0.0,VIX_daily,15.0,,1.0,,,,,0.0,2.3254,0.7919,1.0,0.0,0.0,directional_volume_boost,1.0,,,0,below_ema,1.0,,1.0,-0.0,5697.604
MSTR,tiingo,new_york_equity_open,equity,short,2024-09-03T14:15:00,2024-09-13T15:30:00,127.4145,139.4279,0.0,0.0,3.0,,,1.0,,1.0,,,risk_on_micro,0.0,VIX_daily,15.0,,1.0,,,,,0.0,1.0284,0.7715,1.0,0.0,0.0,base,1.0,,,0,below_ema,1.0,,1.0,-0.0,5697.604
SOL-USD,binance,new_york_equity_open,crypto,short,2024-08-30T15:00:00,2024-09-13T18:30:00,135.6329,138.0276,30.846965,4183.8623,3.0,,,1.0,,1.0,,,risk_off_micro,1.0,CryptoFG,29.0,,1.0,,,,,1.844988,3.1467,1.5121,1.0,0.0,0.0,directional_volume_boost,1.0,,,0,below_ema,1.0,,1.0,-74.7134,5622.8907
COIN,tiingo,new_york_equity_open,equity,short,2024-09-04T13:35:00,2024-09-18T18:35:00,164.5871,169.0938,17.308794,2848.8037,3.0,,,1.0,,1.0,,,neutral_micro,1.0,VIX_daily,20.72,,1.0,,,,,2.840313,5.2144,1.1161,1.0,0.0,0.0,base,1.0,,,0,below_ema,1.0,,1.0,-78.5832,5544.3074
GOOGL,tiingo,new_york_equity_open,equity,short,2024-09-04T17:50:00,2024-09-19T13:30:00,156.3987,160.5871,25.500948,3988.3152,3.0,,,1.0,,1.0,,,neutral_micro,1.0,VIX_daily,20.72,,1.0,,,,,6.72293,2.6051,1.8534,1.0,0.0,0.0,directional_volume_boost,1.0,,,0,below_ema,1.0,,1.0,-107.6166,5436.6908
AMZN,tiingo,new_york_equity_open,equity,long,2024-09-20T19:55:00,2024-10-01T13:30:00,191.1432,184.6131,19.841076,3792.487,3.0,,,1.0,,1.0,,,neutral_micro,1.0,VIX_daily,16.33,,1.0,,,,,4.832262,5.4316,1.907,1.0,0.0,0.0,directional_volume_boost,1.0,,,0,above_ema,1.0,,1.0,-130.3107,5306.3801
BTC-USD,binance,new_york_equity_open,crypto,long,2024-09-19T14:35:00,2024-10-01T15:00:00,63485.9246,62345.4584,0.059944,3805.6836,3.0,,,1.0,,1.0,,,neutral_micro,1.0,CryptoFG,45.0,,1.0,,,,,3.642713,1.5045,1.1965,1.0,0.0,0.0,directional_volume_boost,1.0,,,0,above_ema,1.0,,1.0,-69.119,5237.2611
SLV,tiingo,new_york_equity_open,metals,long,2024-09-13T15:55:00,2024-10-08T14:10:00,28.1306,28.1494,0.0,0.0,3.0,,,1.0,,1.0,,,neutral_micro,1.0,VIX_daily,17.07,,1.0,,,,,0.0,0.0663,0.2073,1.0,0.0,0.0,base,1.0,,,0,above_ema,1.0,,1.0,0.0,5237.2611
GLD,tiingo,new_york_equity_open,gold,long,2024-08-16T13:35:00,2024-10-08T14:30:00,230.126,242.4415,7.607533,1750.6917,3.0,,,1.0,,1.0,,,neutral_micro,1.0,VIX_daily,15.23,,1.0,,,,,2.530775,6.1896,1.1666,1.0,0.0,0.0,directional_volume_boost,1.0,,,0,above_ema,1.0,,1.0,93.3309,5330.592
PAXG-USD,binance,new_york_equity_open,gold,long,2024-09-12T13:40:00,2024-10-08T15:30:00,2544.5088,2618.4762,0.0,0.0,3.0,,,1.0,,1.0,,,neutral_micro,1.0,VIX_daily,17.69,,1.0,,,,,0.0,1.3181,0.5196,1.0,0.0,0.0,directional_volume_boost,1.0,,,0,above_ema,1.0,,1.0,0.0,5330.592
TSLA,tiingo,new_york_equity_open,equity,long,2024-09-05T13:40:00,2024-10-10T13:45:00,228.3557,237.8224,11.437674,2611.8579,3.0,,,1.0,,1.0,,,neutral_micro,1.0,VIX_daily,21.32,,1.0,,,,,3.583439,4.8253,1.453,1.0,0.0,0.0,directional_volume_boost,1.0,,,0,above_ema,1.0,,1.0,107.744,5438.336
META,tiingo,new_york_equity_open,equity,long,2024-09-19T13:35:00,2024-10-21T13:30:00,549.5699,573.9952,4.946312,2718.3449,3.0,,,1.0,,1.0,,,neutral_micro,1.0,VIX_daily,18.23,,1.0,,,,,3.546715,6.1124,1.7623,1.0,0.0,0.0,base,1.0,,,0,above_ema,1.0,,1.0,120.2595,5558.5956
HOOD,tiingo,new_york_equity_open,equity,long,2024-10-08T13:35:00,2024-10-31T13:30:00,24.1598,26.0748,151.741646,3666.0524,3.0,,,1.0,,1.0,,,neutral_micro,1.0,VIX_daily,22.64,,1.0,,,,,4.300484,4.5459,1.2089,1.0,0.0,0.0,directional_volume_boost,1.0,,,0,above_ema,1.0,,1.0,289.8208,5848.4164
INTC,tiingo,new_york_equity_open,equity,short,2024-10-23T18:10:00,2024-11-01T15:30:00,21.6407,23.3447,128.433517,2779.3877,3.0,,,1.0,,1.0,,,neutral_micro,1.0,VIX_daily,18.2,,1.0,,,,,4.529078,2.1031,1.0463,1.0,0.0,0.0,base,1.0,,,0,below_ema,1.0,,1.0,-219.4243,5628.9921
TSLA,tiingo,new_york_equity_open,equity,long,2024-10-25T13:45:00,2024-11-04T14:35:00,266.2432,239.571,0.99029,263.6579,3.0,,,1.0,,1.0,,,neutral_micro,1.0,VIX_daily,19.08,,1.0,,,,,0.351583,3.6107,1.054,1.0,0.0,0.0,directional_volume_boost,1.0,,,0,above_ema,1.0,,1.0,-26.4633,5602.5288
SLV,tiingo,new_york_equity_open,metals,long,2024-10-18T17:10:00,2024-11-04T16:50:00,30.151,29.4691,19.126142,576.6728,3.0,,,1.0,,1.0,,,neutral_micro,1.0,VIX_daily,19.11,,1.0,,,,,0.997533,2.387,1.1448,1.0,0.0,0.0,directional_volume_boost,1.0,,,0,above_ema,1.0,,1.0,-13.1561,5589.3727
PAXG-USD,binance,hong_kong_open,gold,long,2024-10-18T02:30:00,2024-11-05T02:40:00,2712.5424,2735.4528,0.0401,108.7729,3.0,,,1.0,,1.0,,,neutral_micro,1.0,VIX_daily,19.11,,1.0,,,,,0.22089,0.3023,0.5176,1.0,0.0,0.0,base,1.0,,,0,above_ema,1.0,,1.0,0.8969,5590.2696
ETH-USD,binance,new_york_equity_open,crypto,short,2024-11-04T21:45:00,2024-11-06T03:05:00,2374.625,2612.6099,0.0,0.0,3.0,,,1.0,,1.0,,,risk_on_micro,0.0,CryptoFG,74.0,,1.0,,,,,0.0,5.2529,1.0184,1.0,0.0,0.0,directional_volume_boost,1.0,,,0,below_ema,1.0,,1.0,-0.0,5590.2696
GLD,tiingo,new_york_equity_open,gold,long,2024-10-16T13:35:00,2024-11-06T14:30:00,247.9896,250.12,15.350763,3806.8291,3.0,,,1.0,,1.0,,,neutral_micro,1.0,VIX_daily,20.64,,1.0,,,,,5.305124,1.5402,0.3416,1.0,0.0,0.0,directional_volume_boost,1.0,,,0,above_ema,1.0,,1.0,31.9379,5622.2075
SOL-USD,binance,hong_kong_open,crypto,long,2024-11-06T03:10:00,2024-12-02T12:50:00,183.4667,221.7556,6.673732,1224.4074,3.0,,,1.0,,1.0,,,risk_on_micro,1.0,CryptoFG,70.0,,1.0,,,,,0.891054,5.2371,1.7246,1.0,0.0,0.0,directional_volume_boost,1.0,,,0,above_ema,1.0,,1.0,255.2597,5877.4671
BTC-USD,binance,new_york_equity_open,crypto,long,2024-10-15T13:50:00,2024-12-05T22:25:00,66825.6225,90772.9418,0.056967,3806.8352,3.0,,,1.0,,1.0,,,neutral_micro,1.0,CryptoFG,48.0,,1.0,,,,,3.690738,7.25,1.8826,1.0,0.0,0.0,directional_volume_boost,1.0,,,0,above_ema,1.0,,1.0,1363.2984,7240.7656
SLV,tiingo,new_york_equity_open,metals,long,2024-12-09T14:35:00,2024-12-13T15:25:00,29.2208,27.6095,123.900661,3620.4819,3.0,,,1.0,,1.0,,,risk_on_micro,1.0,VIX_daily,12.77,,1.0,,,,,8.910126,7.2799,1.496,1.0,0.0,0.0,base,1.0,,,0,above_ema,1.0,,1.0,-200.3478,7040.4178
COIN,tiingo,new_york_equity_open,equity,long,2024-11-07T17:40:00,2024-12-18T19:15:00,257.5815,298.5603,8.928982,2299.9404,3.0,,,1.0,,1.0,,,neutral_micro,1.0,VIX_daily,16.27,,1.0,,,,,2.325155,0.3935,0.8695,1.0,0.0,0.0,base,1.0,,,0,above_ema,1.0,,1.0,365.4023,7405.8201
META,tiingo,new_york_equity_open,equity,long,2024-12-03T16:00:00,2024-12-18T20:35:00,600.09,604.979,3.18887,1913.6085,3.0,,,1.0,,1.0,,,risk_on_micro,1.0,VIX_daily,13.34,,1.0,,,,,2.442716,0.5949,0.9048,1.0,0.0,0.0,base,1.0,,,0,above_ema,1.0,,1.0,15.2062,7421.0263
BTC-USD,binance,new_york_equity_open,crypto,long,2024-12-16T16:20:00,2024-12-19T20:10:00,106768.0193,96071.9992,0.028842,3079.543,3.0,,,1.0,,1.0,,,risk_on_micro,1.0,CryptoFG,80.0,,1.0,,,,,3.342075,1.2094,0.9279,1.0,0.0,0.0,base,1.0,,,0,above_ema,1.0,,1.0,-309.0808,7111.9455
NVDA,tiingo,new_york_equity_open,equity,short,2024-12-16T14:40:00,2024-12-24T14:45:00,131.1238,141.7934,0.0,0.0,3.0,,,1.0,,1.0,,,risk_on_micro,0.0,VIX_daily,13.81,,1.0,,,,,0.0,5.3339,1.2703,1.0,0.0,0.0,directional_volume_boost,1.0,,,0,below_ema,1.0,,1.0,-0.0,7111.9455
TSLA,tiingo,new_york_equity_open,equity,long,2024-11-06T14:35:00,2024-12-30T15:05:00,287.9976,416.5367,13.66518,3935.5398,3.0,,,1.0,,1.0,,,neutral_micro,1.0,VIX_daily,20.49,,1.0,,,,,5.644553,18.7755,2.3622,1.0,0.0,0.0,directional_volume_boost,1.0,,,0,above_ema,1.0,,1.0,1755.5468,8867.4923
COPPER,tiingo,new_york_equity_open,metals,short,2024-12-18T20:20:00,2025-01-06T14:45:00,25.6049,25.8552,128.355501,3286.5266,3.0,,,1.0,,1.0,,,neutral_micro,1.0,VIX_daily,15.87,,1.0,,,,,7.15883,1.0,1.0267,1.0,0.0,0.0,base,1.0,,,0,below_ema,1.0,,1.0,-32.7839,8834.7084
PPLT,tiingo,new_york_equity_open,metals,short,2024-12-27T17:50:00,2025-01-06T15:20:00,84.0432,86.2673,0.0,0.0,3.0,,,1.0,,1.0,,,risk_on_micro,0.0,VIX_daily,14.73,,1.0,,,,,0.0,0.2927,0.5448,1.0,0.0,0.0,base,1.0,,,0,below_ema,1.0,,1.0,-0.0,8834.7084
MSTR,tiingo,new_york_equity_open,equity,short,2024-12-19T15:30:00,2025-01-06T18:05:00,337.2925,364.863,5.795163,1954.6652,3.0,,,1.0,,1.0,,,risk_off_micro,1.0,VIX_daily,27.62,,1.0,,,,,1.23131,1.3427,1.4807,1.0,0.0,0.0,directional_volume_boost,1.0,,,0,below_ema,1.0,,1.0,-160.1821,8674.5263
PLTR,tiingo,new_york_equity_open,equity,long,2024-11-05T14:35:00,2025-01-07T15:00:00,48.2196,72.4255,81.154426,3913.2374,3.0,,,1.0,,1.0,,,neutral_micro,1.0,VIX_daily,21.98,,1.0,,,,,4.085402,11.3309,1.9567,1.0,0.0,0.0,directional_volume_boost,1.0,,,0,above_ema,1.0,,1.0,1963.4378,10637.9641
INTC,tiingo,new_york_equity_open,equity,short,2025-01-13T16:20:00,2025-01-17T14:30:00,18.8012,20.6855,282.893896,5318.7558,3.0,,,1.0,,1.0,,,neutral_micro,1.0,VIX_daily,19.54,,1.0,,,,,8.589529,0.1519,2.9604,1.0,0.0,0.0,base,1.0,,,0,below_ema,1.0,,1.0,-534.1845,10103.7796
COPPER,tiingo,new_york_equity_open,metals,long,2025-01-16T15:10:00,2025-01-27T16:20:00,27.7055,26.8546,159.917332,4430.5961,3.0,,,1.0,,1.0,,,neutral_micro,1.0,VIX_daily,16.12,,1.0,,,,,9.699259,0.0,1.0,1.0,0.0,0.0,base,1.0,,,0,above_ema,1.0,,1.0,-136.9419,9966.8377
COIN,tiingo,new_york_equity_open,equity,long,2025-01-17T14:40:00,2025-01-27T18:25:00,295.4541,265.8555,13.120339,3876.4575,3.0,,,1.0,,1.0,,,neutral_micro,1.0,VIX_daily,16.6,,1.0,,,,,2.593253,4.2779,1.1241,1.0,0.0,0.0,directional_volume_boost,1.0,,,0,above_ema,1.0,,1.0,-389.08,9577.7577
GOOGL,tiingo,new_york_equity_open,equity,long,2024-12-10T14:35:00,2025-02-05T14:30:00,184.5769,190.6419,20.952021,3867.259,3.0,,,1.0,,1.0,,,risk_on_micro,1.0,VIX_daily,14.19,,1.0,,,,,6.84962,12.2685,1.8822,1.0,0.0,0.0,directional_volume_boost,1.0,,,0,above_ema,1.0,,1.0,126.2871,9704.0448
PPLT,tiingo,new_york_equity_open,metals,long,2025-02-05T14:50:00,2025-02-19T14:35:00,89.808,89.1972,24.475377,2198.0836,3.0,,,1.0,,1.0,,,neutral_micro,1.0,VIX_daily,17.21,,1.0,,,,,3.989152,1.2677,0.2167,1.0,0.0,0.0,directional_volume_boost,1.0,,,0,above_ema,1.0,,1.0,-15.3886,9688.6563
PLTR,tiingo,new_york_equity_open,equity,long,2025-01-31T14:35:00,2025-02-20T14:50:00,82.8166,100.2449,25.332686,2097.9658,3.0,,,1.0,,1.0,,,neutral_micro,1.0,VIX_daily,15.84,,1.0,,,,,1.620955,3.9182,1.3275,1.0,0.0,0.0,directional_volume_boost,1.0,,,0,above_ema,1.0,,1.0,441.0431,10129.6993
HOOD,tiingo,new_york_equity_open,equity,long,2025-01-15T14:35:00,2025-02-21T19:00:00,44.3689,52.6595,167.832928,7446.5581,3.0,,,1.0,,1.0,,,neutral_micro,1.0,VIX_daily,18.71,,1.0,,,,,7.58869,6.3772,1.3187,1.0,0.0,0.0,directional_volume_boost,1.0,,,0,above_ema,1.0,,1.0,1389.8019,11519.5012
SLV,tiingo,new_york_equity_open,metals,long,2025-01-30T14:35:00,2025-02-25T15:20:00,28.6157,28.8092,167.34955,4788.8286,3.0,,,1.0,,1.0,,,neutral_micro,1.0,VIX_daily,16.56,,1.0,,,,,12.120834,0.8356,0.2791,1.0,0.0,0.0,base,1.0,,,0,above_ema,1.0,,1.0,31.4269,11550.9281
PAXG-USD,binance,new_york_equity_open,gold,long,2025-01-08T16:00:00,2025-02-27T14:45:00,2671.5342,2895.4208,2.787377,7446.5755,3.0,,,1.0,,1.0,,,neutral_micro,1.0,VIX_daily,17.82,,1.0,,,,,10.182534,6.5712,2.4512,1.0,0.0,0.0,directional_volume_boost,1.0,,,0,above_ema,1.0,,1.0,622.5051,12173.4332
GLD,tiingo,new_york_equity_open,gold,long,2025-01-10T14:35:00,2025-02-27T14:45:00,248.6197,265.3969,0.85576,212.7587,3.0,,,1.0,,1.0,,,neutral_micro,1.0,VIX_daily,17.7,,1.0,,,,,0.30188,40.0,2.8571,1.0,0.0,0.0,directional_volume_boost,1.0,,,0,above_ema,1.0,,1.0,14.3133,12187.7465
SOL-USD,binance,new_york_equity_open,crypto,short,2025-02-17T18:55:00,2025-03-24T03:10:00,175.5049,136.7373,11.453531,2010.1506,3.0,,,1.0,,1.0,,,neutral_micro,1.0,CryptoFG,54.0,,1.0,,,,,1.391967,0.7659,0.7009,1.0,0.0,0.0,base,1.0,,,0,below_ema,1.0,,1.0,443.6678,12631.4143
ETH-USD,binance,hong_kong_open,crypto,short,2025-02-25T07:10:00,2025-03-24T06:05:00,2435.0329,2070.314,2.233752,5439.2527,3.0,,,1.0,,1.0,,,neutral_micro,1.0,CryptoFG,49.0,,1.0,,,,,5.260577,7.3043,2.1938,1.0,0.0,0.0,directional_volume_boost,1.0,,,0,below_ema,1.0,,1.0,813.685,13445.0993
MSTR,tiingo,new_york_equity_open,equity,short,2025-02-21T18:05:00,2025-03-24T13:30:00,309.6581,309.1118,17.584935,5445.3167,3.0,,,1.0,,1.0,,,neutral_micro,1.0,VIX_daily,15.66,,1.0,,,,,3.638935,1.5251,1.0582,1.0,0.0,0.0,directional_volume_boost,1.0,,,0,below_ema,1.0,,1.0,8.5184,13453.6177
COIN,tiingo,new_york_equity_open,equity,short,2025-02-24T14:55:00,2025-03-25T13:30:00,231.1238,202.8956,24.920719,5759.7705,3.0,,,1.0,,1.0,,,neutral_micro,1.0,VIX_daily,18.21,,1.0,,,,,5.802045,1.019,0.6988,1.0,0.0,0.0,base,1.0,,,0,below_ema,1.0,,1.0,702.3858,14156.0034
GOOGL,tiingo,new_york_equity_open,equity,short,2025-02-26T14:35:00,2025-03-25T13:30:00,174.1752,167.9586,27.981496,4873.6813,3.0,,,1.0,,1.0,,,neutral_micro,1.0,VIX_daily,19.43,,1.0,,,,,11.814973,3.2082,1.2036,1.0,0.0,0.0,base,1.0,,,0,below_ema,1.0,,1.0,172.9925,14328.9959
PLTR,tiingo,new_york_equity_open,equity,long,2025-03-25T13:35:00,2025-03-28T13:35:00,97.3995,87.642,73.557496,7164.4612,3.0,,,1.0,,1.0,,,neutral_micro,1.0,VIX_daily,17.48,,1.0,,,,,6.755559,5.6742,1.5203,1.0,0.0,0.0,base,1.0,,,0,above_ema,1.0,,1.0,-719.1009,13609.895
COPPER,tiingo,new_york_equity_open,metals,long,2025-03-06T15:10:00,2025-04-03T13:45:00,30.161,31.1538,28.091987,847.2833,3.0,,,1.0,,1.0,,,neutral_micro,1.0,VIX_daily,21.93,,1.0,,,,,1.326287,2.1053,2.2821,1.0,0.0,0.0,directional_volume_boost,1.0,,,0,above_ema,1.0,,1.0,27.7166,13637.6116
GOOGL,tiingo,new_york_equity_open,equity,short,2025-03-28T15:05:00,2025-04-14T13:30:00,156.3287,159.5769,60.941507,9526.9082,3.0,,,1.0,,1.0,,,neutral_micro,1.0,VIX_daily,18.69,,1.0,,,,,16.209119,2.5346,1.3669,1.0,0.0,0.0,directional_volume_boost,1.0,,,0,below_ema,1.0,,1.0,-199.8763,13437.7353
COIN,tiingo,new_york_equity_open,equity,short,2025-03-28T16:20:00,2025-04-22T13:35:00,176.0498,183.5667,54.114895,9526.9157,3.0,,,1.0,,1.0,,,neutral_micro,1.0,VIX_daily,18.69,,1.0,,,,,6.46094,2.0681,1.907,1.0,0.0,0.0,directional_volume_boost,1.0,,,0,below_ema,1.0,,1.0,-408.7229,13029.0124
ETH-USD,binance,new_york_equity_open,crypto,short,2025-04-06T13:55:00,2025-04-22T15:00:00,1749.53,1691.8383,0.527066,922.1182,3.0,,,1.0,,1.0,,,risk_off_micro,1.0,CryptoFG,30.0,,1.0,,,,,1.982375,9.4838,1.5631,1.0,0.0,0.0,base,1.0,,,0,below_ema,1.0,,1.0,30.2261,13059.2385
AMZN,tiingo,new_york_equity_open,equity,short,2025-03-31T13:35:00,2025-04-25T13:30:00,185.8228,187.4675,22.371166,4157.0733,3.0,,,1.0,,1.0,,,neutral_micro,1.0,VIX_daily,21.65,,1.0,,,,,5.332632,5.801,1.5522,1.0,0.0,0.0,directional_volume_boost,1.0,,,0,below_ema,1.0,,1.0,-37.6287,13021.6098
META,tiingo,new_york_equity_open,equity,short,2025-03-31T13:35:00,2025-04-28T13:30:00,556.2287,557.6015,7.473681,4157.0755,3.0,,,1.0,,1.0,,,neutral_micro,1.0,VIX_daily,21.65,,1.0,,,,,3.588747,1.8706,0.857,1.0,0.0,0.0,directional_volume_boost,1.0,,,0,below_ema,1.0,,1.0,-11.0921,13010.5177
NVDA,tiingo,new_york_equity_open,equity,short,2025-03-03T20:25:00,2025-05-01T13:30:00,112.4925,111.9774,75.840263,8531.4605,3.0,,,1.0,,1.0,,,neutral_micro,1.0,VIX_daily,19.63,,1.0,,,,,8.227019,1.887,1.4871,1.0,0.0,0.0,directional_volume_boost,1.0,,,0,below_ema,1.0,,1.0,37.3638,13047.8815
COIN,tiingo,new_york_equity_open,equity,long,2025-05-22T18:20:00,2025-05-30T13:30:00,271.3743,246.7706,11.565715,3138.6376,3.0,,,1.0,,1.0,,,neutral_micro,1.0,VIX_daily,20.87,,1.0,,,,,2.194456,1.9337,1.4013,1.0,0.0,0.0,directional_volume_boost,1.0,,,0,above_ema,1.0,,1.0,-285.1581,12762.7234
BTC-USD,binance,new_york_equity_open,crypto,long,2025-04-22T13:45:00,2025-05-30T16:30:00,90183.8132,104163.8831,0.10113,9120.3086,3.0,,,1.0,,1.0,,,neutral_micro,1.0,CryptoFG,39.0,,1.0,,,,,8.671743,5.6586,1.5311,1.0,0.0,0.0,directional_volume_boost,1.0,,,0,above_ema,1.0,,1.0,1411.8369,14174.5603
PLTR,tiingo,new_york_equity_open,equity,long,2025-04-15T19:10:00,2025-06-05T19:15:00,98.5897,120.5959,47.704702,4703.1931,3.0,,,1.0,,1.0,,,risk_off_micro,0.5,VIX_daily,30.89,,1.0,,,,,3.33506,2.0459,1.6365,1.0,0.0,0.0,directional_volume_boost,1.0,,,0,above_ema,1.0,,1.0,1048.7526,15223.3129
INTC,tiingo,new_york_equity_open,equity,short,2025-05-30T15:35:00,2025-06-09T13:30:00,19.7211,20.6691,120.110742,2368.7107,3.0,,,1.0,,1.0,,,neutral_micro,1.0,VIX_daily,19.18,,1.0,,,,,2.876861,1.5872,1.5269,1.0,0.0,0.0,directional_volume_boost,1.0,,,0,below_ema,1.0,,1.0,-114.3541,15108.9588
ETH-USD,binance,new_york_equity_open,crypto,long,2025-06-10T19:40:00,2025-06-13T00:30:00,2804.1107,2523.1949,0.727609,2040.3003,3.0,,,1.0,,1.0,,,risk_on_micro,1.0,CryptoFG,62.0,,1.0,,,,,2.52026,5.9306,1.9272,1.0,0.0,0.0,directional_volume_boost,1.0,,,0,above_ema,1.0,,1.0,-204.7848,14904.174
SOL-USD,binance,hong_kong_open,crypto,short,2025-06-13T02:45:00,2025-06-16T01:50:00,141.3117,155.474,0.0,0.0,3.0,,,1.0,,1.0,,,risk_on_micro,0.0,CryptoFG,71.0,,1.0,,,,,0.0,1.6016,1.8683,1.0,0.0,0.0,base,1.0,,,0,below_ema,1.0,,1.0,-0.0,14904.174
AMZN,tiingo,new_york_equity_open,equity,long,2025-06-09T14:25:00,2025-06-20T15:00:00,214.998,209.6481,35.137437,7554.4794,3.0,,,1.0,,1.0,,,neutral_micro,1.0,VIX_daily,16.77,,1.0,,,,,13.653597,1.7921,1.2162,1.0,0.0,0.0,base,1.0,,,0,above_ema,1.0,,1.0,-189.4751,14714.699
META,tiingo,new_york_equity_open,equity,long,2025-06-02T16:10:00,2025-06-20T19:15:00,663.7377,680.9038,2.919724,1937.9304,3.0,,,1.0,,1.0,,,neutral_micro,1.0,VIX_daily,18.57,,1.0,,,,,2.346568,1.1092,0.7983,1.0,0.0,0.0,base,1.0,,,0,above_ema,1.0,,1.0,49.7275,14764.4265
ETH-USD,binance,new_york_equity_open,crypto,short,2025-06-22T20:10:00,2025-06-23T20:20:00,2143.8411,2358.6969,0.966579,2072.1947,3.0,,,1.0,,1.0,,,neutral_micro,1.0,CryptoFG,49.0,,1.0,,,,,3.854322,11.9288,2.6954,1.0,0.0,0.0,base,1.0,,,0,below_ema,1.0,,1.0,-208.1106,14556.3159
PAXG-USD,binance,new_york_equity_open,gold,long,2025-06-02T13:55:00,2025-06-24T00:00:00,3384.6068,3362.0775,2.931561,9922.1916,3.0,,,1.0,,1.0,,,neutral_micro,1.0,VIX_daily,18.57,,1.0,,,,,12.643014,3.7109,1.4801,1.0,0.0,0.0,directional_volume_boost,1.0,,,0,above_ema,1.0,,1.0,-68.0245,14488.2914
SLV,tiingo,new_york_equity_open,metals,long,2025-06-02T13:35:00,2025-06-24T13:30:00,30.8712,32.5685,34.729687,1072.1462,3.0,,,1.0,,1.0,,,neutral_micro,1.0,VIX_daily,18.57,,1.0,,,,,1.950609,1.855,1.7652,1.0,0.0,0.0,directional_volume_boost,1.0,,,0,above_ema,1.0,,1.0,58.7258,14547.0172
SOL-USD,binance,new_york_equity_open,crypto,short,2025-06-20T17:25:00,2025-06-28T16:00:00,137.4225,148.8398,51.249951,7042.8967,3.0,,,1.0,,1.0,,,neutral_micro,1.0,CryptoFG,57.0,,1.0,,,,,3.317755,11.7043,2.3785,1.0,0.0,0.0,directional_volume_boost,1.0,,,0,below_ema,1.0,,1.0,-586.6013,13960.4159
META,tiingo,new_york_equity_open,equity,long,2025-06-24T13:35:00,2025-07-11T13:40:00,711.4523,712.6474,14.312842,10182.902,3.0,,,1.0,,1.0,,,neutral_micro,1.0,VIX_daily,19.83,,1.0,,,,,8.695646,5.2331,1.0598,1.0,0.0,0.0,directional_volume_boost,1.0,,,0,above_ema,1.0,,1.0,15.0678,13975.4837
BTC-USD,binance,new_york_equity_open,crypto,long,2025-07-02T16:10:00,2025-07-25T03:30:00,109558.8574,115713.7726,0.049828,5459.0731,3.0,,,1.0,,1.0,,,risk_on_micro,1.0,CryptoFG,64.0,,1.0,,,,,4.683112,9.1974,2.1018,1.0,0.0,0.0,directional_volume_boost,1.0,,,0,above_ema,1.0,,1.0,305.5665,14281.0502
COIN,tiingo,new_york_equity_open,equity,long,2025-06-18T15:55:00,2025-07-29T15:00:00,279.0458,373.1903,5.330242,1487.3814,3.0,,,1.0,,1.0,,,neutral_micro,1.0,VIX_daily,21.6,,1.0,,,,,1.110569,3.5465,1.1127,1.0,0.0,0.0,directional_volume_boost,1.0,,,0,above_ema,1.0,,1.0,501.4656,14782.5157
PPLT,tiingo,new_york_equity_open,metals,long,2025-05-09T14:55:00,2025-07-30T14:55:00,90.8582,124.1052,100.525227,9133.5372,3.0,,,1.0,,1.0,,,neutral_micro,1.0,VIX_daily,22.48,,1.0,,,,,17.030014,5.1156,2.7541,1.0,0.0,0.0,directional_volume_boost,1.0,,,0,above_ema,1.0,,1.0,3339.9996,18122.5153
AMZN,tiingo,new_york_equity_open,equity,long,2025-06-27T13:35:00,2025-08-01T13:30:00,220.3091,222.8554,10.424562,2296.6254,3.0,,,1.0,,1.0,,,neutral_micro,1.0,VIX_daily,16.59,,1.0,,,,,4.203524,3.8946,1.4004,1.0,0.0,0.0,base,1.0,,,0,above_ema,1.0,,1.0,26.0824,18148.5978
HOOD,tiingo,new_york_equity_open,equity,long,2025-05-08T13:35:00,2025-08-01T13:30:00,52.7405,98.7402,173.17993,9133.6037,3.0,,,1.0,,1.0,,,neutral_micro,1.0,VIX_daily,23.55,,1.0,,,,,8.854917,9.0897,1.6328,1.0,0.0,0.0,directional_volume_boost,1.0,,,0,above_ema,1.0,,1.0,7963.6105,26112.2083
BTC-USD,binance,hong_kong_open,crypto,long,2025-08-11T02:05:00,2025-08-18T02:15:00,120718.1488,115855.5343,0.043261,5222.4426,3.0,,,1.0,,1.0,,,risk_on_micro,1.0,CryptoFG,69.0,,1.0,,,,,6.235354,11.5244,2.2072,1.0,0.0,0.0,directional_volume_boost,1.0,,,0,above_ema,1.0,,1.0,-211.3847,25900.8236
META,tiingo,new_york_equity_open,equity,long,2025-08-12T13:35:00,2025-08-18T13:40:00,785.092,758.2983,6.933932,5443.7744,3.0,,,1.0,,1.0,,,neutral_micro,1.0,VIX_daily,16.25,,1.0,,,,,4.643878,5.9076,1.3909,1.0,0.0,0.0,directional_volume_boost,1.0,,,0,above_ema,1.0,,1.0,-186.8557,25713.9679
PLTR,tiingo,new_york_equity_open,equity,long,2025-07-14T18:50:00,2025-08-19T13:30:00,148.3497,169.0462,21.812455,3235.8703,3.0,,,1.0,,1.0,,,neutral_micro,1.0,VIX_daily,16.4,,1.0,,,,,2.009083,1.7973,1.8237,1.0,0.0,0.0,directional_volume_boost,1.0,,,0,above_ema,1.0,,1.0,450.7487,26164.7166
ETH-USD,binance,hong_kong_open,crypto,long,2025-08-08T03:25:00,2025-08-20T01:35:00,3954.6308,4066.5265,4.622064,18278.5449,3.0,,,1.0,,1.0,,,risk_on_micro,1.0,CryptoFG,62.0,,1.0,,,,,11.529421,9.4774,2.7218,1.0,0.0,0.0,directional_volume_boost,1.0,,,0,above_ema,1.0,,1.0,513.4824,26678.199
HOOD,tiingo,new_york_equity_open,equity,long,2025-08-08T13:50:00,2025-08-20T13:45:00,113.5427,102.168,114.988186,13056.0697,3.0,,,1.0,,1.0,,,neutral_micro,1.0,VIX_daily,16.57,,1.0,,,,,11.004429,2.5102,1.2115,1.0,0.0,0.0,base,1.0,,,0,above_ema,1.0,,1.0,-1310.4404,25367.7585
INTC,tiingo,new_york_equity_open,equity,long,2025-08-19T13:45:00,2025-08-20T14:50:00,25.9602,23.3595,540.976721,14043.8596,3.0,,,1.0,,1.0,,,risk_on_micro,1.0,VIX_daily,14.99,,1.0,,,,,18.287087,2.598,1.1753,1.0,0.0,0.0,directional_volume_boost,1.0,,,0,above_ema,1.0,,1.0,-1409.5724,23958.1862
SOL-USD,binance,hong_kong_open,crypto,long,2025-08-24T02:30:00,2025-08-25T20:10:00,211.4423,190.26,22.661673,4791.6358,3.0,,,1.0,,1.0,,,risk_on_micro,1.0,CryptoFG,60.0,,1.0,,,,,3.373679,7.71,1.8012,1.0,0.0,0.0,directional_volume_boost,1.0,,,0,above_ema,1.0,,1.0,-480.9358,23477.2504
ETH-USD,binance,new_york_equity_open,crypto,long,2025-08-22T17:15:00,2025-08-26T00:45:00,4813.0024,4330.8359,3.484469,16770.7317,3.0,,,1.0,,1.0,,,neutral_micro,1.0,CryptoFG,50.0,,1.0,,,,,18.754173,1.7819,2.1013,1.0,0.0,0.0,directional_volume_boost,1.0,,,0,above_ema,1.0,,1.0,-1683.2808,21793.9696
SOL-USD,binance,hong_kong_open,crypto,long,2025-08-28T08:05:00,2025-09-22T05:55:00,215.183,230.104,70.896763,15255.7787,3.0,,,1.0,,1.0,,,neutral_micro,1.0,CryptoFG,51.0,,1.0,,,,,11.552934,7.3879,2.4718,1.0,0.0,0.0,directional_volume_boost,1.0,,,0,above_ema,1.0,,1.0,1054.6904,22848.66
GOOGL,tiingo,new_york_equity_open,equity,long,2025-07-11T18:25:00,2025-09-30T13:35:00,181.3013,240.6569,38.542016,6987.7149,3.0,,,1.0,,1.0,,,neutral_micro,1.0,VIX_daily,15.78,,1.0,,,,,16.892583,0.9555,1.354,1.0,0.0,0.0,base,1.0,,,0,above_ema,1.0,,1.0,2286.0563,25134.7163
MSTR,tiingo,new_york_equity_open,equity,short,2025-09-25T13:35:00,2025-10-01T13:45:00,307.6585,338.492,51.986505,15994.088,3.0,,,1.0,,1.0,,,neutral_micro,1.0,VIX_daily,16.18,,1.0,,,,,11.097817,6.5055,1.2654,1.0,0.0,0.0,directional_volume_boost,1.0,,,0,below_ema,1.0,,1.0,-1606.2837,23528.4327
TSLA,tiingo,new_york_equity_open,equity,long,2025-08-11T13:35:00,2025-10-03T17:45:00,340.188,418.8162,53.730714,18278.5458,3.0,,,1.0,,1.0,,,neutral_micro,1.0,VIX_daily,15.15,,1.0,,,,,19.68277,3.5114,1.2224,1.0,0.0,0.0,directional_volume_boost,1.0,,,0,above_ema,1.0,,1.0,4220.6708,27749.1035
ETH-USD,binance,new_york_equity_open,crypto,long,2025-10-06T14:10:00,2025-10-10T15:20:00,4658.1614,4191.5068,1.191417,5549.8206,3.0,,,1.0,,1.0,,,risk_on_micro,1.0,CryptoFG,74.0,,1.0,,,,,7.179934,3.2878,1.0937,1.0,0.0,0.0,directional_volume_boost,1.0,,,0,above_ema,1.0,,1.0,-557.0344,27192.0691
BTC-USD,binance,hong_kong_open,crypto,long,2025-10-05T02:35:00,2025-10-10T21:10:00,124156.4263,112633.7387,0.15645,19424.3725,3.0,,,1.0,,1.0,,,risk_on_micro,1.0,CryptoFG,71.0,,1.0,,,,,25.221702,21.5772,2.1215,1.0,0.0,0.0,directional_volume_boost,1.0,,,0,above_ema,1.0,,1.0,-1806.4312,25385.6378
PAXG-USD,binance,hong_kong_open,gold,long,2025-08-28T08:50:00,2025-10-10T21:20:00,3396.6792,3806.1586,0.456594,1550.9008,3.0,,,1.0,,1.0,,,risk_on_micro,1.0,VIX_daily,14.85,,1.0,,,,,2.204861,3.6378,1.564,1.0,0.0,0.0,directional_volume_boost,1.0,,,0,above_ema,1.0,,1.0,186.6369,25572.2747
NVDA,tiingo,new_york_equity_open,equity,long,2025-09-30T14:05:00,2025-10-14T13:30:00,184.7219,181.4237,82.661654,15269.4219,3.0,,,1.0,,1.0,,,neutral_micro,1.0,VIX_daily,16.12,,1.0,,,,,12.661248,4.6089,1.544,1.0,0.0,0.0,directional_volume_boost,1.0,,,0,above_ema,1.0,,1.0,-275.6607,25296.614
COIN,tiingo,new_york_equity_open,equity,long,2025-10-02T13:35:00,2025-10-15T17:10:00,357.8716,335.023,32.573475,11657.1221,3.0,,,1.0,,1.0,,,neutral_micro,1.0,VIX_daily,16.29,,1.0,,,,,10.136378,4.5624,1.2315,1.0,0.0,0.0,base,1.0,,,0,above_ema,1.0,,1.0,-746.5159,24550.0981
PAXG-USD,binance,hong_kong_open,gold,long,2025-10-13T07:50:00,2025-10-27T11:35:00,4080.4859,4019.196,3.133484,12786.137,3.0,,,1.0,,1.0,,,neutral_micro,1.0,VIX_daily,21.66,,1.0,,,,,23.471439,0.8522,0.802,1.0,0.0,0.0,base,1.0,,,0,above_ema,1.0,,1.0,-194.59,24355.5081
SLV,tiingo,new_york_equity_open,metals,long,2025-08-22T15:10:00,2025-10-27T13:30:00,35.4271,43.2713,473.388587,16770.7777,3.0,,,1.0,,1.0,,,neutral_micro,1.0,VIX_daily,16.6,,1.0,,,,,29.57239,2.3117,1.4251,1.0,0.0,0.0,directional_volume_boost,1.0,,,0,above_ema,1.0,,1.0,3709.6494,28065.1575
META,tiingo,new_york_equity_open,equity,long,2025-10-27T13:40:00,2025-10-30T13:30:00,751.0102,703.7892,26.158926,19645.6155,3.0,,,1.0,,1.0,,,neutral_micro,1.0,VIX_daily,16.37,,1.0,,,,,17.661477,2.3525,0.8188,1.0,0.0,0.0,directional_volume_boost,1.0,,,0,above_ema,1.0,,1.0,-1239.0551,26826.1024
PLTR,tiingo,new_york_equity_open,equity,long,2025-10-27T13:35:00,2025-11-06T17:25:00,189.2328,175.015,74.155409,14032.6381,3.0,,,1.0,,1.0,,,neutral_micro,1.0,VIX_daily,16.37,,1.0,,,,,11.10807,10.1358,2.0726,1.0,0.0,0.0,base,1.0,,,0,above_ema,1.0,,1.0,-1057.0284,25769.0741
TSLA,tiingo,new_york_equity_open,equity,long,2025-11-03T14:50:00,2025-11-07T14:30:00,467.8435,430.124,6.171231,2887.1704,3.0,,,1.0,,1.0,,,neutral_micro,1.0,VIX_daily,17.44,,1.0,,,,,2.676375,1.306,1.0351,1.0,0.0,0.0,directional_volume_boost,1.0,,,0,above_ema,1.0,,1.0,-233.3301,25535.744
AMZN,tiingo,new_york_equity_open,equity,long,2025-10-28T16:25:00,2025-11-14T14:30:00,229.0758,236.7476,62.595004,14338.9998,3.0,,,1.0,,1.0,,,neutral_micro,1.0,VIX_daily,15.79,,1.0,,,,,19.103832,1.352,0.9166,1.0,0.0,0.0,directional_volume_boost,1.0,,,0,above_ema,1.0,,1.0,477.3016,26013.0456
GOOGL,tiingo,new_york_equity_open,equity,long,2025-10-16T14:45:00,2025-11-14T14:30:00,256.1762,275.115,47.916462,12275.0586,3.0,,,1.0,,1.0,,,neutral_micro,1.0,VIX_daily,20.64,,1.0,,,,,25.50289,0.8365,1.1344,1.0,0.0,0.0,base,1.0,,,0,above_ema,1.0,,1.0,904.9343,26917.9799
BTC-USD,binance,hong_kong_open,crypto,short,2025-11-14T04:35:00,2025-12-03T04:25:00,97713.4634,93110.6184,0.006836,667.9698,3.0,,,1.0,,1.0,,,risk_off_micro,1.0,CryptoFG,15.0,,1.0,,,,,0.927723,7.3489,2.5932,1.0,0.0,0.0,directional_volume_boost,1.0,,,0,below_ema,1.0,,1.0,31.3365,26949.3164
CRCL,tiingo,new_york_equity_open,equity,short,2025-11-03T14:45:00,2025-12-03T15:50:00,122.3255,81.4863,109.650012,13412.9964,3.0,,,1.0,,1.0,,,neutral_micro,1.0,VIX_daily,17.44,,1.0,,,,,26.825993,2.6797,1.138,1.0,0.0,0.0,base,1.0,,,0,,1.0,,1.0,4475.7855,31425.1018
COIN,tiingo,new_york_equity_open,equity,short,2025-11-14T14:35:00,2025-12-04T16:20:00,272.7554,279.906,49.344424,13458.9603,3.0,,,1.0,,1.0,,,neutral_micro,1.0,VIX_daily,20.0,,1.0,,,,,12.090283,2.6567,0.903,1.0,0.0,0.0,base,1.0,,,0,below_ema,1.0,,1.0,-355.568,31069.5338
GOOGL,tiingo,new_york_equity_open,equity,long,2025-11-17T14:40:00,2025-12-09T14:55:00,292.3185,311.1278,57.76966,16887.1352,3.0,,,1.0,,1.0,,,neutral_micro,1.0,VIX_daily,19.83,,1.0,,,,,24.169818,4.4027,0.8441,1.0,0.0,0.0,directional_volume_boost,1.0,,,0,above_ema,1.0,,1.0,1083.1172,32152.651
MSTR,tiingo,new_york_equity_open,equity,short,2025-10-16T16:00:00,2025-12-09T16:05:00,291.5267,190.9982,42.106045,12275.0364,3.0,,,1.0,,1.0,,,neutral_micro,1.0,VIX_daily,20.64,,1.0,,,,,12.825861,0.8883,1.402,1.0,0.0,0.0,base,1.0,,,0,below_ema,1.0,,1.0,4230.8257,36383.4768
HOOD,tiingo,new_york_equity_open,equity,long,2025-12-09T15:55:00,2025-12-11T15:45:00,138.4977,124.623,116.076231,16076.2907,3.0,,,1.0,,1.0,,,neutral_micro,1.0,VIX_daily,16.66,,1.0,,,,,12.9266,1.1758,1.1381,1.0,0.0,0.0,base,1.0,,,0,above_ema,1.0,,1.0,-1613.581,34769.8958
SOL-USD,binance,new_york_equity_open,crypto,short,2025-12-17T17:05:00,2025-12-29T01:40:00,123.0254,129.0758,197.837261,24339.0062,3.0,,,1.0,,1.0,,,risk_off_micro,1.0,CryptoFG,11.0,,1.0,,,,,11.794372,2.6889,1.9204,1.0,0.0,0.0,directional_volume_boost,1.0,,,0,below_ema,1.0,,1.0,-1201.9845,33567.9113
TSLA,tiingo,new_york_equity_open,equity,long,2025-12-05T14:35:00,2025-12-29T14:30:00,455.3711,465.6768,47.76035,21748.6784,3.0,,,1.0,,1.0,,,neutral_micro,1.0,VIX_daily,15.78,,1.0,,,,,21.369695,2.8406,0.8779,1.0,0.0,0.0,directional_volume_boost,1.0,,,0,above_ema,1.0,,1.0,487.806,34055.7173
PAXG-USD,binance,new_york_equity_open,gold,long,2025-11-12T15:20:00,2025-12-29T15:20:00,4158.6816,4332.2434,3.070177,12767.8708,3.0,,,1.0,,1.0,,,neutral_micro,1.0,VIX_daily,17.28,,1.0,,,,,22.209037,6.0588,1.1004,1.0,0.0,0.0,base,1.0,,,0,above_ema,1.0,,1.0,530.2585,34585.9758
PLTR,tiingo,new_york_equity_open,equity,long,2025-12-19T15:05:00,2026-01-02T14:35:00,191.4633,177.1746,127.120803,24338.9652,3.0,,,1.0,,1.0,,,neutral_micro,1.0,VIX_daily,16.87,,1.0,,,,,14.300337,2.3126,1.0175,1.0,0.0,0.0,directional_volume_boost,1.0,,,0,above_ema,1.0,,1.0,-1821.0822,32764.8937
AMZN,tiingo,new_york_equity_open,equity,long,2026-01-02T14:35:00,2026-01-02T15:55:00,233.3067,225.5549,98.305799,22935.3961,3.0,,,1.0,,1.0,,,risk_on_micro,1.0,VIX_daily,14.95,,1.0,,,,,29.861013,40.0,2.8571,1.0,0.0,0.0,directional_volume_boost,1.0,,,0,above_ema,1.0,,1.0,-766.5591,31998.3346
NVDA,tiingo,new_york_equity_open,equity,long,2025-12-23T17:00:00,2026-01-08T14:50:00,188.3477,185.8878,39.690541,7475.6212,3.0,,,1.0,,1.0,,,risk_on_micro,1.0,VIX_daily,14.08,,1.0,,,,,9.204107,1.0006,1.0236,1.0,0.0,0.0,base,1.0,,,0,above_ema,1.0,,1.0,-99.119,31899.2155
AMZN,tiingo,new_york_equity_open,equity,long,2026-01-06T14:55:00,2026-01-20T14:30:00,236.2922,232.0786,67.709309,15999.1808,3.0,,,1.0,,1.0,,,risk_on_micro,1.0,VIX_daily,14.9,,1.0,,,,,29.861079,1.9471,0.9322,1.0,0.0,0.0,base,1.0,,,0,above_ema,1.0,,1.0,-288.473,31610.7426
META,tiingo,new_york_equity_open,equity,short,2026-01-08T14:45:00,2026-01-23T14:50:00,636.5127,654.991,23.431864,14914.6725,3.0,,,1.0,,1.0,,,neutral_micro,1.0,VIX_daily,15.38,,1.0,,,,,19.545431,0.9443,0.6329,1.0,0.0,0.0,base,1.0,,,0,below_ema,1.0,,1.0,-436.0058,31174.7368
INTC,tiingo,new_york_equity_open,equity,long,2026-01-07T14:55:00,2026-01-26T14:30:00,42.2835,43.9012,529.724201,22398.5693,3.0,,,1.0,,1.0,,,risk_on_micro,1.0,VIX_daily,14.75,,1.0,,,,,30.606732,1.9122,0.7683,1.0,0.0,0.0,directional_volume_boost,1.0,,,0,above_ema,1.0,,1.0,852.3791,32027.1159
PAXG-USD,binance,hong_kong_open,gold,long,2026-01-12T09:15:00,2026-02-01T23:10:00,4604.3807,4753.1092,1.565465,7207.9998,3.0,,,1.0,,1.0,,,risk_on_micro,1.0,VIX_daily,14.49,,1.0,,,,,9.334413,1.5323,0.91,1.0,0.0,0.0,directional_volume_boost,1.0,,,0,above_ema,1.0,,1.0,231.3646,32258.4805
GOOGL,tiingo,new_york_equity_open,equity,long,2026-01-07T18:35:00,2026-02-05T14:30:00,323.6947,326.3647,69.197553,22398.8826,3.0,,,1.0,,1.0,,,risk_on_micro,1.0,VIX_daily,14.75,,1.0,,,,,30.681051,2.4748,1.3671,1.0,0.0,0.0,directional_volume_boost,1.0,,,0,above_ema,1.0,,1.0,180.2604,32438.7409
COPPER,tiingo,new_york_equity_open,metals,long,2025-10-09T19:30:00,2026-02-05T20:55:00,31.6763,35.173,101.292557,3208.5768,3.0,,,1.0,,1.0,,,neutral_micro,1.0,VIX_daily,16.3,,1.0,,,,,6.624713,0.0,1.0,1.0,0.0,0.0,base,1.0,,,0,above_ema,1.0,,1.0,353.5092,32792.2502
COIN,tiingo,new_york_equity_open,equity,short,2026-01-21T16:45:00,2026-02-20T16:00:00,224.3851,173.8648,67.831171,15220.3039,3.0,,,1.0,,1.0,,,neutral_micro,1.0,VIX_daily,20.09,,1.0,,,,,14.334428,1.1952,1.6123,1.0,0.0,0.0,base,1.0,,,0,below_ema,1.0,,1.0,3424.1522,36216.4023
BTC-USD,binance,hong_kong_open,crypto,short,2026-01-30T01:40:00,2026-02-25T13:50:00,82868.483,66420.4314,0.104823,8686.4243,3.0,,,1.0,,1.0,,,risk_off_micro,1.0,CryptoFG,26.0,,1.0,,,,,16.353025,13.7937,2.1003,1.0,0.0,0.0,base,1.0,,,0,below_ema,1.0,,1.0,1722.5671,37938.9695
SOL-USD,binance,new_york_equity_open,crypto,short,2026-01-25T16:05:00,2026-02-25T14:05:00,123.8552,84.1968,110.915435,13737.4569,3.0,,,1.0,,1.0,,,risk_off_micro,1.0,CryptoFG,25.0,,1.0,,,,,10.306311,23.7326,2.5185,1.0,0.0,0.0,base,1.0,,,0,below_ema,1.0,,1.0,4396.4166,42335.3861
PAXG-USD,binance,new_york_equity_open,gold,long,2026-02-21T14:35:00,2026-02-25T14:15:00,5143.7685,5200.4597,4.92857,25351.4841,3.0,,,1.0,,1.0,,,neutral_micro,1.0,VIX_daily,19.09,,1.0,,,,,30.446766,2.2989,1.409,1.0,0.0,0.0,directional_volume_boost,1.0,,,0,above_ema,1.0,,1.0,274.3071,42609.6932
AMZN,tiingo,new_york_equity_open,equity,short,2026-02-12T15:45:00,2026-02-25T14:30:00,199.6901,211.2572,114.951082,22954.5866,3.0,,,1.0,,1.0,,,neutral_micro,1.0,VIX_daily,17.65,,1.0,,,,,30.880349,3.2727,1.7612,1.0,0.0,0.0,directional_volume_boost,1.0,,,0,below_ema,1.0,,1.0,-1334.377,41275.3162
MSTR,tiingo,new_york_equity_open,equity,short,2026-01-29T15:00:00,2026-02-25T17:40:00,149.6201,136.0272,107.028216,16013.5687,3.0,,,1.0,,1.0,,,neutral_micro,1.0,VIX_daily,16.35,,1.0,,,,,14.891848,1.2143,0.801,1.0,0.0,0.0,base,1.0,,,0,below_ema,1.0,,1.0,1451.7675,42727.0837
NVDA,tiingo,new_york_equity_open,equity,long,2026-02-25T14:45:00,2026-02-27T17:20:00,194.6889,179.1442,148.404461,28892.7065,3.0,,,1.0,,1.0,,,neutral_micro,1.0,VIX_daily,19.55,,1.0,,,,,27.2157,2.4913,0.9259,1.0,0.0,0.0,directional_volume_boost,1.0,,,0,above_ema,1.0,,1.0,-2312.4581,40414.6256
PPLT,tiingo,new_york_equity_open,metals,long,2026-02-27T14:35:00,2026-03-02T16:25:00,213.9228,207.8934,139.811813,29908.9306,3.0,,,1.0,,1.0,,,neutral_micro,1.0,VIX_daily,18.63,,1.0,,,,,36.436074,3.8486,0.6614,1.0,0.0,0.0,directional_volume_boost,1.0,,,0,above_ema,1.0,,1.0,-848.8767,39565.7489
META,tiingo,new_york_equity_open,equity,short,2026-03-13T13:35:00,2026-03-27T19:55:00,619.5561,525.7451,44.703013,27696.0287,3.0,,,1.0,,1.0,,,risk_off_micro,1.0,VIX_daily,27.29,,1.0,,,,,26.309695,13.4771,1.9937,1.0,0.0,0.0,directional_volume_boost,1.0,,,0,below_ema,1.0,,1.0,4188.5113,43754.2601
NVDA,tiingo,new_york_equity_open,equity,short,2026-03-20T17:45:00,2026-03-27T19:55:00,174.5601,167.4635,113.329962,19782.8858,3.0,,,1.0,,1.0,,,neutral_micro,1.0,VIX_daily,24.06,,1.0,,,,,27.63685,1.0879,0.9198,1.0,0.0,0.0,base,1.0,,,0,below_ema,1.0,,1.0,800.3825,44554.6427
