date,equity
2022-02-09T19:20:00,1000.0
2022-02-23T19:45:00,974.5048
2022-02-24T20:05:00,904.2037
2022-02-25T22:45:00,833.9027
2022-02-28T09:15:00,815.0138
2022-02-28T15:15:00,768.6848
2022-03-18T13:45:00,755.0057
2022-03-18T14:10:00,731.8004
2022-04-01T14:30:00,721.0429
2022-04-06T13:45:00,730.5421
2022-04-11T09:15:00,742.9452
2022-04-11T09:15:00,761.9503
2022-04-11T13:35:00,745.602
2022-04-19T13:55:00,678.4212
2022-04-21T10:15:00,621.117
2022-04-21T11:45:00,609.2238
2022-04-22T16:45:00,582.0355
2022-05-12T07:00:00,562.631
2022-05-20T13:45:00,542.7565
2022-05-23T04:15:00,517.9391
2022-05-27T13:30:00,548.9054
2022-05-27T14:20:00,611.2661
2022-05-30T06:15:00,730.5716
2022-06-21T14:40:00,1010.7601
2022-06-24T19:55:00,971.931
2022-06-26T11:40:00,1341.9228
2022-06-27T13:30:00,1328.8595
2022-07-07T19:30:00,1486.7022
2022-07-25T19:20:00,1395.2702
2022-07-26T15:00:00,1475.3378
2022-07-27T19:05:00,1497.2558
2022-08-15T23:00:00,1436.0386
2022-08-17T08:00:00,1429.5038
2022-08-19T06:30:00,1374.213
2022-08-19T21:45:00,1366.0593
2022-08-31T03:20:00,1269.6491
2022-09-06T15:50:00,1306.1902
2022-09-09T05:30:00,1311.6144
2022-09-12T11:35:00,1309.6786
2022-09-12T13:30:00,1281.8844
2022-09-12T13:30:00,1258.5838
2022-09-27T03:10:00,1187.381
2022-10-03T14:05:00,1189.3654
2022-10-05T13:30:00,1172.6139
2022-10-06T13:40:00,1187.6352
2022-10-23T22:00:00,1222.531
2022-10-24T13:30:00,1236.3269
2022-10-24T16:00:00,1216.6558
2022-10-25T17:00:00,1194.9731
2022-10-26T07:25:00,1184.1346
2022-11-07T07:00:00,1126.6705
2022-11-08T04:00:00,1091.5398
2022-11-08T04:10:00,1042.1216
2022-11-26T10:50:00,1226.4
2022-12-06T18:05:00,1208.8962
2022-12-15T16:40:00,1184.6424
2023-01-03T06:25:00,1211.7033
2023-01-06T16:50:00,1194.9429
2023-01-09T14:30:00,1203.7021
2023-01-11T15:35:00,1153.8741
2023-01-30T17:30:00,1236.8352
2023-02-01T15:00:00,1269.0267
2023-02-06T23:10:00,1444.4593
2023-02-09T03:05:00,1629.2611
2023-02-09T21:30:00,1775.2014
2023-02-17T14:45:00,1779.6325
2023-02-21T14:30:00,1775.9037
2023-02-22T06:55:00,1684.853
2023-02-25T20:40:00,1593.6277
2023-03-01T19:15:00,1598.5944
2023-03-03T01:30:00,1532.037
2023-03-13T14:05:00,1494.3256
2023-03-13T14:05:00,1444.3874
2023-03-14T12:30:00,1399.8565
2023-03-27T15:00:00,1351.5786
2023-04-03T07:40:00,1340.5634
2023-04-05T13:30:00,1324.0228
2023-04-19T08:40:00,1312.6226
2023-04-20T19:15:00,1323.5646
2023-04-21T17:25:00,1244.8607
2023-04-21T19:05:00,1215.4032
2023-04-24T13:40:00,1190.0981
2023-04-25T16:00:00,1197.364
2023-04-25T17:15:00,1192.9999
2023-05-02T13:30:00,1173.5511
2023-05-03T15:40:00,1149.218
2023-05-04T16:05:00,1130.1047
2023-05-10T13:30:00,1102.4536
2023-05-11T13:40:00,1073.1867
2023-05-16T17:05:00,1050.0396
2023-05-23T03:10:00,1015.8816
2023-05-28T18:15:00,995.752
2023-05-28T18:20:00,976.9202
2023-06-02T13:30:00,993.0952
2023-06-05T15:55:00,942.91
2023-06-17T05:40:00,945.5867
2023-06-19T18:05:00,897.7547
2023-06-20T13:30:00,876.9694
2023-06-20T17:45:00,846.601
2023-06-21T01:10:00,891.2506
2023-06-21T15:10:00,1226.4501
2023-06-26T16:05:00,1485.969
2023-07-05T13:30:00,1461.3386
2023-07-06T13:30:00,1467.2011
2023-07-10T13:45:00,1567.1375
2023-07-10T18:30:00,1590.0156
2023-07-17T18:30:00,1569.6967
2023-07-20T17:15:00,1525.9853
2023-07-22T23:15:00,1482.4986
2023-07-24T09:50:00,1623.2139
2023-07-26T13:30:00,1589.4024
2023-07-27T13:35:00,1574.7336
2023-07-27T19:05:00,1535.9352
2023-08-01T13:30:00,1680.2088
2023-08-02T14:45:00,1717.3239
2023-08-02T14:55:00,1941.9326
2023-08-02T15:55:00,2022.5798
2023-08-03T13:30:00,2107.33
2023-08-07T15:15:00,2016.2502
2023-08-08T21:15:00,1995.5384
2023-08-16T15:50:00,1980.9564
2023-08-22T13:30:00,1966.7399
2023-08-23T13:30:00,1954.1659
2023-08-23T15:05:00,1939.4047
2023-08-23T17:40:00,1938.8205
2023-08-23T20:20:00,1877.7531
2023-08-28T15:35:00,1872.9007
2023-08-29T14:20:00,1912.0131
2023-08-29T14:30:00,1964.9853
2023-09-06T13:30:00,1919.731
2023-09-12T16:30:00,1888.3384
2023-09-18T12:25:00,1845.6512
2023-09-18T13:30:00,1832.4672
2023-09-18T13:30:00,1820.9632
2023-09-18T15:05:00,1793.262
2023-09-19T19:35:00,1784.7611
2023-09-20T13:35:00,1758.0998
2023-09-21T13:30:00,1727.4475
2023-09-22T18:10:00,1691.9436
2023-10-09T09:50:00,1633.4489
2023-10-09T18:00:00,1571.9551
2023-10-10T14:05:00,1539.4437
2023-10-11T04:00:00,1520.5125
2023-10-11T10:00:00,1523.1734
2023-10-12T13:30:00,1528.8244
2023-10-17T13:30:00,1527.8233
2023-10-17T13:45:00,1514.3431
2023-10-21T17:55:00,1477.4816
2023-10-23T13:30:00,1448.8724
2023-10-25T13:30:00,1452.2139
2023-10-26T15:40:00,1375.3443
2023-11-03T13:30:00,1364.9646
2023-11-03T13:30:00,1281.988
2023-11-03T13:30:00,1268.392
2023-11-05T13:55:00,1273.9979
2023-11-08T14:50:00,1260.4992
2023-11-15T14:30:00,1242.5035
2023-11-21T14:30:00,1199.2478
2023-11-27T14:30:00,1211.2654
2023-11-29T14:30:00,1187.3101
2023-12-04T14:30:00,1204.245
2023-12-04T14:35:00,1277.8421
2023-12-05T15:45:00,1271.6611
2023-12-07T17:05:00,1261.1442
2023-12-08T17:05:00,1263.2541
2023-12-08T17:05:00,1257.6964
2023-12-13T04:20:00,1402.7859
2023-12-29T22:20:00,1575.0298
2024-01-02T10:25:00,1566.2696
2024-01-02T14:30:00,1553.0894
2024-01-02T14:40:00,1633.6322
2024-01-02T14:45:00,1644.9483
2024-01-03T12:05:00,1594.4285
2024-01-03T12:05:00,3828.1036
2024-01-03T14:30:00,4259.7228
2024-01-03T14:30:00,4252.1948
2024-01-03T14:30:00,4273.0721
2024-01-04T14:30:00,4269.9695
2024-01-04T14:30:00,4288.1074
2024-01-04T17:00:00,4286.0195
2024-01-08T14:30:00,4270.3402
2024-01-09T14:30:00,4466.9984
2024-01-18T17:50:00,4362.6871
2024-01-22T05:00:00,4351.5448
2024-01-22T14:30:00,4308.8317
2024-01-29T16:20:00,4253.4922
2024-01-29T17:20:00,4237.0686
2024-02-07T16:05:00,4223.4716
2024-02-15T15:20:00,4285.8603
2024-02-20T14:30:00,4271.2412
2024-02-20T15:10:00,4286.8985
2024-02-20T15:25:00,4227.5612
2024-02-20T17:15:00,4269.7535
2024-03-05T19:55:00,4142.5368
2024-03-11T13:55:00,4131.9625
2024-03-15T14:05:00,4123.1917
2024-03-15T17:45:00,4159.5787
2024-03-16T23:10:00,4617.0903
2024-03-16T23:10:00,4950.6063
2024-03-26T13:30:00,4940.1794
2024-03-27T13:30:00,4954.3593
2024-03-28T13:30:00,4929.312
2024-04-04T18:30:00,4983.6226
2024-04-04T19:00:00,4964.9649
2024-04-05T04:40:00,5255.9101
2024-04-05T13:30:00,5540.5708
2024-04-05T19:55:00,6776.7113
2024-04-10T13:30:00,7449.912
2024-04-13T19:50:00,7361.6977
2024-04-17T16:45:00,7357.9017
2024-04-22T07:05:00,7229.6676
2024-04-22T13:30:00,7192.575
2024-04-22T13:30:00,7237.933
2024-04-23T09:30:00,7303.1012
2024-04-23T13:30:00,7363.7961
2024-04-26T15:35:00,7283.9265
2024-04-28T02:45:00,7212.5676
2024-05-03T20:45:00,7101.6453
2024-05-06T08:25:00,6982.4244
2024-05-08T13:35:00,6899.3488
2024-05-09T17:10:00,6834.3224
2024-05-16T13:30:00,6948.7208
2024-05-21T13:30:00,6926.7489
2024-05-28T07:30:00,6914.3594
2024-05-30T13:30:00,6991.9532
2024-05-30T13:30:00,6998.5338
2024-05-31T14:00:00,7005.397
2024-05-31T15:10:00,6989.2849
2024-05-31T16:10:00,7062.259
2024-06-03T15:00:00,7067.6865
2024-06-04T13:30:00,7081.8908
2024-06-07T18:00:00,7018.642
2024-06-07T18:00:00,6951.0722
2024-06-11T13:45:00,6932.3155
2024-06-13T13:30:00,6877.7263
2024-06-20T13:30:00,6968.4071
2024-06-20T14:15:00,6945.1729
2024-06-27T13:35:00,6890.8486
2024-07-03T03:05:00,6878.3626
2024-07-14T05:05:00,6932.0939
2024-07-15T01:15:00,6913.6749
2024-07-15T16:05:00,6932.4389
2024-07-17T14:10:00,6908.3903
2024-07-18T14:30:00,6932.7075
2024-07-18T15:15:00,6907.6944
2024-07-19T15:10:00,6924.0614
2024-07-24T13:30:00,6963.6532
2024-07-24T16:40:00,7022.6058
2024-07-24T18:30:00,6955.7716
2024-07-25T01:15:00,6952.0631
2024-07-25T01:40:00,6861.8436
2024-07-25T13:30:00,6862.5751
2024-07-30T15:00:00,6769.749
2024-08-01T14:55:00,6835.0697
2024-08-01T15:15:00,6801.7929
2024-08-01T17:00:00,6693.1663
2024-08-05T12:20:00,6655.6116
2024-08-05T16:05:00,6534.3124
2024-08-07T02:30:00,6478.1221
2024-08-16T17:50:00,6450.4122
2024-08-19T13:30:00,6627.9522
2024-08-20T13:35:00,6447.9639
2024-08-23T21:20:00,6529.2959
2024-08-28T13:50:00,6538.3546
2024-09-02T02:05:00,6532.8162
2024-09-03T14:30:00,6515.0065
2024-09-03T16:40:00,6512.9271
2024-09-03T17:00:00,6458.9672
2024-09-12T13:30:00,6424.7602
2024-09-13T15:30:00,6312.298
2024-09-13T17:45:00,6252.4748
2024-09-13T18:30:00,6211.9795
2024-09-16T18:30:00,6119.1668
2024-09-18T18:35:00,6091.4997
2024-09-19T16:30:00,6014.6439
2024-10-01T13:30:00,5987.6771
2024-10-01T15:00:00,5968.7025
2024-10-01T15:00:00,5908.8668
2024-10-02T19:00:00,5764.7434
2024-10-03T14:20:00,5781.9128
2024-10-08T13:30:00,5765.3954
2024-10-08T14:10:00,5765.5882
2024-10-08T14:30:00,5802.4666
2024-10-08T15:30:00,5823.4726
2024-10-09T13:30:00,5810.4443
2024-10-10T13:45:00,5840.5115
2024-10-23T17:10:00,5842.3165
2024-10-25T23:05:00,5770.3756
2024-10-31T13:30:00,5837.7682
2024-10-31T13:30:00,5846.2442
2024-10-31T14:10:00,6047.2744
2024-10-31T14:35:00,6036.1842
2024-10-31T15:00:00,6014.4068
2024-11-01T15:30:00,5965.9589
2024-11-03T14:50:00,5940.5052
2024-11-04T14:35:00,5865.2362
2024-11-04T16:50:00,5852.0476
2024-11-05T02:40:00,5856.1079
2024-11-06T03:05:00,5781.126
2024-11-06T14:30:00,5787.1462
2024-11-21T06:40:00,5769.874
2024-11-21T15:25:00,5781.0307
2024-12-02T12:50:00,6067.5001
2024-12-04T14:55:00,6051.4939
2024-12-05T22:25:00,6420.8776
2024-12-12T14:30:00,6611.5474
2024-12-13T15:25:00,6589.062
2024-12-18T19:05:00,6564.7623
2024-12-18T19:05:00,6576.7112
2024-12-18T19:15:00,6733.863
2024-12-18T19:55:00,6659.7951
2024-12-18T20:35:00,6678.2117
2024-12-19T17:35:00,6785.6374
2024-12-19T20:10:00,6693.1557
2024-12-20T14:30:00,6701.011
2024-12-25T14:30:00,6692.2982
2024-12-30T15:05:00,7003.3143
2025-01-02T04:30:00,7008.2015
2025-01-03T19:20:00,7067.7247
2025-01-06T02:05:00,6972.9602
2025-01-06T14:45:00,6968.3807
2025-01-06T15:20:00,6957.7437
2025-01-06T18:05:00,6827.6529
2025-01-07T15:00:00,7308.2514
2025-01-15T13:45:00,7191.8575
2025-01-15T18:40:00,7078.6539
2025-01-17T14:30:00,7016.4637
2025-01-17T20:40:00,6939.201
2025-01-27T16:20:00,6925.0822
2025-01-27T18:25:00,6775.0467
2025-02-01T19:45:00,6557.8542
2025-02-02T17:20:00,6502.2887
2025-02-03T14:30:00,6494.9727
2025-02-13T14:35:00,6486.1926
2025-02-17T14:10:00,6505.7038
2025-02-19T14:35:00,6501.8462
2025-02-20T14:50:00,6773.9346
2025-02-21T19:00:00,6957.0758
2025-02-24T15:00:00,6942.6656
2025-02-24T15:00:00,6931.6883
2025-02-24T15:40:00,6944.8386
2025-02-25T15:20:00,6947.4314
2025-02-27T14:45:00,7008.566
2025-02-27T14:45:00,7055.9798
2025-03-19T18:50:00,7142.9812
2025-03-24T03:10:00,7461.7157
2025-03-24T06:05:00,7616.3917
2025-03-24T13:30:00,7625.5939
2025-03-24T13:30:00,7627.9348
2025-03-24T13:30:00,7818.8547
2025-03-24T13:30:00,7821.1198
2025-03-24T13:30:00,7820.9572
2025-03-25T13:30:00,7942.0155
2025-03-28T13:35:00,7835.5697
2025-04-02T15:10:00,7818.4343
2025-04-03T13:30:00,7810.8701
2025-04-03T13:45:00,7831.768
2025-04-06T22:00:00,7835.014
2025-04-07T13:40:00,7846.7718
2025-04-07T14:10:00,7741.4624
2025-04-09T17:25:00,7630.0384
2025-04-12T04:30:00,7469.0023
2025-04-15T13:35:00,7400.7811
2025-04-22T13:35:00,7337.5205
2025-04-22T15:00:00,7352.7679
2025-04-24T16:15:00,7342.3366
2025-04-24T16:55:00,7346.2109
2025-04-25T13:30:00,7339.1546
2025-05-01T00:35:00,7354.4309
2025-05-01T13:30:00,7374.1105
2025-05-19T06:30:00,7523.7774
2025-05-23T13:30:00,7453.2263
2025-05-29T19:10:00,7336.7619
2025-05-30T13:30:00,7206.8171
2025-05-30T16:30:00,7369.626
2025-06-04T14:05:00,7303.6126
2025-06-05T19:15:00,7618.0755
2025-06-05T20:20:00,7829.0246
2025-06-09T13:30:00,7789.275
2025-06-10T18:50:00,7589.4489
2025-06-13T00:30:00,7508.1935
2025-06-16T01:50:00,7397.5075
2025-06-20T14:25:00,7397.0415
2025-06-20T14:50:00,7401.0633
2025-06-20T15:00:00,7387.186
2025-06-23T20:20:00,7333.1919
2025-06-24T00:00:00,7327.8115
2025-06-24T13:30:00,7312.1204
2025-06-24T13:30:00,7342.2268
2025-06-27T19:50:00,7314.0392
2025-06-28T16:00:00,7137.2325
2025-07-25T03:30:00,7202.4811
2025-07-25T13:30:00,7163.0871
2025-07-25T13:30:00,7202.4924
2025-07-28T13:30:00,7192.5854
2025-07-28T13:50:00,7178.5678
2025-07-29T15:00:00,7630.107
2025-07-30T13:30:00,7624.9468
2025-07-30T14:55:00,7821.0711
2025-07-30T18:00:00,7856.2161
2025-07-30T19:00:00,8035.4944
2025-08-01T13:30:00,8041.6993
2025-08-01T13:30:00,8941.0426
2025-08-01T13:30:00,8962.0706
2025-08-01T13:30:00,8986.9964
2025-08-01T20:05:00,9409.1689
2025-08-04T13:30:00,9397.5895
2025-08-18T02:15:00,9363.6885
2025-08-19T13:30:00,9588.0439
2025-08-19T17:05:00,9434.7151
2025-08-20T01:35:00,9479.2518
2025-08-20T13:45:00,9360.1688
2025-08-20T14:05:00,9340.5178
2025-08-20T14:50:00,9263.4376
2025-08-25T20:10:00,9120.8823
2025-08-26T00:45:00,9031.1273
2025-09-10T12:30:00,8999.937
2025-09-17T18:50:00,8990.7735
2025-09-18T13:35:00,8940.7044
2025-09-22T01:55:00,8923.7858
2025-09-22T05:55:00,9015.0778
2025-09-23T13:30:00,8988.419
2025-09-25T13:30:00,8923.6559
2025-10-01T08:45:00,8860.0309
2025-10-01T13:45:00,8715.2922
2025-10-02T01:45:00,8592.1026
2025-10-03T17:35:00,8593.4276
2025-10-03T17:45:00,8807.8624
2025-10-10T15:20:00,8730.2803
2025-10-10T17:05:00,8744.5586
2025-10-10T19:35:00,8750.5909
2025-10-10T21:10:00,8689.3252
2025-10-10T21:20:00,8773.9731
2025-10-14T13:30:00,9007.4998
2025-10-15T17:10:00,8933.8526
2025-10-21T13:30:00,8968.457
2025-10-27T11:35:00,8960.1665
2025-10-27T13:30:00,9085.6095
2025-10-27T14:00:00,9215.2286
2025-11-06T17:25:00,9120.07
2025-11-07T14:30:00,9032.8886
2025-11-07T14:30:00,9026.9429
2025-11-07T14:30:00,9017.3187
2025-11-13T14:35:00,9109.2643
2025-11-14T14:30:00,9134.2489
2025-12-03T04:25:00,9237.1479
2025-12-03T14:40:00,9343.0391
2025-12-03T15:50:00,9509.8842
2025-12-03T21:55:00,9768.2812
2025-12-04T16:20:00,9738.8718
2025-12-09T16:05:00,10068.7386
2025-12-11T15:45:00,9943.9122
2025-12-12T16:10:00,9926.9384
2025-12-15T15:00:00,9860.4338
2025-12-16T14:30:00,9854.8274
2025-12-29T01:40:00,9752.9157
2025-12-29T14:30:00,9775.7427
2025-12-29T15:20:00,9799.6185
2025-12-31T20:00:00,9810.0287
2026-01-02T14:35:00,9682.6833
2026-01-02T15:55:00,9657.0124
2026-01-05T14:55:00,9583.6136
2026-01-06T14:30:00,9464.9815
2026-01-07T14:50:00,9371.6564
2026-01-19T00:00:00,9253.5433
2026-01-20T14:15:00,9211.4347
2026-01-20T14:30:00,9201.7742
2026-01-20T14:30:00,9190.2057
2026-01-20T14:30:00,9187.4151
2026-01-20T15:05:00,9141.7757
2026-01-26T14:30:00,9169.6251
2026-01-30T15:45:00,9354.5462
2026-01-30T17:50:00,9733.4106
2026-02-01T23:10:00,9758.1968
2026-02-04T16:00:00,9739.4018
2026-02-05T14:30:00,9727.7775
2026-02-05T20:55:00,9781.1397
2026-02-17T18:40:00,9944.7193
2026-02-20T16:00:00,10183.5954
2026-02-25T13:50:00,10365.1107
2026-02-25T14:00:00,10602.4587
2026-02-25T14:05:00,11029.0339
2026-02-25T14:15:00,11038.0433
2026-02-25T14:30:00,10994.8321
2026-02-25T17:40:00,11092.3195
2026-02-26T19:05:00,11538.2361
2026-02-27T20:55:00,11658.0262
2026-02-27T20:55:00,11894.4289
2026-02-27T20:55:00,11886.9524
2026-03-02T16:25:00,11863.6547
2026-03-11T14:05:00,11847.6371
