ticker,source,session_open,asset_bucket,direction,entry_ts,exit_ts,entry_price,exit_price,shares,notional,entry_exposure_mult,scale,entry_rel_volume,risk_model,net_pnl,equity_after_exit
ETH-USD,binance,hong_kong_open,crypto,short,2022-02-22T03:10:00,2022-02-25T22:45:00,2532.8533,2786.6959,0.236887,600.0,2.0,0.857143,4.0409,directional_volume_boost,-60.258,939.742
PAXG-USD,binance,new_york_equity_open,crypto,long,2022-02-20T15:00:00,2022-02-28T09:15:00,1932.3864,1880.6238,0.362246,700.0,2.0,1.0,8.114,directional_volume_boost,-18.8889,920.8531
SOL-USD,binance,hong_kong_open,crypto,short,2022-02-20T03:35:00,2022-02-28T15:15:00,88.2323,96.3893,5.666856,500.0,2.0,1.0,5.5783,base,-46.329,874.5241
BTC-USD,binance,new_york_equity_open,crypto,long,2022-03-24T15:00:00,2022-04-06T13:45:00,43590.8264,44191.16,0.016058,700.0,1.5,1.0,3.1008,directional_volume_boost,9.4992,884.0233
ETH-USD,binance,new_york_equity_open,crypto,long,2022-03-24T15:05:00,2022-04-11T09:15:00,3087.1973,3142.5214,0.155678,480.6075,1.5,0.686582,3.173,directional_volume_boost,8.5157,892.539
BTC-USD,binance,hong_kong_open,crypto,short,2022-04-18T04:20:00,2022-04-21T10:15:00,38938.1708,42358.7601,0.013307,518.1499,1.5,0.796187,15.5838,directional_volume_boost,-45.6249,846.9142
PAXG-USD,binance,new_york_equity_open,crypto,long,2022-04-12T14:55:00,2022-04-21T11:45:00,1973.3946,1939.612,0.348018,686.7778,1.5,1.0,3.9298,directional_volume_boost,-11.8932,835.021
PAXG-USD,binance,new_york_equity_open,crypto,short,2022-05-02T13:50:00,2022-05-12T07:00:00,1857.6284,1910.382,0.022744,42.25,1.5,0.062274,4.8846,directional_volume_boost,-1.2084,833.8126
PAXG-USD,binance,hong_kong_open,crypto,short,2022-05-16T07:55:00,2022-05-23T04:15:00,1792.6414,1859.3718,0.022659,40.6187,1.5,0.061259,5.176,directional_volume_boost,-1.5203,832.2923
BTC-USD,binance,hong_kong_open,crypto,short,2022-04-25T07:05:00,2022-05-30T06:15:00,38266.1452,30783.4855,0.015959,610.6763,1.5,1.0,10.8851,directional_volume_boost,119.3055,951.5978
SOL-USD,binance,new_york_equity_open,crypto,short,2022-04-29T18:25:00,2022-06-21T14:40:00,94.2311,38.5577,5.033919,474.352,1.5,1.0,1.2043,base,280.1885,1231.7863
BTC-USD,binance,hong_kong_open,crypto,short,2022-06-12T02:30:00,2022-07-07T19:30:00,27890.7107,21544.158,0.02489,694.1902,2.0,1.0,11.5011,directional_volume_boost,157.8427,1389.629
ETH-USD,binance,hong_kong_open,crypto,long,2022-07-22T09:05:00,2022-07-25T19:20:00,1637.0473,1473.0479,0.556459,910.9495,2.0,1.0,6.4146,directional_volume_boost,-91.432,1298.197
PAXG-USD,binance,new_york_equity_open,crypto,short,2022-06-14T14:15:00,2022-07-27T19:05:00,1818.6362,1734.3468,0.261133,474.9067,2.0,1.0,1.678,base,21.918,1320.115
SOL-USD,binance,hong_kong_open,crypto,long,2022-08-13T05:20:00,2022-08-15T23:00:00,47.8096,43.02,4.993023,238.7142,2.0,0.391392,1.2407,base,-23.9599,1296.1551
PAXG-USD,binance,new_york_equity_open,crypto,long,2022-08-04T18:55:00,2022-08-17T08:00:00,1789.3578,1765.6468,0.271531,485.8657,2.0,1.0,0.5761,base,-6.5348,1289.6203
BTC-USD,binance,hong_kong_open,crypto,long,2022-07-29T06:40:00,2022-08-19T06:30:00,24326.9844,22660.1571,0.033078,804.68,2.0,1.0,5.1517,directional_volume_boost,-55.2908,1234.3295
ETH-USD,binance,hong_kong_open,crypto,long,2022-07-28T02:50:00,2022-08-19T21:45:00,1672.2144,1656.4486,0.506482,846.9471,2.0,1.0,8.5212,directional_volume_boost,-8.1537,1226.1758
SOL-USD,binance,new_york_equity_open,crypto,short,2022-08-20T19:10:00,2022-09-06T15:50:00,35.063,33.5667,24.5337,860.2248,1.5,1.0,4.5276,directional_volume_boost,36.5411,1262.7169
BTC-USD,binance,new_york_equity_open,crypto,short,2022-08-26T15:20:00,2022-09-09T05:30:00,20706.7078,20580.3652,0.038398,795.1125,1.5,0.86516,2.267,directional_volume_boost,4.6928,1267.4096
BTC-USD,binance,hong_kong_open,crypto,short,2022-09-19T06:00:00,2022-09-27T03:10:00,18455.4082,20193.0378,0.040886,754.5742,2.0,1.0,3.0791,directional_volume_boost,-71.2028,1196.2068
PAXG-USD,binance,new_york_equity_open,crypto,short,2022-09-15T14:35:00,2022-10-03T14:05:00,1675.6648,1670.334,0.397188,665.5541,2.0,1.0,5.5971,directional_volume_boost,1.9844,1198.1912
ETH-USD,binance,new_york_equity_open,crypto,short,2022-09-16T16:35:00,2022-10-23T22:00:00,1421.4756,1343.3886,0.448471,637.4906,2.0,1.0,1.343,base,34.8958,1233.087
SOL-USD,binance,hong_kong_open,crypto,short,2022-10-13T06:45:00,2022-10-25T17:00:00,30.3639,31.4863,19.2124,583.3639,1.5,1.0,4.8572,base,-21.6827,1211.4043
PAXG-USD,binance,new_york_equity_open,crypto,short,2022-10-19T15:20:00,2022-10-26T07:25:00,1625.6748,1662.3324,0.244024,396.7037,1.5,0.832732,21.5504,base,-9.0256,1202.3788
ETH-USD,binance,new_york_equity_open,crypto,long,2022-10-26T17:55:00,2022-11-08T04:00:00,1561.5422,1502.0195,0.587185,916.9138,1.5,1.0,1.3131,directional_volume_boost,-35.1307,1167.2481
BTC-USD,binance,new_york_equity_open,crypto,long,2022-11-04T14:25:00,2022-11-08T04:10:00,21156.0404,20027.2338,0.033385,706.2976,1.5,0.765358,1.5672,directional_volume_boost,-37.8226,1129.4254
SOL-USD,binance,hong_kong_open,crypto,short,2022-11-09T07:45:00,2022-11-26T10:50:00,19.7461,14.963,38.554885,761.3067,1.5,1.0,1.7071,directional_volume_boost,184.2784,1313.7038
SOL-USD,binance,new_york_equity_open,crypto,short,2022-12-16T16:25:00,2023-01-03T06:25:00,12.7175,12.0024,37.973447,482.9256,2.0,1.0,7.232,base,27.0609,1340.7647
SOL-USD,binance,new_york_equity_open,crypto,long,2023-01-09T15:45:00,2023-01-11T15:35:00,17.1134,15.399,29.009751,496.4561,2.0,1.0,4.4673,base,-49.828,1290.9367
PAXG-USD,binance,new_york_equity_open,crypto,long,2022-11-08T15:10:00,2023-01-30T17:30:00,1684.3368,1896.6206,0.391463,659.3562,1.5,1.0,8.671,directional_volume_boost,82.9611,1373.8978
SOL-USD,binance,new_york_equity_open,crypto,long,2023-01-13T21:30:00,2023-02-06T23:10:00,17.7536,22.4755,22.911796,406.7657,2.0,0.616163,11.4205,directional_volume_boost,108.0951,1481.993
BTC-USD,binance,new_york_equity_open,crypto,long,2023-01-10T18:35:00,2023-02-09T03:05:00,17418.0229,22495.5,0.026425,460.2764,2.0,0.725465,2.4473,base,134.0673,1616.0603
ETH-USD,binance,hong_kong_open,crypto,long,2023-01-09T01:40:00,2023-02-09T21:30:00,1296.9993,1534.693,0.614717,797.2878,2.0,1.0,3.7419,directional_volume_boost,145.9403,1762.0006
SOL-USD,binance,hong_kong_open,crypto,long,2023-02-20T03:45:00,2023-02-22T06:55:00,26.2352,23.607,24.866607,652.3815,2.0,0.719147,2.4745,directional_volume_boost,-65.4789,1696.5217
ETH-USD,binance,new_york_equity_open,crypto,long,2023-02-16T15:50:00,2023-02-25T20:40:00,1725.335,1566.5466,0.57332,989.1692,2.0,1.0,5.8297,directional_volume_boost,-91.2253,1605.2964
PAXG-USD,binance,new_york_equity_open,crypto,short,2023-02-09T21:30:00,2023-03-01T19:15:00,1846.6306,1828.3656,0.277505,512.4493,2.0,1.0,7.3509,base,4.9667,1610.2631
BTC-USD,binance,new_york_equity_open,crypto,long,2023-02-15T22:15:00,2023-03-03T01:30:00,24302.2595,22717.4556,0.041873,1017.601,2.0,1.0,1.2782,directional_volume_boost,-66.5574,1543.7057
BTC-USD,binance,new_york_equity_open,crypto,short,2023-03-09T16:50:00,2023-03-13T14:05:00,21501.9487,22666.6224,0.027878,599.4328,1.5,0.86426,3.5165,base,-32.5925,1511.1132
ETH-USD,binance,new_york_equity_open,crypto,short,2023-03-07T15:10:00,2023-03-13T14:05:00,1540.1219,1622.9245,0.600804,925.3115,1.5,1.0,6.6767,directional_volume_boost,-49.9382,1461.175
SOL-USD,binance,new_york_equity_open,crypto,short,2023-03-07T15:05:00,2023-03-14T12:30:00,20.126,21.7243,27.787893,559.2584,1.5,1.0,11.5284,base,-44.5309,1416.6441
ETH-USD,binance,new_york_equity_open,crypto,long,2023-03-23T15:40:00,2023-03-27T15:00:00,1842.1684,1702.6794,0.259909,478.7966,1.5,0.752863,1.3859,base,-36.3466,1380.2975
PAXG-USD,binance,hong_kong_open,crypto,long,2023-03-20T07:40:00,2023-04-03T07:40:00,2006.4012,1961.6076,0.24375,489.0602,1.5,1.0,5.8413,base,-11.0152,1369.2823
PAXG-USD,binance,hong_kong_open,crypto,long,2023-04-05T02:20:00,2023-04-19T08:40:00,2031.4062,1997.6004,0.141646,287.7413,1.0,0.425041,10.0597,directional_volume_boost,-4.8455,1364.4367
BTC-USD,binance,new_york_equity_open,crypto,long,2023-03-19T16:35:00,2023-04-20T19:15:00,27836.3262,28164.366,0.033935,944.6128,1.5,1.0,3.3965,directional_volume_boost,10.942,1375.3787
PPLT,tiingo,new_york_equity_open,metals,long,2023-04-19T14:35:00,2023-05-03T15:40:00,100.9602,97.4705,2.806852,283.3803,1.0,0.404829,7.5401,directional_volume_boost,-9.8507,1365.528
HOOD,tiingo,new_york_equity_open,equity,short,2023-04-27T13:45:00,2023-05-10T13:30:00,8.7782,9.2619,56.959,500.0,1.0,1.0,0.2131,base,-27.6511,1337.8769
SLV,tiingo,new_york_equity_open,metals,long,2023-05-04T17:15:00,2023-05-11T13:40:00,23.8998,22.5055,1.212362,28.9752,1.0,0.05795,0.5182,base,-1.696,1336.1809
GLD,tiingo,new_york_equity_open,metals,long,2023-05-04T14:25:00,2023-05-16T17:05:00,190.7481,184.4781,3.669761,700.0,1.0,1.0,2.2636,directional_volume_boost,-23.1471,1313.0338
PLTR,tiingo,new_york_equity_open,equity,long,2023-05-10T13:40:00,2023-06-21T15:10:00,9.7269,14.3871,48.845142,475.114,1.0,0.678734,1.3063,directional_volume_boost,227.5114,1540.5452
TSLA,tiingo,new_york_equity_open,equity,long,2023-05-19T13:35:00,2023-06-26T16:05:00,178.3807,244.5561,3.807406,679.1676,1.0,0.970239,4.0338,directional_volume_boost,251.7955,1792.3406
SLV,tiingo,new_york_equity_open,metals,short,2023-06-29T13:45:00,2023-07-05T13:30:00,20.4509,21.2042,32.515107,664.9635,2.0,1.0,1.9018,directional_volume_boost,-24.6304,1767.7102
AMZN,tiingo,new_york_equity_open,equity,long,2023-05-11T13:45:00,2023-07-10T13:45:00,110.9122,127.0846,0.247482,27.4488,1.0,0.03999,1.3044,directional_volume_boost,3.9965,1771.7067
BTC-USD,binance,new_york_equity_open,crypto,long,2023-06-23T15:45:00,2023-07-17T18:30:00,30857.2202,29894.02,0.020963,646.8625,1.5,1.0,4.1771,base,-20.3189,1751.3878
TSLA,tiingo,new_york_equity_open,equity,long,2023-07-03T13:35:00,2023-07-20T17:15:00,278.8158,265.047,0.459627,128.1513,2.0,0.145352,14.6564,directional_volume_boost,-6.3535,1745.0343
ETH-USD,binance,hong_kong_open,crypto,long,2023-07-03T07:40:00,2023-07-22T23:15:00,1969.1838,1862.2175,0.405094,797.7052,2.0,1.0,6.3335,directional_volume_boost,-43.4867,1701.5476
SOL-USD,binance,hong_kong_open,crypto,long,2023-07-06T09:00:00,2023-07-24T09:50:00,20.244,23.9952,30.657346,620.6288,2.0,0.816302,11.3167,directional_volume_boost,114.8662,1816.4138
AMZN,tiingo,new_york_equity_open,equity,long,2023-07-13T13:35:00,2023-07-26T13:30:00,134.3019,128.3243,0.257945,34.6424,2.0,0.045803,12.2978,directional_volume_boost,-1.5487,1814.8652
SLV,tiingo,new_york_equity_open,metals,long,2023-07-18T14:55:00,2023-07-27T13:35:00,22.9796,22.2555,20.133459,462.6587,2.0,1.0,0.6557,base,-14.6688,1800.1964
COIN,tiingo,new_york_equity_open,equity,long,2023-06-28T17:05:00,2023-08-01T13:30:00,70.4141,91.8216,6.744495,474.9074,2.0,1.0,0.0964,base,144.2736,1944.47
HOOD,tiingo,new_york_equity_open,equity,long,2023-06-28T14:20:00,2023-08-03T13:30:00,10.2871,12.0826,47.260791,486.1745,2.0,1.0,1.1132,base,84.7502,2029.2202
PLTR,tiingo,new_york_equity_open,equity,long,2023-07-31T13:40:00,2023-08-07T15:15:00,19.1888,17.2665,47.292119,907.4808,2.0,1.0,3.5509,directional_volume_boost,-91.0798,1938.1404
BTC-USD,binance,hong_kong_open,crypto,short,2023-08-01T03:55:00,2023-08-08T21:15:00,28845.7697,30053.5095,0.003522,101.5951,2.0,0.20637,0.5962,base,-4.2743,1933.8661
INTC,tiingo,new_york_equity_open,equity,long,2023-07-27T16:25:00,2023-08-16T15:50:00,34.857,33.8532,14.428427,502.9312,2.0,1.0,1.0333,base,-14.582,1919.2841
SLV,tiingo,new_york_equity_open,metals,short,2023-08-14T18:10:00,2023-08-22T13:30:00,20.7409,21.3843,21.953021,455.3243,2.0,1.0,0.4662,base,-14.2165,1905.0676
PPLT,tiingo,new_york_equity_open,metals,short,2023-08-08T14:15:00,2023-08-23T13:30:00,83.0034,85.077,6.015085,499.2725,2.0,1.0,0.3175,base,-12.574,1892.4936
PAXG-USD,binance,new_york_equity_open,crypto,short,2023-08-11T20:40:00,2023-08-23T17:40:00,1913.6172,1915.383,0.271888,520.2903,2.0,1.0,7.4324,base,-0.5842,1891.9094
SOL-USD,binance,new_york_equity_open,crypto,short,2023-08-22T21:30:00,2023-08-23T20:20:00,19.766,21.747,21.74105,429.7346,2.0,0.706765,18.8715,base,-43.1603,1848.7491
GLD,tiingo,new_york_equity_open,metals,short,2023-08-14T13:35:00,2023-08-28T15:35:00,176.8146,178.5357,2.762364,488.4264,2.0,1.0,0.1355,base,-4.8524,1843.8967
BTC-USD,binance,new_york_equity_open,crypto,short,2023-08-17T15:40:00,2023-08-29T14:20:00,28061.3866,26824.6339,0.025806,724.1333,2.0,0.812369,7.4131,directional_volume_boost,31.7737,1875.6704
ETH-USD,binance,hong_kong_open,crypto,short,2023-08-01T02:10:00,2023-08-29T14:30:00,1829.0841,1702.4504,0.41948,767.2645,2.0,1.0,17.5184,directional_volume_boost,52.9722,1928.6426
SLV,tiingo,new_york_equity_open,metals,long,2023-08-30T13:35:00,2023-09-06T13:30:00,22.9246,21.2757,27.372472,627.5025,2.0,1.0,2.8511,directional_volume_boost,-45.2543,1883.3883
BTC-USD,binance,new_york_equity_open,crypto,short,2023-09-11T14:45:00,2023-09-12T16:30:00,25248.1794,26450.7891,0.020029,505.7079,2.0,0.770592,4.944,base,-24.1909,1859.1974
ETH-USD,binance,new_york_equity_open,crypto,short,2023-09-11T14:40:00,2023-09-18T12:25:00,1573.8652,1660.332,0.491844,774.0957,2.0,1.0,1.5699,directional_volume_boost,-42.6872,1816.5102
SOL-USD,binance,new_york_equity_open,crypto,short,2023-09-01T15:05:00,2023-09-18T15:05:00,19.3161,19.974,41.855949,808.4952,2.0,1.0,1.7363,directional_volume_boost,-27.7012,1788.809
INTC,tiingo,new_york_equity_open,equity,long,2023-09-01T13:35:00,2023-09-19T19:35:00,36.4673,36.0278,19.02791,693.8963,2.0,1.0,2.5094,directional_volume_boost,-8.5009,1780.3081
SLV,tiingo,new_york_equity_open,metals,short,2023-09-14T14:05:00,2023-09-20T13:35:00,20.5059,21.4193,22.538118,462.1643,2.0,0.775672,4.5431,directional_volume_boost,-20.6804,1759.6277
TSLA,tiingo,new_york_equity_open,equity,long,2023-09-11T13:35:00,2023-09-22T18:10:00,261.8424,246.6007,2.32164,607.9038,2.0,1.0,11.0917,base,-35.5039,1724.1238
PAXG-USD,binance,new_york_equity_open,crypto,short,2023-09-27T16:30:00,2023-10-11T10:00:00,1880.6238,1873.3746,0.387104,727.9974,1.5,1.0,4.859,directional_volume_boost,2.6609,1726.7847
GLD,tiingo,new_york_equity_open,metals,short,2023-09-26T17:50:00,2023-10-12T13:30:00,176.2897,174.2048,2.756827,486.0002,1.5,1.0,0.0888,base,5.651,1732.4357
PPLT,tiingo,new_york_equity_open,metals,short,2023-09-27T15:00:00,2023-10-17T13:30:00,82.3635,82.4665,8.379676,690.1796,1.5,1.0,40.0,directional_volume_boost,-1.0011,1731.4346
PLTR,tiingo,new_york_equity_open,equity,long,2023-09-29T13:35:00,2023-10-23T13:30:00,16.3583,15.8068,25.882314,423.3899,1.5,0.50181,5.4875,directional_volume_boost,-14.3564,1717.0782
HOOD,tiingo,new_york_equity_open,equity,short,2023-10-12T17:30:00,2023-11-03T13:30:00,9.4131,9.6019,54.423405,512.2939,1.5,1.0,0.8011,base,-10.3797,1706.6985
PAXG-USD,binance,hong_kong_open,crypto,long,2023-10-15T08:25:00,2023-11-05T13:55:00,1924.3848,1947.6104,0.245459,472.358,1.5,1.0,0.4741,base,5.6059,1712.3044
PLTR,tiingo,new_york_equity_open,equity,long,2023-11-03T13:40:00,2023-11-27T14:30:00,18.5437,18.9262,26.870642,498.2813,1.5,0.846904,4.2065,base,10.1778,1722.4821
GLD,tiingo,new_york_equity_open,metals,long,2023-11-27T14:35:00,2023-12-08T17:05:00,186.5873,185.088,2.744137,512.0213,1.5,0.758655,10.1448,directional_volume_boost,-4.2164,1718.2658
ETH-USD,binance,hong_kong_open,crypto,long,2023-10-24T02:20:00,2023-12-13T04:20:00,1807.3714,2148.5702,0.223534,404.0088,1.5,0.525062,1.5829,directional_volume_boost,76.181,1794.4468
BTC-USD,binance,hong_kong_open,crypto,long,2023-10-23T03:45:00,2023-12-29T22:20:00,30502.3793,41629.2725,0.004599,140.2905,1.5,0.296927,1.1631,base,51.1439,1845.5907
BTC-USD,binance,hong_kong_open,crypto,long,2024-01-02T03:00:00,2024-01-03T12:05:00,45388.0358,41291.74,0.012307,558.5967,2.0,1.0,0.6925,base,-50.5198,1795.0709
SOL-USD,binance,new_york_equity_open,crypto,long,2023-10-19T15:50:00,2024-01-03T12:05:00,24.865,95.2609,31.735583,789.1044,1.5,1.0,3.7308,directional_volume_boost,2233.6751,4028.746
COIN,tiingo,new_york_equity_open,equity,long,2023-11-09T14:35:00,2024-01-03T14:30:00,95.7091,153.7492,5.014421,479.926,1.5,0.674003,8.0958,directional_volume_boost,290.9126,4319.6586
HOOD,tiingo,new_york_equity_open,equity,long,2023-12-08T20:45:00,2024-01-03T14:30:00,11.7173,12.0726,43.211942,506.3292,1.5,0.730447,1.8673,directional_volume_boost,15.2498,4334.9083
INTC,tiingo,new_york_equity_open,equity,long,2023-12-14T14:35:00,2024-01-04T14:30:00,45.8792,45.6959,11.047565,506.8532,1.5,0.685433,3.3557,directional_volume_boost,-2.1266,4332.7817
BTC-USD,binance,new_york_equity_open,crypto,long,2024-01-08T18:05:00,2024-01-18T17:50:00,45971.3924,41491.7,0.02324,1068.3563,2.0,1.0,4.6027,directional_volume_boost,-104.3113,4228.4704
ETH-USD,binance,new_york_equity_open,crypto,long,2024-01-10T15:40:00,2024-01-22T05:00:00,2449.0997,2414.717,0.319544,782.5944,2.0,1.0,2.3542,directional_volume_boost,-11.1423,4217.3281
PLTR,tiingo,new_york_equity_open,equity,short,2024-01-05T20:05:00,2024-01-22T14:30:00,15.9318,17.0734,37.306792,594.3648,2.0,1.0,0.7172,base,-42.7131,4174.615
BTC-USD,binance,new_york_equity_open,crypto,short,2024-01-19T16:30:00,2024-01-29T16:20:00,40602.128,42851.2485,0.024514,995.3384,2.0,1.0,2.4665,directional_volume_boost,-55.3395,4119.2755
SLV,tiingo,new_york_equity_open,metals,short,2024-01-11T16:35:00,2024-01-29T17:20:00,20.5959,21.2092,26.595933,547.7667,2.0,1.0,4.1783,directional_volume_boost,-16.4236,4102.8519
TSLA,tiingo,new_york_equity_open,equity,short,2024-01-16T14:35:00,2024-02-15T15:20:00,212.2375,194.7489,3.575724,758.9028,2.0,1.0,40.0,directional_volume_boost,62.3887,4165.2406
PPLT,tiingo,new_york_equity_open,metals,short,2024-02-07T17:20:00,2024-02-20T14:30:00,80.9638,83.4667,5.802754,469.8131,2.0,1.0,3.268,base,-14.6191,4150.6215
SOL-USD,binance,new_york_equity_open,crypto,long,2024-02-09T21:45:00,2024-02-20T15:25:00,107.1414,103.3793,10.812026,1158.4158,2.0,0.689335,5.1458,base,-40.9033,4109.7182
AMZN,tiingo,new_york_equity_open,equity,long,2024-01-11T14:35:00,2024-02-20T17:15:00,157.0614,165.7268,4.887239,767.5966,2.0,1.0,5.8225,directional_volume_boost,42.1923,4151.9105
SOL-USD,binance,hong_kong_open,crypto,long,2024-02-29T02:00:00,2024-03-05T19:55:00,123.6447,111.258,10.251029,1267.4857,2.0,1.0,1.3386,base,-127.2167,4024.6938
AMZN,tiingo,new_york_equity_open,equity,long,2024-02-23T15:15:00,2024-03-11T13:55:00,175.5001,172.2755,3.244326,569.3795,2.0,1.0,0.5809,base,-10.5743,4014.1195
PLTR,tiingo,new_york_equity_open,equity,long,2024-02-07T14:40:00,2024-03-15T17:45:00,22.4045,23.4253,35.805858,802.2116,2.0,1.0,2.5499,directional_volume_boost,36.387,4050.5065
BTC-USD,binance,new_york_equity_open,crypto,long,2024-02-07T20:20:00,2024-03-16T23:10:00,44144.3171,65267.9338,0.02167,956.6007,2.0,1.0,5.8077,directional_volume_boost,457.5116,4508.0181
TSLA,tiingo,new_york_equity_open,equity,short,2024-03-06T14:45:00,2024-03-26T13:30:00,177.1846,179.4509,4.529599,802.5749,2.0,1.0,1.4086,directional_volume_boost,-10.4269,4497.5912
INTC,tiingo,new_york_equity_open,equity,short,2024-03-19T19:10:00,2024-03-28T13:30:00,41.8566,43.8388,12.581928,526.6371,2.0,1.0,0.304,base,-25.0473,4472.5439
SOL-USD,binance,new_york_equity_open,crypto,long,2024-03-07T14:40:00,2024-04-05T04:40:00,147.8296,175.8848,4.399427,650.3654,2.0,0.423738,1.0964,base,123.2845,4595.8284
HOOD,tiingo,new_york_equity_open,equity,long,2024-02-09T18:35:00,2024-04-05T13:30:00,11.5373,18.0364,43.820022,505.565,2.0,1.0,1.1608,base,284.6607,4880.4891
MSTR,tiingo,new_york_equity_open,equity,long,2024-02-09T14:35:00,2024-04-05T19:55:00,637.1024,1464.707,1.494016,951.8412,2.0,1.0,9.0274,directional_volume_boost,1236.1405,6116.6296
COIN,tiingo,new_york_equity_open,equity,long,2024-02-09T14:35:00,2024-04-10T13:30:00,141.8784,236.0928,7.148282,1014.1866,2.0,1.0,12.3247,directional_volume_boost,673.2007,6789.8303
BTC-USD,binance,hong_kong_open,crypto,long,2024-04-08T08:55:00,2024-04-13T19:50:00,71938.7149,65051.5071,0.012783,919.5664,2.0,1.0,4.8603,directional_volume_boost,-88.2143,6701.616
AMZN,tiingo,new_york_equity_open,equity,long,2024-03-21T13:35:00,2024-04-17T16:45:00,181.0362,179.854,3.115909,564.0923,2.0,1.0,1.151,base,-3.796,6697.82
BTC-USD,binance,new_york_equity_open,crypto,short,2024-04-17T15:30:00,2024-04-22T07:05:00,60411.1354,66465.5393,0.021136,1276.8589,2.0,1.0,2.0782,directional_volume_boost,-128.2341,6569.5859
PPLT,tiingo,new_york_equity_open,metals,long,2024-04-09T13:35:00,2024-04-22T13:30:00,90.6481,85.4729,7.143059,647.5049,2.0,1.0,20.4644,directional_volume_boost,-37.0926,6532.4933
PAXG-USD,binance,new_york_equity_open,crypto,long,2024-03-01T17:15:00,2024-04-23T09:30:00,2033.4066,2288.5422,0.255859,520.2661,2.0,1.0,4.8316,base,65.1682,6597.6615
GLD,tiingo,new_york_equity_open,metals,long,2024-03-01T14:35:00,2024-04-23T13:30:00,190.103,214.6171,2.480013,471.4579,2.0,1.0,0.5721,base,60.6949,6658.3564
TSLA,tiingo,new_york_equity_open,equity,short,2024-04-16T13:35:00,2024-04-26T15:35:00,155.6289,171.226,5.110081,795.2761,2.0,1.0,10.3907,directional_volume_boost,-79.8696,6578.4868
ETH-USD,binance,new_york_equity_open,crypto,short,2024-04-13T19:55:00,2024-04-28T02:45:00,3073.9751,3294.2187,0.323066,993.0965,2.0,1.0,7.1339,directional_volume_boost,-71.3589,6507.1279
ETH-USD,binance,hong_kong_open,crypto,short,2024-05-01T08:20:00,2024-05-03T20:45:00,2840.1419,3124.7808,0.38888,1104.4732,2.0,1.0,1.7892,directional_volume_boost,-110.9223,6396.2056
BTC-USD,binance,new_york_equity_open,crypto,short,2024-04-30T20:00:00,2024-05-06T08:25:00,59281.0914,65222.2424,0.020025,1187.095,2.0,1.0,5.505,directional_volume_boost,-119.2209,6276.9847
PLTR,tiingo,new_york_equity_open,equity,long,2024-05-03T13:50:00,2024-05-08T13:35:00,23.4397,21.0915,35.311161,827.6826,2.0,1.0,3.1497,directional_volume_boost,-83.0756,6193.9091
HOOD,tiingo,new_york_equity_open,equity,long,2024-05-09T13:35:00,2024-05-09T17:10:00,19.1838,17.262,33.772985,647.8954,2.0,1.0,12.519,base,-65.0264,6128.8827
INTC,tiingo,new_york_equity_open,equity,short,2024-04-03T19:15:00,2024-05-16T13:30:00,40.4619,31.4513,12.706109,514.1134,2.0,1.0,1.0979,base,114.3984,6243.2811
AMZN,tiingo,new_york_equity_open,equity,long,2024-05-09T14:50:00,2024-05-21T13:30:00,190.158,182.7634,2.956458,562.1943,2.0,1.0,0.6726,base,-21.9719,6221.3092
PAXG-USD,binance,new_york_equity_open,crypto,long,2024-05-15T20:45:00,2024-05-28T07:30:00,2383.4766,2330.5338,0.231951,552.8502,2.0,1.0,1.3025,base,-12.3895,6208.9197
GLD,tiingo,new_york_equity_open,metals,long,2024-05-17T14:30:00,2024-05-31T15:10:00,222.7295,215.6219,2.25298,501.8053,2.0,1.0,1.2567,base,-16.1121,6192.8076
MSTR,tiingo,new_york_equity_open,equity,long,2024-05-15T15:20:00,2024-05-31T16:10:00,1396.2192,1475.0049,0.929623,1297.9568,2.0,1.0,0.6556,base,72.9741,6265.7817
PPLT,tiingo,new_york_equity_open,metals,long,2024-05-13T13:35:00,2024-06-03T15:00:00,92.6635,93.4913,6.707494,621.5401,2.0,1.0,7.3214,directional_volume_boost,5.4275,6271.2092
SLV,tiingo,new_york_equity_open,metals,long,2024-05-15T13:35:00,2024-06-04T13:30:00,26.5303,27.4645,15.293044,405.7291,2.0,1.0,1.2994,base,14.2043,6285.4135
ETH-USD,binance,new_york_equity_open,crypto,long,2024-05-27T15:40:00,2024-06-07T18:00:00,3967.1133,3701.8395,0.237741,943.1452,2.0,1.0,4.3921,directional_volume_boost,-63.2488,6222.1647
SOL-USD,binance,hong_kong_open,crypto,long,2024-05-17T06:55:00,2024-06-07T18:00:00,167.3435,161.2877,11.097717,1857.1305,2.0,1.0,5.8759,directional_volume_boost,-67.5698,6154.5949
BTC-USD,binance,new_york_equity_open,crypto,long,2024-05-20T16:05:00,2024-06-11T13:45:00,67858.459,66718.6536,0.016264,1103.6404,2.0,1.0,4.8313,directional_volume_boost,-18.7567,6135.8382
TSLA,tiingo,new_york_equity_open,equity,short,2024-06-11T13:40:00,2024-06-13T13:30:00,170.126,182.6515,4.345999,739.3673,2.0,1.0,2.8254,directional_volume_boost,-54.5892,6081.249
HOOD,tiingo,new_york_equity_open,equity,long,2024-05-17T14:25:00,2024-06-20T13:30:00,19.6439,21.7157,43.857576,861.5351,2.0,1.0,1.5085,directional_volume_boost,90.6808,6171.9298
COIN,tiingo,new_york_equity_open,equity,long,2024-05-28T14:50:00,2024-06-20T14:15:00,239.3879,234.1932,4.432219,1061.0194,2.0,1.0,0.8833,base,-23.2342,6148.6956
SOL-USD,binance,new_york_equity_open,crypto,short,2024-06-14T14:45:00,2024-06-27T13:35:00,144.3611,149.1898,11.182239,1614.2806,1.5,1.0,6.3709,base,-54.3243,6094.3713
PAXG-USD,binance,new_york_equity_open,crypto,short,2024-06-26T13:35:00,2024-07-03T03:05:00,2291.5416,2328.4656,0.333975,765.3177,2.0,1.0,5.516,directional_volume_boost,-12.486,6081.8853
BTC-USD,binance,hong_kong_open,crypto,short,2024-06-18T01:45:00,2024-07-14T05:05:00,64628.7817,60262.05,0.01234,797.513,1.5,1.0,10.8332,directional_volume_boost,53.7313,6135.6166
ETH-USD,binance,hong_kong_open,crypto,short,2024-07-04T01:50:00,2024-07-15T01:15:00,3234.403,3291.7682,0.317471,1026.8276,1.5,1.0,7.9554,directional_volume_boost,-18.419,6117.1976
AMZN,tiingo,new_york_equity_open,equity,long,2024-06-12T14:35:00,2024-07-15T16:05:00,188.1826,192.7964,4.100759,771.6917,2.0,1.0,2.2885,directional_volume_boost,18.764,6135.9616
PPLT,tiingo,new_york_equity_open,metals,long,2024-07-05T14:15:00,2024-07-18T15:15:00,94.0088,90.2669,6.651924,625.3394,1.5,1.0,40.0,directional_volume_boost,-25.0131,6110.9485
TSLA,tiingo,new_york_equity_open,equity,long,2024-07-02T13:35:00,2024-07-24T13:30:00,220.5541,233.0534,3.179061,701.1549,1.5,1.0,5.8548,directional_volume_boost,39.5918,6150.5403
PLTR,tiingo,new_york_equity_open,equity,long,2024-06-12T13:35:00,2024-07-24T16:40:00,24.2849,26.8946,22.634024,549.664,2.0,1.0,1.0535,base,58.9526,6209.4929
HOOD,tiingo,new_york_equity_open,equity,long,2024-07-15T13:40:00,2024-07-24T18:30:00,23.4397,21.7506,39.463479,925.0116,2.0,1.0,3.1083,directional_volume_boost,-66.8342,6142.6587
PAXG-USD,binance,new_york_equity_open,crypto,long,2024-07-11T15:00:00,2024-07-25T01:15:00,2394.4788,2378.5242,0.225691,540.4125,1.5,1.0,7.1369,base,-3.7085,6138.9502
ETH-USD,binance,new_york_equity_open,crypto,long,2024-07-19T19:25:00,2024-07-25T01:40:00,3536.5172,3182.2288,0.254168,898.8711,2.0,1.0,2.1462,directional_volume_boost,-90.2195,6048.7307
GLD,tiingo,new_york_equity_open,metals,long,2024-07-05T13:35:00,2024-07-25T13:30:00,220.079,220.3559,3.140913,691.2489,1.5,1.0,40.0,directional_volume_boost,0.7315,6049.4622
COIN,tiingo,new_york_equity_open,equity,long,2024-07-16T16:05:00,2024-07-30T15:00:00,248.3997,226.4747,4.224653,1049.4023,2.0,1.0,0.1369,base,-92.8261,5956.6361
SOL-USD,binance,new_york_equity_open,crypto,long,2024-07-16T15:55:00,2024-08-01T14:55:00,160.6321,165.3869,13.832637,2221.9658,2.0,1.0,5.9311,directional_volume_boost,65.3207,6021.9568
BTC-USD,binance,new_york_equity_open,crypto,long,2024-07-19T16:15:00,2024-08-01T15:15:00,66171.2316,63444.0087,0.012144,803.5766,2.0,1.0,0.8639,base,-33.2768,5988.68
MSTR,tiingo,new_york_equity_open,equity,long,2024-07-16T15:30:00,2024-08-01T17:00:00,1643.8287,1510.3329,0.81179,1334.4439,2.0,1.0,0.8117,base,-108.6266,5880.0534
PAXG-USD,binance,new_york_equity_open,crypto,long,2024-08-02T21:20:00,2024-08-05T12:20:00,2478.4956,2355.5288,0.304209,753.9816,1.5,1.0,5.9993,directional_volume_boost,-37.5547,5842.4987
SOL-USD,binance,hong_kong_open,crypto,short,2024-08-05T08:10:00,2024-08-05T16:05:00,121.1458,133.287,9.969854,1207.8056,1.5,1.0,0.503,base,-121.2992,5721.1995
BTC-USD,binance,hong_kong_open,crypto,short,2024-08-05T06:10:00,2024-08-07T02:30:00,52065.5848,57283.5977,0.010746,559.5107,1.5,1.0,5.0903,base,-56.1903,5665.0092
INTC,tiingo,new_york_equity_open,equity,short,2024-07-30T14:40:00,2024-08-19T13:30:00,30.5689,21.0642,18.689351,571.3126,1.5,1.0,1.1609,base,177.54,5842.5492
MSTR,tiingo,new_york_equity_open,equity,short,2024-08-16T15:35:00,2024-08-20T13:35:00,127.5445,140.327,14.051433,1792.1828,1.5,1.0,1.3307,directional_volume_boost,-179.9883,5662.5609
ETH-USD,binance,new_york_equity_open,crypto,short,2024-08-01T18:45:00,2024-08-23T21:20:00,3080.9837,2780.556,0.27125,835.7174,1.5,1.0,1.4984,directional_volume_boost,81.332,5743.8929
PLTR,tiingo,new_york_equity_open,equity,long,2024-08-09T15:15:00,2024-08-28T13:50:00,29.851,30.3239,19.401056,579.1403,1.5,1.0,0.6736,base,9.0587,5752.9516
PAXG-USD,binance,hong_kong_open,crypto,long,2024-08-17T06:20:00,2024-09-02T02:05:00,2509.5018,2481.5036,0.194349,487.7196,1.5,1.0,3.1309,base,-5.5384,5747.4132
HOOD,tiingo,new_york_equity_open,equity,long,2024-08-27T18:20:00,2024-09-03T17:00:00,21.3593,19.5261,29.369237,627.3055,1.5,1.0,0.6698,base,-53.9599,5693.4533
PPLT,tiingo,new_york_equity_open,metals,short,2024-09-03T14:05:00,2024-09-12T13:30:00,83.0034,87.6575,7.322956,607.8302,1.5,1.0,2.3254,directional_volume_boost,-34.207,5659.2463
MSTR,tiingo,new_york_equity_open,equity,short,2024-09-03T14:15:00,2024-09-13T15:30:00,127.4145,139.4279,9.340666,1190.1365,1.5,1.0,1.0284,base,-112.4622,5546.7841
BTC-USD,binance,hong_kong_open,crypto,short,2024-09-06T07:25:00,2024-09-13T17:45:00,55380.0118,59821.6119,0.013434,743.9817,1.5,1.0,14.2212,directional_volume_boost,-59.8232,5486.9609
SOL-USD,binance,new_york_equity_open,crypto,short,2024-08-30T15:00:00,2024-09-13T18:30:00,135.6329,138.0276,16.719327,2267.6903,1.5,1.0,3.1467,directional_volume_boost,-40.4953,5446.4656
INTC,tiingo,new_york_equity_open,equity,short,2024-09-06T14:50:00,2024-09-16T18:30:00,18.8012,20.6855,24.089047,452.904,1.5,0.490094,1.5819,directional_volume_boost,-45.487,5400.9786
COIN,tiingo,new_york_equity_open,equity,short,2024-09-04T13:35:00,2024-09-18T18:35:00,164.5871,169.0938,6.093973,1002.9892,1.5,1.0,5.2144,base,-27.6671,5373.3115
AMZN,tiingo,new_york_equity_open,equity,long,2024-09-20T19:55:00,2024-10-01T13:30:00,191.1432,184.6131,4.10596,784.8264,1.0,1.0,5.4316,directional_volume_boost,-26.9668,5346.3447
BTC-USD,binance,new_york_equity_open,crypto,long,2024-09-19T14:35:00,2024-10-01T15:00:00,63485.9246,62345.4584,0.016456,1044.7387,1.0,1.0,1.5045,directional_volume_boost,-18.9746,5327.3701
SOL-USD,binance,new_york_equity_open,crypto,long,2024-09-26T14:25:00,2024-10-02T19:00:00,155.031,141.0918,1.252925,194.2422,1.0,0.121437,6.2649,base,-17.5019,5309.8682
PPLT,tiingo,new_york_equity_open,metals,long,2024-09-26T13:35:00,2024-10-08T13:30:00,92.6535,89.0022,4.501296,417.061,1.0,1.0,11.8114,base,-16.5174,5293.3508
SLV,tiingo,new_york_equity_open,metals,long,2024-09-13T15:55:00,2024-10-08T14:10:00,28.1306,28.1494,14.675509,412.8312,1.5,1.0,0.0663,base,0.1928,5293.5436
GLD,tiingo,new_york_equity_open,metals,long,2024-08-16T13:35:00,2024-10-08T14:30:00,230.126,242.4415,3.006009,691.761,1.5,1.0,6.1896,directional_volume_boost,36.8784,5330.422
PAXG-USD,binance,new_york_equity_open,crypto,long,2024-09-12T13:40:00,2024-10-08T15:30:00,2544.5088,2618.4762,0.220731,561.6507,1.5,0.771823,1.3181,directional_volume_boost,16.2129,5346.6349
TSLA,tiingo,new_york_equity_open,equity,long,2024-09-05T13:40:00,2024-10-10T13:45:00,228.3557,237.8224,3.191815,728.8691,1.5,1.0,4.8253,directional_volume_boost,30.0672,5376.7021
ETH-USD,binance,new_york_equity_open,crypto,long,2024-10-20T14:10:00,2024-10-25T23:05:00,2691.9983,2449.51,0.281647,758.1934,1.0,0.95135,8.1353,directional_volume_boost,-68.441,5308.2611
HOOD,tiingo,new_york_equity_open,equity,long,2024-10-08T13:35:00,2024-10-31T13:30:00,24.1598,26.0748,35.28478,852.4743,1.0,1.0,4.5459,directional_volume_boost,67.3926,5375.6537
PPLT,tiingo,new_york_equity_open,metals,long,2024-10-18T18:40:00,2024-10-31T14:35:00,93.0786,90.5719,4.392011,408.8023,1.0,1.0,0.0,base,-11.0902,5364.5635
SLV,tiingo,new_york_equity_open,metals,long,2024-10-18T17:10:00,2024-11-04T16:50:00,30.151,29.4691,19.173433,578.0987,1.0,1.0,2.387,directional_volume_boost,-13.1886,5351.3749
PAXG-USD,binance,hong_kong_open,crypto,long,2024-10-18T02:30:00,2024-11-05T02:40:00,2712.5424,2735.4528,0.181539,492.4309,1.0,1.0,0.3023,base,4.0603,5355.4352
ETH-USD,binance,new_york_equity_open,crypto,short,2024-11-04T21:45:00,2024-11-06T03:05:00,2374.625,2612.6099,0.314411,746.6071,1.0,1.0,5.2529,directional_volume_boost,-74.9819,5280.4533
GLD,tiingo,new_york_equity_open,metals,long,2024-10-16T13:35:00,2024-11-06T14:30:00,247.9896,250.12,2.893573,717.5759,1.0,1.0,1.5402,directional_volume_boost,6.0202,5286.4735
AMZN,tiingo,new_york_equity_open,equity,long,2024-10-30T13:35:00,2024-11-21T15:25:00,194.7789,198.7902,2.808861,547.1069,1.0,1.0,6.261,base,11.1567,5297.6302
SOL-USD,binance,hong_kong_open,crypto,long,2024-11-06T03:10:00,2024-12-02T12:50:00,183.4667,221.7556,7.489706,1374.1115,1.0,1.0,5.2371,directional_volume_boost,286.4694,5584.0996
BTC-USD,binance,new_york_equity_open,crypto,long,2024-10-15T13:50:00,2024-12-05T22:25:00,66825.6225,90772.9418,0.015435,1031.4564,1.0,1.0,7.25,directional_volume_boost,369.3837,5953.4833
SLV,tiingo,new_york_equity_open,metals,long,2024-12-09T14:35:00,2024-12-13T15:25:00,29.2208,27.6095,13.905601,406.3334,1.5,1.0,7.2799,base,-22.4854,5930.9979
GLD,tiingo,new_york_equity_open,metals,long,2024-12-11T15:15:00,2024-12-18T19:05:00,250.4851,242.1016,2.881569,721.79,1.5,1.0,4.057,directional_volume_boost,-24.2997,5906.6982
COIN,tiingo,new_york_equity_open,equity,long,2024-11-07T17:40:00,2024-12-18T19:15:00,257.5815,298.5603,0.582591,150.0648,1.0,0.15171,0.3935,base,23.8415,5930.5397
HOOD,tiingo,new_york_equity_open,equity,long,2024-12-16T17:25:00,2024-12-18T19:55:00,42.9336,38.6325,17.187976,737.9414,1.5,1.0,0.9162,base,-74.0679,5856.4718
BTC-USD,binance,new_york_equity_open,crypto,long,2024-12-16T16:20:00,2024-12-19T20:10:00,106768.0193,96071.9992,0.00863,921.4464,1.5,1.0,1.2094,base,-92.4817,5763.9901
AMZN,tiingo,new_york_equity_open,equity,long,2024-12-04T14:35:00,2024-12-20T14:30:00,216.9734,220.101,2.547249,552.6853,1.5,1.0,6.3853,base,7.8553,5771.8454
PPLT,tiingo,new_york_equity_open,metals,short,2024-11-26T14:35:00,2024-12-25T14:30:00,84.973,86.2673,6.556764,557.1479,1.0,0.986871,18.0,directional_volume_boost,-8.5984,5763.247
TSLA,tiingo,new_york_equity_open,equity,long,2024-11-06T14:35:00,2024-12-30T15:05:00,287.9976,416.5367,2.42095,697.2279,1.0,1.0,18.7755,directional_volume_boost,311.0161,6074.2631
SOL-USD,binance,hong_kong_open,crypto,short,2024-12-19T02:05:00,2025-01-02T04:30:00,202.5595,201.8904,7.773717,1574.6401,1.5,1.0,5.1061,directional_volume_boost,4.8872,6079.1503
INTC,tiingo,new_york_equity_open,equity,short,2024-12-04T14:35:00,2025-01-03T19:20:00,22.2805,20.6691,37.03829,825.2332,1.5,1.0,1.3144,directional_volume_boost,59.5232,6138.6735
BTC-USD,binance,new_york_equity_open,crypto,short,2024-12-30T21:55:00,2025-01-06T02:05:00,91907.7448,98996.7054,0.013332,1225.2878,1.5,1.0,3.192,directional_volume_boost,-94.7645,6043.909
PPLT,tiingo,new_york_equity_open,metals,short,2024-12-27T17:50:00,2025-01-06T15:20:00,84.0432,86.2673,4.746378,398.9008,1.5,1.0,0.2927,base,-10.637,6033.272
MSTR,tiingo,new_york_equity_open,equity,short,2024-12-19T15:30:00,2025-01-06T18:05:00,337.2925,364.863,4.706501,1587.4675,1.5,1.0,1.3427,directional_volume_boost,-130.0908,5903.1812
PLTR,tiingo,new_york_equity_open,equity,long,2024-11-05T14:35:00,2025-01-07T15:00:00,48.2196,72.4255,19.864492,957.8587,1.0,1.0,11.3309,directional_volume_boost,480.5985,6383.7797
BTC-USD,binance,new_york_equity_open,crypto,short,2025-01-13T14:35:00,2025-01-15T13:45:00,89953.0758,98968.1731,0.012884,1158.9527,2.0,1.0,4.0493,directional_volume_boost,-116.3939,6267.3858
SOL-USD,binance,hong_kong_open,crypto,short,2025-01-13T08:10:00,2025-01-15T18:40:00,181.8536,200.079,6.198318,1127.1865,2.0,1.0,0.8365,base,-113.2036,6154.1822
INTC,tiingo,new_york_equity_open,equity,short,2025-01-13T16:20:00,2025-01-17T14:30:00,18.8012,20.6855,32.934739,619.2139,2.0,1.0,0.1519,base,-62.1902,6091.992
ETH-USD,binance,new_york_equity_open,crypto,short,2025-01-09T20:00:00,2025-01-17T20:40:00,3194.9909,3515.1929,0.240789,769.3178,2.0,1.0,9.4549,directional_volume_boost,-77.2627,6014.7293
COIN,tiingo,new_york_equity_open,equity,long,2025-01-17T14:40:00,2025-01-27T18:25:00,295.4541,265.8555,5.059413,1494.8242,1.5,1.0,4.2779,directional_volume_boost,-150.0355,5864.6938
SOL-USD,binance,new_york_equity_open,crypto,long,2025-01-18T15:25:00,2025-02-01T19:45:00,245.3091,220.8458,8.86142,2173.7865,1.5,1.0,1.3808,directional_volume_boost,-217.1925,5647.5013
BTC-USD,binance,new_york_equity_open,crypto,long,2025-01-17T14:55:00,2025-02-02T17:20:00,103052.3564,97758.2144,0.010456,1077.4769,1.5,1.0,1.8476,directional_volume_boost,-55.5655,5591.9358
AMZN,tiingo,new_york_equity_open,equity,long,2025-01-21T14:35:00,2025-02-13T14:35:00,230.5411,227.9894,3.380127,779.2582,1.5,1.0,40.0,directional_volume_boost,-8.7801,5583.1557
ETH-USD,binance,new_york_equity_open,crypto,short,2025-02-02T19:25:00,2025-02-17T14:10:00,2909.7579,2798.0595,0.175575,510.8814,1.5,1.0,0.8318,base,19.5112,5602.6669
PPLT,tiingo,new_york_equity_open,metals,long,2025-02-05T14:50:00,2025-02-19T14:35:00,89.808,89.1972,6.135483,551.0152,1.5,1.0,1.2677,directional_volume_boost,-3.8576,5598.8093
PLTR,tiingo,new_york_equity_open,equity,long,2025-01-31T14:35:00,2025-02-20T14:50:00,82.8166,100.2449,12.972828,1074.365,1.5,0.830089,3.9182,directional_volume_boost,225.8575,5824.6668
HOOD,tiingo,new_york_equity_open,equity,long,2025-01-15T14:35:00,2025-02-21T19:00:00,44.3689,52.6595,22.116191,981.2705,2.0,1.0,6.3772,directional_volume_boost,183.1412,6007.808
SLV,tiingo,new_york_equity_open,metals,long,2025-01-30T14:35:00,2025-02-25T15:20:00,28.6157,28.8092,13.806769,395.0907,1.5,1.0,0.8356,base,2.5928,6010.4008
PAXG-USD,binance,new_york_equity_open,crypto,long,2025-01-08T16:00:00,2025-02-27T14:45:00,2671.5342,2895.4208,0.273741,731.3087,2.0,1.0,6.5712,directional_volume_boost,61.1346,6071.5354
GLD,tiingo,new_york_equity_open,metals,long,2025-01-10T14:35:00,2025-02-27T14:45:00,248.6197,265.3969,2.834772,704.7802,2.0,1.0,40.0,directional_volume_boost,47.4138,6118.9492
BTC-USD,binance,new_york_equity_open,crypto,short,2025-02-24T22:15:00,2025-03-19T18:50:00,93147.4368,85326.7719,0.01115,1038.5811,1.5,1.0,4.0796,directional_volume_boost,87.0014,6205.9506
SOL-USD,binance,new_york_equity_open,crypto,short,2025-02-17T18:55:00,2025-03-24T03:10:00,175.5049,136.7373,8.228309,1444.1084,1.5,1.0,0.7659,base,318.7345,6524.6851
ETH-USD,binance,hong_kong_open,crypto,short,2025-02-25T07:10:00,2025-03-24T06:05:00,2435.0329,2070.314,0.424621,1033.965,1.5,1.0,7.3043,directional_volume_boost,154.676,6679.3611
AMZN,tiingo,new_york_equity_open,equity,short,2025-03-03T20:35:00,2025-03-24T13:30:00,204.0142,201.5453,3.789502,773.1121,2.0,1.0,2.4977,directional_volume_boost,9.2022,6688.5633
MSTR,tiingo,new_york_equity_open,equity,short,2025-02-21T18:05:00,2025-03-24T13:30:00,309.6581,309.1118,4.83244,1496.4039,1.5,1.0,1.5251,directional_volume_boost,2.3409,6690.9042
TSLA,tiingo,new_york_equity_open,equity,short,2025-02-25T14:40:00,2025-03-24T13:30:00,320.2809,253.3907,0.854216,273.589,1.5,0.299024,5.1733,directional_volume_boost,57.0897,6747.9939
COIN,tiingo,new_york_equity_open,equity,short,2025-02-24T14:55:00,2025-03-25T13:30:00,231.1238,202.8956,4.295161,992.7138,1.5,1.0,1.019,base,121.0583,6869.0522
PLTR,tiingo,new_york_equity_open,equity,long,2025-03-25T13:35:00,2025-03-28T13:35:00,97.3995,87.642,10.888439,1060.5282,2.0,1.0,5.6742,base,-106.4458,6762.6064
PPLT,tiingo,new_york_equity_open,metals,long,2025-03-17T14:45:00,2025-04-02T15:10:00,91.6483,88.8022,5.982813,548.3148,2.0,1.0,2.1075,directional_volume_boost,-17.1354,6745.471
SLV,tiingo,new_york_equity_open,metals,long,2025-03-12T17:30:00,2025-04-03T13:30:00,30.2911,29.7191,13.085945,396.3871,2.0,1.0,0.5577,base,-7.5642,6737.9068
PAXG-USD,binance,hong_kong_open,crypto,long,2025-03-14T03:30:00,2025-04-06T22:00:00,3008.6016,3028.3942,0.16916,508.9351,2.0,1.0,0.199,base,3.246,6741.1528
GLD,tiingo,new_york_equity_open,metals,long,2025-03-13T14:10:00,2025-04-07T13:40:00,272.4095,276.8046,2.709046,737.9699,2.0,1.0,1.7087,directional_volume_boost,11.7578,6752.9106
TSLA,tiingo,new_york_equity_open,equity,short,2025-04-07T13:45:00,2025-04-07T14:10:00,215.9518,237.5945,4.855635,1048.5831,2.0,1.0,2.5651,directional_volume_boost,-105.3094,6647.6012
HOOD,tiingo,new_york_equity_open,equity,short,2025-04-04T13:35:00,2025-04-09T17:25:00,34.963,38.467,31.732663,1109.4693,2.0,1.0,4.1817,directional_volume_boost,-111.424,6536.1772
SOL-USD,binance,new_york_equity_open,crypto,short,2025-04-06T17:45:00,2025-04-12T04:30:00,111.6177,122.804,14.365787,1603.4757,2.0,1.0,7.8525,base,-161.0361,6375.1411
BTC-USD,binance,new_york_equity_open,crypto,short,2025-04-06T17:45:00,2025-04-15T13:35:00,81101.7664,86117.22,0.013557,1099.4821,2.0,1.0,4.2709,directional_volume_boost,-68.2212,6306.9199
COIN,tiingo,new_york_equity_open,equity,short,2025-03-28T16:20:00,2025-04-22T13:35:00,176.0498,183.5667,8.3757,1474.5402,2.0,1.0,2.0681,directional_volume_boost,-63.2606,6243.6593
ETH-USD,binance,new_york_equity_open,crypto,short,2025-04-06T13:55:00,2025-04-22T15:00:00,1749.53,1691.8383,0.265876,465.1584,2.0,1.0,9.4838,base,15.2474,6258.9067
AMZN,tiingo,new_york_equity_open,equity,short,2025-03-31T13:35:00,2025-04-25T13:30:00,185.8228,187.4675,4.195145,779.5537,2.0,1.0,5.801,directional_volume_boost,-7.0563,6251.8504
PAXG-USD,binance,new_york_equity_open,crypto,long,2025-04-10T18:45:00,2025-05-01T00:35:00,3195.639,3259.348,0.242237,774.1029,2.0,1.0,1.8645,directional_volume_boost,15.2763,6267.1267
GLD,tiingo,new_york_equity_open,metals,long,2025-04-10T14:10:00,2025-05-01T13:30:00,289.7429,300.4999,1.839563,533.0003,2.0,1.0,1.2316,base,19.6796,6286.8063
SOL-USD,binance,hong_kong_open,crypto,long,2025-04-20T01:40:00,2025-05-19T06:30:00,141.4983,161.0378,7.671598,1085.518,2.0,1.0,1.1521,base,149.6669,6436.4732
MSTR,tiingo,new_york_equity_open,equity,long,2025-05-08T13:35:00,2025-05-23T13:30:00,408.3016,389.1522,3.66896,1498.0426,2.0,1.0,8.2821,directional_volume_boost,-70.5511,6365.9221
SOL-USD,binance,hong_kong_open,crypto,long,2025-05-23T02:40:00,2025-05-29T19:10:00,184.987,166.455,6.272611,1160.3514,2.0,1.0,2.574,base,-116.4644,6249.4577
COIN,tiingo,new_york_equity_open,equity,long,2025-05-22T18:20:00,2025-05-30T13:30:00,271.3743,246.7706,5.270425,1430.2578,2.0,1.0,1.9337,directional_volume_boost,-129.9448,6119.5129
BTC-USD,binance,new_york_equity_open,crypto,long,2025-04-22T13:45:00,2025-05-30T16:30:00,90183.8132,104163.8831,0.011662,1051.7273,2.0,1.0,5.6586,directional_volume_boost,162.8089,6282.3218
TSLA,tiingo,new_york_equity_open,equity,long,2025-05-27T14:05:00,2025-06-04T14:05:00,355.4011,331.4037,2.743004,974.8666,2.0,1.0,8.5182,directional_volume_boost,-66.0134,6216.3084
PLTR,tiingo,new_york_equity_open,equity,long,2025-04-15T19:10:00,2025-06-05T19:15:00,98.5897,120.5959,14.304002,1410.2275,2.0,1.0,2.0459,directional_volume_boost,314.4629,6530.7713
ETH-USD,binance,new_york_equity_open,crypto,long,2025-05-01T15:15:00,2025-06-05T20:20:00,1871.2542,2468.0663,0.353717,661.8949,2.0,1.0,7.7286,directional_volume_boost,210.9491,6741.7204
INTC,tiingo,new_york_equity_open,equity,short,2025-05-30T15:35:00,2025-06-09T13:30:00,19.7211,20.6691,41.750624,823.3664,1.5,1.0,1.5872,directional_volume_boost,-39.7496,6701.9708
SOL-USD,binance,new_york_equity_open,crypto,short,2025-06-05T13:55:00,2025-06-10T18:50:00,150.4199,163.6727,15.042344,2262.6681,2.0,1.0,4.8929,directional_volume_boost,-199.8261,6502.1447
ETH-USD,binance,new_york_equity_open,crypto,long,2025-06-10T19:40:00,2025-06-13T00:30:00,2804.1107,2523.1949,0.288704,809.5593,2.0,1.0,5.9306,directional_volume_boost,-81.2554,6420.8893
SOL-USD,binance,hong_kong_open,crypto,short,2025-06-13T02:45:00,2025-06-16T01:50:00,141.3117,155.474,7.799205,1102.1192,2.0,1.0,1.6016,base,-110.686,6310.2033
AMZN,tiingo,new_york_equity_open,equity,long,2025-06-09T14:25:00,2025-06-20T15:00:00,214.998,209.6481,2.573493,553.2959,2.0,1.0,1.7921,base,-13.8773,6296.326
ETH-USD,binance,new_york_equity_open,crypto,short,2025-06-22T20:10:00,2025-06-23T20:20:00,2143.8411,2358.6969,0.250778,537.6289,2.0,1.0,11.9288,base,-53.9941,6242.3319
PAXG-USD,binance,new_york_equity_open,crypto,long,2025-06-02T13:55:00,2025-06-24T00:00:00,3384.6068,3362.0775,0.231872,784.7964,2.0,1.0,3.7109,directional_volume_boost,-5.3804,6236.9515
GLD,tiingo,new_york_equity_open,metals,long,2025-06-05T13:40:00,2025-06-24T13:30:00,312.1724,305.7888,2.434475,759.9761,2.0,1.0,4.1516,directional_volume_boost,-15.6911,6221.2604
SLV,tiingo,new_york_equity_open,metals,long,2025-06-02T13:35:00,2025-06-24T13:30:00,30.8712,32.5685,17.804538,549.647,2.0,1.0,1.855,directional_volume_boost,30.1064,6251.3668
PLTR,tiingo,new_york_equity_open,equity,long,2025-06-11T14:20:00,2025-06-27T19:50:00,135.6721,133.3533,12.016849,1630.3515,2.0,1.0,2.6768,directional_volume_boost,-28.1876,6223.1792
SOL-USD,binance,new_york_equity_open,crypto,short,2025-06-20T17:25:00,2025-06-28T16:00:00,137.4225,148.8398,15.447177,2122.7898,2.0,1.0,11.7043,directional_volume_boost,-176.8067,6046.3725
BTC-USD,binance,new_york_equity_open,crypto,long,2025-07-02T16:10:00,2025-07-25T03:30:00,109558.8574,115713.7726,0.01064,1165.6935,1.5,1.0,9.1974,directional_volume_boost,65.2486,6111.6211
INTC,tiingo,new_york_equity_open,equity,long,2025-07-08T15:05:00,2025-07-25T13:30:00,23.3997,22.2456,33.997973,795.5417,1.5,1.0,1.524,directional_volume_boost,-39.394,6072.2271
MSTR,tiingo,new_york_equity_open,equity,long,2025-06-27T14:25:00,2025-07-25T13:30:00,395.189,406.0188,3.665731,1448.6568,2.0,1.0,2.2467,directional_volume_boost,39.4053,6111.6324
COIN,tiingo,new_york_equity_open,equity,long,2025-06-18T15:55:00,2025-07-29T15:00:00,279.0458,373.1903,4.799558,1339.2964,2.0,1.0,3.5465,directional_volume_boost,451.5392,6563.1716
PPLT,tiingo,new_york_equity_open,metals,long,2025-05-09T14:55:00,2025-07-30T14:55:00,90.8582,124.1052,5.902827,536.32,2.0,1.0,5.1156,directional_volume_boost,196.1243,6759.2959
SOL-USD,binance,new_york_equity_open,crypto,long,2025-07-10T17:55:00,2025-07-30T19:00:00,161.1122,175.5949,0.058362,9.4028,1.5,0.004704,4.2649,directional_volume_boost,0.8433,6760.1391
AMZN,tiingo,new_york_equity_open,equity,long,2025-06-27T13:35:00,2025-08-01T13:30:00,220.3091,222.8554,2.479958,546.3572,2.0,1.0,3.8946,base,6.2049,6766.344
HOOD,tiingo,new_york_equity_open,equity,long,2025-05-08T13:35:00,2025-08-01T13:30:00,52.7405,98.7402,19.557487,1031.4725,2.0,1.0,9.0897,directional_volume_boost,899.3433,7665.6873
ETH-USD,binance,hong_kong_open,crypto,long,2025-07-09T05:40:00,2025-08-01T20:05:00,2638.0875,3502.1494,0.488938,1289.8619,1.5,1.0,13.1512,directional_volume_boost,422.1725,8087.8598
PAXG-USD,binance,new_york_equity_open,crypto,short,2025-07-30T15:20:00,2025-08-04T13:30:00,3310.4178,3379.0757,0.167026,552.9251,2.0,1.0,0.6626,base,-11.5794,8076.2804
BTC-USD,binance,hong_kong_open,crypto,long,2025-08-11T02:05:00,2025-08-18T02:15:00,120718.1488,115855.5343,0.006938,837.5535,2.0,1.0,11.5244,directional_volume_boost,-33.901,8042.3794
SOL-USD,binance,hong_kong_open,crypto,long,2025-08-13T02:40:00,2025-08-19T17:05:00,196.3593,176.688,7.779771,1527.6301,2.0,1.0,4.3009,directional_volume_boost,-153.3288,7889.0506
ETH-USD,binance,hong_kong_open,crypto,long,2025-08-08T03:25:00,2025-08-20T01:35:00,3954.6308,4066.5265,0.400893,1585.3827,2.0,1.0,9.4774,directional_volume_boost,44.5367,7933.5873
HOOD,tiingo,new_york_equity_open,equity,long,2025-08-08T13:50:00,2025-08-20T13:45:00,113.5427,102.168,10.449264,1186.4377,2.0,1.0,2.5102,base,-119.083,7814.5043
INTC,tiingo,new_york_equity_open,equity,long,2025-08-19T13:45:00,2025-08-20T14:50:00,25.9602,23.3595,29.582443,767.9659,2.0,1.0,2.598,directional_volume_boost,-77.0802,7737.4241
SOL-USD,binance,hong_kong_open,crypto,long,2025-08-24T02:30:00,2025-08-25T20:10:00,211.4423,190.26,6.717199,1420.2999,2.0,1.0,7.71,directional_volume_boost,-142.5553,7594.8688
ETH-USD,binance,new_york_equity_open,crypto,long,2025-08-22T17:15:00,2025-08-26T00:45:00,4813.0024,4330.8359,0.185797,894.24,2.0,1.0,1.7819,directional_volume_boost,-89.755,7505.1138
BTC-USD,binance,new_york_equity_open,crypto,short,2025-08-25T20:10:00,2025-09-10T12:30:00,110467.922,113407.2969,0.010531,1163.31,2.0,1.0,2.0688,directional_volume_boost,-31.1903,7473.9235
PPLT,tiingo,new_york_equity_open,metals,long,2025-09-02T13:45:00,2025-09-17T18:50:00,126.2853,123.9052,3.810008,481.1479,2.0,1.0,0.0,base,-9.1635,7464.76
MSTR,tiingo,new_york_equity_open,equity,short,2025-09-04T14:00:00,2025-09-18T13:35:00,324.735,340.088,3.247132,1054.4575,2.0,1.0,0.7901,base,-50.0691,7414.6909
BTC-USD,binance,hong_kong_open,crypto,long,2025-09-15T06:10:00,2025-09-22T01:55:00,116769.0191,114265.8323,0.006697,781.9882,2.0,1.0,2.752,directional_volume_boost,-16.9186,7397.7723
SOL-USD,binance,hong_kong_open,crypto,long,2025-08-28T08:05:00,2025-09-22T05:55:00,215.183,230.104,6.136689,1320.5112,2.0,1.0,7.3879,directional_volume_boost,91.292,7489.0643
AMZN,tiingo,new_york_equity_open,equity,long,2025-09-04T13:35:00,2025-09-23T13:30:00,234.3969,226.3197,3.2818,769.2436,2.0,1.0,6.7705,directional_volume_boost,-26.6588,7462.4055
COIN,tiingo,new_york_equity_open,equity,long,2025-09-16T13:35:00,2025-09-25T13:30:00,329.4059,311.4277,3.589523,1182.4099,2.0,1.0,4.2039,base,-64.7631,7397.6424
BTC-USD,binance,new_york_equity_open,crypto,short,2025-09-25T17:25:00,2025-10-01T08:45:00,109923.161,116145.0344,0.010189,1119.9572,2.0,1.0,8.4145,directional_volume_boost,-63.625,7334.0174
MSTR,tiingo,new_york_equity_open,equity,short,2025-09-25T13:35:00,2025-10-01T13:45:00,307.6585,338.492,4.68439,1441.1922,2.0,1.0,6.5055,directional_volume_boost,-144.7387,7189.2787
ETH-USD,binance,hong_kong_open,crypto,short,2025-09-25T02:20:00,2025-10-02T01:45:00,4072.2654,4381.7462,0.396968,1616.5584,2.0,1.0,3.2753,directional_volume_boost,-123.1896,7066.0891
PLTR,tiingo,new_york_equity_open,equity,long,2025-09-18T13:35:00,2025-10-03T17:35:00,174.0998,174.2651,10.153193,1767.6689,2.0,1.0,6.8,directional_volume_boost,1.325,7067.4141
TSLA,tiingo,new_york_equity_open,equity,long,2025-08-11T13:35:00,2025-10-03T17:45:00,340.188,418.8162,2.729835,928.6572,2.0,1.0,3.5114,directional_volume_boost,214.4348,7281.8489
ETH-USD,binance,new_york_equity_open,crypto,long,2025-10-06T14:10:00,2025-10-10T15:20:00,4658.1614,4191.5068,0.165937,772.9626,2.0,1.0,3.2878,directional_volume_boost,-77.5821,7204.2668
BTC-USD,binance,new_york_equity_open,crypto,long,2025-10-02T13:45:00,2025-10-10T21:10:00,119566.0484,112777.44,0.008994,1075.4197,1.5,1.0,3.3281,directional_volume_boost,-61.2657,7143.0011
PAXG-USD,binance,hong_kong_open,crypto,long,2025-08-28T08:50:00,2025-10-10T21:20:00,3396.6792,3806.1586,0.207085,703.4007,2.0,1.0,3.6378,directional_volume_boost,84.6479,7227.649
HOOD,tiingo,new_york_equity_open,equity,long,2025-09-09T19:00:00,2025-10-14T13:30:00,118.0836,135.5879,13.360488,1577.6547,2.0,1.0,3.0898,directional_volume_boost,233.5267,7461.1757
COIN,tiingo,new_york_equity_open,equity,long,2025-10-02T13:35:00,2025-10-15T17:10:00,357.8716,335.023,3.213522,1150.0283,1.5,1.0,4.5624,base,-73.6472,7387.5285
PPLT,tiingo,new_york_equity_open,metals,long,2025-09-23T13:35:00,2025-10-21T13:30:00,135.047,144.881,3.528891,476.5662,2.0,1.0,1.0569,base,34.6044,7422.1329
PAXG-USD,binance,hong_kong_open,crypto,long,2025-10-13T07:50:00,2025-10-27T11:35:00,4080.4859,4019.196,0.133502,544.753,1.5,1.0,0.8522,base,-8.2905,7413.8424
SLV,tiingo,new_york_equity_open,metals,long,2025-08-22T15:10:00,2025-10-27T13:30:00,35.4271,43.2713,16.007789,567.1093,2.0,1.0,2.3117,directional_volume_boost,125.443,7539.2854
GLD,tiingo,new_york_equity_open,metals,long,2025-08-28T13:50:00,2025-10-27T14:00:00,313.7077,368.7862,2.35627,739.18,2.0,1.0,4.101,directional_volume_boost,129.6191,7668.9045
PLTR,tiingo,new_york_equity_open,equity,long,2025-10-27T13:35:00,2025-11-06T17:25:00,189.2328,175.015,6.675814,1263.2832,2.0,1.0,10.1358,base,-95.1586,7573.7459
TSLA,tiingo,new_york_equity_open,equity,long,2025-11-03T14:50:00,2025-11-07T14:30:00,467.8435,430.124,2.305817,1078.7616,2.0,1.0,1.306,directional_volume_boost,-87.1814,7486.5645
INTC,tiingo,new_york_equity_open,equity,long,2025-09-18T13:35:00,2025-11-13T14:35:00,31.1712,36.7976,16.361463,510.007,2.0,1.0,15.3201,base,91.9456,7578.5101
AMZN,tiingo,new_york_equity_open,equity,long,2025-10-28T16:25:00,2025-11-14T14:30:00,229.0758,236.7476,3.276568,750.5824,2.0,1.0,1.352,directional_volume_boost,24.9846,7603.4947
BTC-USD,binance,new_york_equity_open,crypto,short,2025-11-04T14:35:00,2025-12-03T04:25:00,103438.7381,93110.6184,0.009982,1032.5337,2.0,1.0,5.1158,directional_volume_boost,102.899,7706.3937
ETH-USD,binance,new_york_equity_open,crypto,short,2025-11-03T15:30:00,2025-12-03T14:40:00,3636.0526,3099.6198,0.197647,718.6551,2.0,1.0,9.3768,directional_volume_boost,105.8912,7812.2849
CRCL,tiingo,new_york_equity_open,equity,short,2025-11-03T14:45:00,2025-12-03T15:50:00,122.3255,81.4863,4.087454,500.0,2.0,1.0,2.6797,base,166.8451,7979.13
SOL-USD,binance,new_york_equity_open,crypto,short,2025-11-03T15:30:00,2025-12-03T21:55:00,167.8464,144.779,11.217004,1882.734,2.0,1.0,23.6942,directional_volume_boost,258.397,8237.527
COIN,tiingo,new_york_equity_open,equity,short,2025-11-14T14:35:00,2025-12-04T16:20:00,272.7554,279.906,4.081329,1113.2047,2.0,1.0,2.6567,base,-29.4094,8208.1176
MSTR,tiingo,new_york_equity_open,equity,short,2025-10-16T16:00:00,2025-12-09T16:05:00,291.5267,190.9982,3.282902,957.0536,2.0,1.0,0.8883,base,329.8668,8537.9844
HOOD,tiingo,new_york_equity_open,equity,long,2025-12-09T15:55:00,2025-12-11T15:45:00,138.4977,124.623,8.979641,1243.6596,2.0,1.0,1.1758,base,-124.8264,8413.158
INTC,tiingo,new_york_equity_open,equity,long,2025-12-02T14:40:00,2025-12-15T15:00:00,41.1232,37.6175,18.927788,778.3717,2.0,1.0,3.3977,directional_volume_boost,-66.5046,8346.6534
SOL-USD,binance,new_york_equity_open,crypto,short,2025-12-17T17:05:00,2025-12-29T01:40:00,123.0254,129.0758,16.77387,2063.6119,2.0,1.0,2.6889,directional_volume_boost,-101.9117,8244.7417
TSLA,tiingo,new_york_equity_open,equity,long,2025-12-05T14:35:00,2025-12-29T14:30:00,455.3711,465.6768,2.234957,1017.7346,2.0,1.0,2.8406,directional_volume_boost,22.827,8267.5687
PAXG-USD,binance,new_york_equity_open,crypto,long,2025-11-12T15:20:00,2025-12-29T15:20:00,4158.6816,4332.2434,0.13824,574.8953,2.0,1.0,6.0588,base,23.8758,8291.4445
GLD,tiingo,new_york_equity_open,metals,long,2025-11-28T18:35:00,2025-12-31T20:00:00,388.6277,395.5309,1.525355,592.7952,2.0,1.0,0.0045,base,10.4102,8301.8547
PLTR,tiingo,new_york_equity_open,equity,long,2025-12-19T15:05:00,2026-01-02T14:35:00,191.4633,177.1746,8.889357,1701.9854,2.0,1.0,2.3126,directional_volume_boost,-127.3454,8174.5093
AMZN,tiingo,new_york_equity_open,equity,long,2026-01-02T14:35:00,2026-01-02T15:55:00,233.3067,225.5549,3.292112,768.0716,2.0,1.0,40.0,directional_volume_boost,-25.6709,8148.8384
COIN,tiingo,new_york_equity_open,equity,short,2025-12-23T18:00:00,2026-01-05T14:55:00,238.9072,254.821,4.59802,1098.5,2.0,1.0,0.7631,base,-73.3988,8075.4396
HOOD,tiingo,new_york_equity_open,equity,short,2026-01-02T16:55:00,2026-01-06T14:30:00,112.6775,123.97,10.483431,1181.2464,2.0,1.0,0.4603,base,-118.6321,7956.8075
MSTR,tiingo,new_york_equity_open,equity,short,2025-12-26T15:10:00,2026-01-07T14:50:00,154.809,167.6535,7.247555,1121.987,2.0,1.0,2.2873,base,-93.3251,7863.4824
SOL-USD,binance,hong_kong_open,crypto,long,2026-01-12T03:15:00,2026-01-19T00:00:00,144.0188,132.6435,10.358067,1491.7564,2.0,1.0,3.3727,directional_volume_boost,-118.1131,7745.3693
ETH-USD,binance,new_york_equity_open,crypto,long,2026-01-05T19:00:00,2026-01-20T14:15:00,3228.9557,3058.0783,0.245522,792.7789,2.0,1.0,1.8757,directional_volume_boost,-42.1086,7703.2607
AMZN,tiingo,new_york_equity_open,equity,long,2026-01-06T14:55:00,2026-01-20T14:30:00,236.2922,232.0786,2.267477,535.7871,2.0,1.0,1.9471,base,-9.6605,7693.6002
BTC-USD,binance,new_york_equity_open,crypto,long,2026-01-13T22:15:00,2026-01-20T15:05:00,95623.2208,90110.4143,0.008251,788.9736,2.0,1.0,12.0679,base,-45.6394,7647.9608
INTC,tiingo,new_york_equity_open,equity,long,2026-01-07T14:55:00,2026-01-26T14:30:00,42.2835,43.9012,17.307441,731.8184,2.0,1.0,1.9122,directional_volume_boost,27.8494,7675.8102
PPLT,tiingo,new_york_equity_open,metals,long,2025-11-28T14:35:00,2026-01-30T15:45:00,149.7149,205.8088,3.298724,493.8683,2.0,1.0,40.0,base,184.9211,7860.7313
SLV,tiingo,new_york_equity_open,metals,long,2025-11-28T14:35:00,2026-01-30T17:50:00,49.865,78.7243,13.133857,654.9194,2.0,1.0,40.0,directional_volume_boost,378.8644,8239.5957
PAXG-USD,binance,hong_kong_open,crypto,long,2026-01-12T09:15:00,2026-02-01T23:10:00,4604.3807,4753.1092,0.167709,772.1964,2.0,1.0,1.5323,directional_volume_boost,24.7862,8264.3819
CRCL,tiingo,new_york_equity_open,equity,short,2026-01-15T19:50:00,2026-02-17T18:40:00,77.7844,62.1924,10.500706,816.7915,2.0,1.0,10.4986,directional_volume_boost,163.5796,8427.9615
COIN,tiingo,new_york_equity_open,equity,short,2026-01-21T16:45:00,2026-02-20T16:00:00,224.3851,173.8648,4.732046,1061.8006,1.5,1.0,1.1952,base,238.8761,8666.8376
BTC-USD,binance,new_york_equity_open,crypto,short,2026-01-25T18:45:00,2026-02-25T13:50:00,87062.514,66420.4314,0.0088,766.1539,1.5,1.0,7.0704,base,181.5153,8848.3529
ETH-USD,binance,new_york_equity_open,crypto,short,2026-01-25T18:30:00,2026-02-25T14:00:00,2854.7289,1966.5732,0.267382,763.303,1.5,1.0,2.4782,directional_volume_boost,237.348,9085.7009
SOL-USD,binance,new_york_equity_open,crypto,short,2026-01-25T16:05:00,2026-02-25T14:05:00,123.8552,84.1968,10.761895,1332.917,1.5,1.0,23.7326,base,426.5752,9512.2761
PAXG-USD,binance,new_york_equity_open,crypto,long,2026-02-21T14:35:00,2026-02-25T14:15:00,5143.7685,5200.4597,0.161875,832.6495,2.0,1.0,2.2989,directional_volume_boost,9.0094,9521.2855
AMZN,tiingo,new_york_equity_open,equity,short,2026-02-12T15:45:00,2026-02-25T14:30:00,199.6901,211.2572,3.722467,743.3396,2.0,1.0,3.2727,directional_volume_boost,-43.2112,9478.0743
HOOD,tiingo,new_york_equity_open,equity,short,2026-01-15T20:50:00,2026-02-26T19:05:00,110.228,78.9158,14.249584,1570.7025,2.0,1.0,2.1858,directional_volume_boost,445.9166,9923.9909
GLD,tiingo,new_york_equity_open,metals,long,2026-01-12T14:35:00,2026-02-27T20:55:00,422.8846,483.4833,1.979738,837.2005,2.0,1.0,2.9942,directional_volume_boost,119.7901,10043.781
PLTR,tiingo,new_york_equity_open,equity,short,2026-01-28T16:55:00,2026-02-27T20:55:00,160.8428,137.2374,8.035737,1292.4907,1.5,0.801374,1.3641,directional_volume_boost,189.4469,10233.228
TSLA,tiingo,new_york_equity_open,equity,short,2026-02-05T14:35:00,2026-02-27T20:55:00,398.5153,402.4705,1.852794,738.3668,2.0,1.0,3.5669,base,-7.4765,10225.7515
PPLT,tiingo,new_york_equity_open,metals,long,2026-02-27T14:35:00,2026-03-02T16:25:00,213.9228,207.8934,3.837181,820.8604,2.0,1.0,3.8486,directional_volume_boost,-23.2977,10202.4538
