ticker,source,session_open,asset_bucket,direction,entry_ts,exit_ts,entry_price,exit_price,shares,notional,entry_exposure_mult,entry_sentiment_score,direct_sentiment_score,direct_sentiment_size_mult,intraday_vol_proxy_regime,intraday_vol_proxy_mult,intraday_vol_proxy_signal_age_min,intraday_vol_proxy_close,ext_hours_proxy_regime,ext_hours_proxy_mult,ext_hours_proxy_source,ext_hours_proxy_score,volatility_persistence_regime,volatility_persistence_mult,volatility_persistence_ratio,volatility_persistence_vix_rel,volatility_persistence_vixy_rel,volatility_persistence_signal_age_min,scale,entry_rel_volume,risk_model,performance_risk_mult,performance_score,performance_rank_pct,performance_peer_count,technical_ema_regime,technical_ema_mult,technical_adx_value,technical_adx_mult,net_pnl,equity_after_exit
ENJ-USD,binance,hong_kong_open,crypto,short,2022-02-22T03:05:00,2022-02-23T08:25:00,1.3657,1.5026,146.42783,199.9804,3.0,,,1.0,,1.0,,,risk_off_micro,1.0,CryptoFG,25.0,,1.0,,,,,0.285686,1.6161,directional_volume_boost,1.0,,,0,,1.0,,1.0,-20.088,979.912
COPPER,tiingo,new_york_equity_open,metals,long,2022-02-09T19:20:00,2022-02-23T19:45:00,28.1856,27.1646,24.835874,700.0149,3.0,,,1.0,,1.0,,,neutral_micro,1.0,VIX_daily,21.44,,1.0,,,,,1.000021,40.0,directional_volume_boost,1.0,,,0,above_ema,1.0,,1.0,-25.4957,954.4162
BTC-USD,binance,hong_kong_open,crypto,short,2022-02-24T03:00:00,2022-02-24T20:05:00,35917.735,39517.4104,0.004426,158.955,3.0,,,1.0,,1.0,,,risk_off_micro,1.0,CryptoFG,25.0,,1.0,,,,,0.227079,11.8993,directional_volume_boost,1.0,,,0,,1.0,,1.0,-15.9639,938.4524
LTC-USD,binance,hong_kong_open,crypto,short,2022-02-22T03:05:00,2022-02-26T00:35:00,101.8796,112.09,1.963332,200.0236,3.0,,,1.0,,1.0,,,risk_off_micro,1.0,CryptoFG,25.0,,1.0,,,,,0.285748,2.1763,directional_volume_boost,1.0,,,0,,1.0,,1.0,-20.0885,918.3639
PAXG-USD,binance,new_york_equity_open,gold,long,2022-02-20T15:00:00,2022-02-28T09:15:00,1932.3864,1880.6238,0.181123,350.0001,3.0,,,1.0,,1.0,,,risk_off_micro,0.5,VIX_daily,27.75,,1.0,,,,,0.5,8.114,directional_volume_boost,1.0,,,0,,1.0,,1.0,-9.4445,908.9194
SOL-USD,binance,hong_kong_open,crypto,short,2022-02-20T03:35:00,2022-02-28T15:15:00,88.2323,96.3893,5.666811,499.996,3.0,,,1.0,,1.0,,,risk_off_micro,1.0,CryptoFG,25.0,,1.0,,,,,0.999992,5.5783,base,1.0,,,0,,1.0,,1.0,-46.3286,862.5908
COPPER,tiingo,new_york_equity_open,metals,long,2022-03-03T14:35:00,2022-04-01T14:30:00,28.9958,28.5443,10.412015,301.9047,3.0,,,1.0,,1.0,,,risk_off_micro,0.5,VIX_daily,30.74,,1.0,,,,,0.442576,2.8263,directional_volume_boost,1.0,,,0,above_ema,1.0,,1.0,-4.761,857.8298
BCH-USD,binance,new_york_equity_open,crypto,long,2022-03-21T21:10:00,2022-04-06T00:15:00,335.7671,354.6291,1.284508,431.2955,3.0,,,1.0,,1.0,,,neutral_micro,1.0,CryptoFG,31.0,,1.0,,,,,0.862591,0.2491,base,1.0,,,0,,1.0,,1.0,24.1396,881.9694
BTC-USD,binance,new_york_equity_open,crypto,long,2022-03-24T15:00:00,2022-04-06T13:45:00,43590.8264,44191.16,0.007915,345.0362,3.0,,,1.0,,1.0,,,neutral_micro,1.0,CryptoFG,31.0,,1.0,,,,,0.492909,3.1008,directional_volume_boost,1.0,,,0,,1.0,,1.0,4.6822,886.6517
COPPER,tiingo,new_york_equity_open,metals,long,2022-04-04T15:05:00,2022-04-11T13:35:00,29.1858,28.4843,20.574956,600.4973,3.0,,,1.0,,1.0,,,neutral_micro,1.0,VIX_daily,19.63,,1.0,,,,,0.890123,15.8604,directional_volume_boost,1.0,,,0,above_ema,1.0,,1.0,-14.552,872.0997
PAXG-USD,binance,new_york_equity_open,gold,long,2022-04-12T14:55:00,2022-04-21T11:45:00,1973.3946,1939.612,0.30935,610.4696,3.0,,,1.0,,1.0,,,neutral_micro,1.0,VIX_daily,24.37,,1.0,,,,,0.88889,3.9298,directional_volume_boost,1.0,,,0,,1.0,,1.0,-10.5717,861.5279
COPPER,tiingo,new_york_equity_open,metals,long,2022-04-18T14:15:00,2022-04-22T16:45:00,29.3259,28.1294,20.816698,610.4677,3.0,,,1.0,,1.0,,,neutral_micro,1.0,VIX_daily,22.7,,1.0,,,,,0.920517,6.1972,directional_volume_boost,1.0,,,0,above_ema,1.0,,1.0,-25.0273,836.5006
LTC-USD,binance,hong_kong_open,crypto,short,2022-04-11T02:25:00,2022-05-04T19:05:00,108.8782,105.8212,5.700472,620.6573,3.0,,,1.0,,1.0,,,neutral_micro,1.0,CryptoFG,34.0,,1.0,,,,,1.017826,2.7869,directional_volume_boost,1.0,,,0,,1.0,,1.0,17.3042,853.8048
PAXG-USD,binance,new_york_equity_open,gold,short,2022-05-02T13:50:00,2022-05-12T07:00:00,1857.6284,1910.382,0.315214,585.5506,3.0,,,1.0,,1.0,,,risk_off_micro,1.0,VIX_daily,33.4,,1.0,,,,,0.863068,4.8846,directional_volume_boost,1.0,,,0,,1.0,,1.0,-16.7474,837.0574
COPPER,tiingo,new_york_equity_open,metals,short,2022-05-09T13:35:00,2022-05-20T13:45:00,25.2949,26.0702,23.627691,597.661,3.0,,,1.0,,1.0,,,risk_off_micro,1.0,VIX_daily,30.19,,1.0,,,,,0.927833,30.0671,directional_volume_boost,1.0,,,0,below_ema,1.0,,1.0,-18.4402,818.6172
PAXG-USD,binance,hong_kong_open,gold,short,2022-05-16T07:55:00,2022-05-23T04:15:00,1792.6414,1859.3718,0.326858,585.9403,3.0,,,1.0,,1.0,,,risk_off_micro,1.0,VIX_daily,28.87,,1.0,,,,,0.883685,5.176,directional_volume_boost,1.0,,,0,,1.0,,1.0,-21.9308,796.6864
ATOM-USD,binance,hong_kong_open,crypto,short,2022-04-11T02:50:00,2022-06-23T06:30:00,25.9248,7.6215,6.840133,177.3292,3.0,,,1.0,,1.0,,,neutral_micro,1.0,CryptoFG,34.0,,1.0,,,,,0.308574,1.9536,directional_volume_boost,1.0,,,0,,1.0,,1.0,125.1739,921.8603
ETH-USD,binance,new_york_equity_open,crypto,short,2022-05-05T19:25:00,2022-06-26T11:40:00,2703.7691,1258.1016,0.218619,591.0951,3.0,,,1.0,,1.0,,,risk_off_micro,1.0,CryptoFG,21.0,,1.0,,,,,0.834076,1.5991,directional_volume_boost,1.0,,,0,,1.0,,1.0,315.9637,1237.824
ETH-USD,binance,hong_kong_open,crypto,long,2022-07-22T09:05:00,2022-07-25T19:20:00,1637.0473,1473.0479,0.264646,433.2385,3.0,,,1.0,,1.0,,,neutral_micro,1.0,CryptoFG,34.0,,1.0,,,,,0.47559,6.4146,directional_volume_boost,1.0,,,0,below_ema,0.5,,1.0,-43.4841,1194.3398
COPPER,tiingo,new_york_equity_open,metals,short,2022-06-14T19:50:00,2022-07-26T15:00:00,25.055,20.5941,15.898757,398.3432,3.0,,,1.0,,1.0,,,risk_off_micro,1.0,VIX_daily,34.02,,1.0,,,,,0.884877,1.0256,base,1.0,,,0,below_ema,1.0,,1.0,70.8499,1265.1898
PAXG-USD,binance,new_york_equity_open,gold,short,2022-06-14T14:15:00,2022-07-27T19:05:00,1818.6362,1734.3468,0.219034,398.3433,3.0,,,1.0,,1.0,,,risk_off_micro,1.0,VIX_daily,34.02,,1.0,,,,,0.838782,1.678,base,1.0,,,0,,1.0,,1.0,18.3844,1283.5742
ENJ-USD,binance,new_york_equity_open,crypto,long,2022-07-30T17:40:00,2022-07-30T22:00:00,0.6911,0.6219,557.157375,385.0728,3.0,,,1.0,,1.0,,,neutral_micro,1.0,CryptoFG,39.0,,1.0,,,,,0.41181,22.8897,directional_volume_boost,1.0,,,0,below_ema,0.5,,1.0,-38.642,1244.9322
ENJ-USD,binance,new_york_equity_open,crypto,long,2022-08-01T15:15:00,2022-08-01T16:50:00,0.7161,0.6444,489.14088,350.2949,3.0,,,1.0,,1.0,,,neutral_micro,1.0,CryptoFG,39.0,,1.0,,,,,0.40292,12.3261,directional_volume_boost,1.0,,,0,below_ema,0.5,,1.0,-35.1521,1209.7801
LTC-USD,binance,hong_kong_open,crypto,long,2022-07-29T05:45:00,2022-08-02T02:30:00,64.4429,57.987,4.979495,320.8931,3.0,,,1.0,,1.0,,,neutral_micro,1.0,CryptoFG,32.0,,1.0,,,,,0.568699,2.0196,base,1.0,,,0,below_ema,0.5,,1.0,-32.2081,1177.5721
ENJ-USD,binance,new_york_equity_open,crypto,long,2022-08-04T16:05:00,2022-08-09T14:05:00,0.7251,0.6525,568.447797,412.2071,3.0,,,1.0,,1.0,,,neutral_micro,1.0,CryptoFG,34.0,,1.0,,,,,0.509955,5.9491,directional_volume_boost,1.0,,,0,below_ema,0.5,,1.0,-41.365,1136.2071
SOL-USD,binance,hong_kong_open,crypto,long,2022-08-13T05:20:00,2022-08-15T23:00:00,47.8096,43.02,5.941268,284.0494,3.0,,,1.0,,1.0,,,neutral_micro,1.0,CryptoFG,42.0,,1.0,,,,,0.465723,1.2407,base,1.0,,,0,below_ema,0.5,,1.0,-28.5103,1107.6968
PAXG-USD,binance,new_york_equity_open,gold,long,2022-08-04T18:55:00,2022-08-17T08:00:00,1789.3578,1765.6468,0.164525,294.393,3.0,,,1.0,,1.0,,,neutral_micro,1.0,VIX_daily,21.95,,1.0,,,,,0.605914,0.5761,base,1.0,,,0,below_ema,0.5,,1.0,-3.9595,1103.7373
BTC-USD,binance,hong_kong_open,crypto,long,2022-07-29T06:40:00,2022-08-19T06:30:00,24326.9844,22660.1571,0.018467,449.251,3.0,,,1.0,,1.0,,,neutral_micro,1.0,CryptoFG,32.0,,1.0,,,,,0.558298,5.1517,directional_volume_boost,1.0,,,0,below_ema,0.5,,1.0,-30.8687,1072.8685
ATOM-USD,binance,new_york_equity_open,crypto,long,2022-08-07T21:10:00,2022-08-19T06:35:00,11.5583,10.4879,17.1614,198.3568,3.0,,,1.0,,1.0,,,neutral_micro,1.0,CryptoFG,31.0,,1.0,,,,,0.232848,11.7903,directional_volume_boost,1.0,,,0,below_ema,0.5,,1.0,-18.4074,1054.4612
BCH-USD,binance,new_york_equity_open,crypto,short,2022-08-20T19:10:00,2022-08-23T00:20:00,112.9774,124.3,4.200029,474.5084,3.0,,,1.0,,1.0,,,neutral_micro,1.0,CryptoFG,33.0,,1.0,,,,,0.547658,4.4159,directional_volume_boost,1.0,,,0,below_ema,1.0,,1.0,-47.6547,1006.8065
SOL-USD,binance,new_york_equity_open,crypto,short,2022-08-20T19:10:00,2022-09-06T15:50:00,35.063,33.5667,13.53298,474.5067,3.0,,,1.0,,1.0,,,neutral_micro,1.0,CryptoFG,33.0,,1.0,,,,,0.551608,4.5276,directional_volume_boost,1.0,,,0,below_ema,1.0,,1.0,20.1564,1026.9628
BTC-USD,binance,new_york_equity_open,crypto,short,2022-08-26T15:20:00,2022-09-09T05:30:00,20706.7078,20580.3652,0.020844,431.6191,3.0,,,1.0,,1.0,,,risk_off_micro,1.0,CryptoFG,25.0,,1.0,,,,,0.469644,2.267,directional_volume_boost,1.0,,,0,below_ema,1.0,,1.0,2.5474,1029.5103
PAXG-USD,binance,hong_kong_open,gold,short,2022-08-29T02:05:00,2022-09-12T11:35:00,1718.6562,1725.345,0.292905,503.4033,3.0,,,1.0,,1.0,,,risk_off_micro,1.0,VIX_daily,25.56,,1.0,,,,,1.064207,0.3653,base,1.0,,,0,below_ema,1.0,,1.0,-2.0601,1027.4502
PAXG-USD,binance,new_york_equity_open,gold,short,2022-09-15T14:35:00,2022-10-03T14:05:00,1675.6648,1670.334,0.429212,719.215,3.0,,,1.0,,1.0,,,risk_off_micro,1.0,VIX_daily,26.16,,1.0,,,,,1.080626,5.5971,directional_volume_boost,1.0,,,0,below_ema,1.0,,1.0,2.1444,1029.5946
COPPER,tiingo,new_york_equity_open,metals,short,2022-09-01T15:05:00,2022-10-05T13:30:00,20.5859,21.0842,34.235166,704.7611,3.0,,,1.0,,1.0,,,risk_off_micro,1.0,VIX_daily,25.87,,1.0,,,,,1.026925,1.4094,directional_volume_boost,1.0,,,0,below_ema,1.0,,1.0,-17.2025,1012.392
ETH-USD,binance,new_york_equity_open,crypto,short,2022-09-16T16:35:00,2022-10-23T22:00:00,1421.4756,1343.3886,0.361403,513.7249,3.0,,,1.0,,1.0,,,risk_off_micro,1.0,CryptoFG,28.0,,1.0,,,,,0.805855,1.343,base,1.0,,,0,below_ema,1.0,,1.0,28.121,1040.513
ENJ-USD,binance,new_york_equity_open,crypto,short,2022-09-18T21:15:00,2022-10-25T18:25:00,0.4678,0.4436,878.526272,410.9802,3.0,,,1.0,,1.0,,,risk_off_micro,1.0,CryptoFG,22.0,,1.0,,,,,0.783414,22.9475,base,1.0,,,0,below_ema,1.0,,1.0,21.1902,1061.7031
PAXG-USD,binance,new_york_equity_open,gold,short,2022-10-19T15:20:00,2022-10-26T07:25:00,1625.6748,1662.3324,0.311376,506.1959,3.0,,,1.0,,1.0,,,risk_off_micro,1.0,VIX_daily,30.5,,1.0,,,,,1.062571,21.5504,base,1.0,,,0,below_ema,1.0,,1.0,-11.5167,1050.1865
ATOM-USD,binance,new_york_equity_open,crypto,long,2022-10-30T17:30:00,2022-11-08T05:10:00,13.9998,13.0134,26.254661,367.56,3.0,,,1.0,,1.0,,,neutral_micro,1.0,CryptoFG,34.0,,1.0,,,,,0.53,4.7092,directional_volume_boost,1.0,,,0,below_ema,0.5,,1.0,-25.9687,1024.2178
ENJ-USD,binance,new_york_equity_open,crypto,short,2022-11-09T16:25:00,2022-11-09T19:30:00,0.347,0.3818,590.264759,204.8399,3.0,,,1.0,,1.0,,,neutral_micro,1.0,CryptoFG,31.0,,1.0,,,,,0.380654,0.6601,base,1.0,,,0,below_ema,1.0,,1.0,-20.5703,1003.6475
ENJ-USD,binance,new_york_equity_open,crypto,short,2022-11-09T19:55:00,2022-11-10T21:40:00,0.3497,0.3848,532.772926,186.3267,3.0,,,1.0,,1.0,,,neutral_micro,1.0,CryptoFG,31.0,,1.0,,,,,0.364555,0.5919,base,1.0,,,0,below_ema,1.0,,1.0,-18.7272,984.9203
SOL-USD,binance,hong_kong_open,crypto,short,2022-11-09T07:45:00,2022-11-26T10:50:00,19.7461,14.963,36.308836,716.9561,3.0,,,1.0,,1.0,,,neutral_micro,1.0,CryptoFG,31.0,,1.0,,,,,0.941744,1.7071,directional_volume_boost,1.0,,,0,below_ema,1.0,,1.0,173.5431,1158.4634
ENJ-USD,binance,hong_kong_open,crypto,short,2022-11-13T09:10:00,2022-12-03T03:05:00,0.3096,0.318,547.323581,169.4722,3.0,,,1.0,,1.0,,,risk_off_micro,1.0,CryptoFG,21.0,,1.0,,,,,0.218081,6.3482,directional_volume_boost,1.0,,,0,below_ema,1.0,,1.0,-4.6119,1153.8515
COPPER,tiingo,new_york_equity_open,metals,long,2022-12-13T14:35:00,2022-12-15T16:40:00,23.6097,22.7654,8.552471,201.9214,3.0,,,1.0,,1.0,,,risk_off_micro,0.5,VIX_daily,25.0,,1.0,,,,,0.29934,6.5789,directional_volume_boost,1.0,,,0,below_ema,0.5,,1.0,-7.2601,1146.5914
ATOM-USD,binance,hong_kong_open,crypto,short,2022-12-13T07:05:00,2022-12-27T09:30:00,9.3191,9.2298,24.762638,230.7664,3.0,,,1.0,,1.0,,,risk_off_micro,1.0,CryptoFG,27.0,,1.0,,,,,0.4186,13.82,directional_volume_boost,1.0,,,0,below_ema,1.0,,1.0,2.1642,1148.7556
BCH-USD,binance,hong_kong_open,crypto,short,2022-12-12T02:55:00,2023-01-08T23:05:00,102.6795,103.5207,7.866227,807.7,3.0,,,1.0,,1.0,,,risk_off_micro,1.0,CryptoFG,26.0,,1.0,,,,,0.999635,19.3783,directional_volume_boost,1.0,,,0,below_ema,1.0,,1.0,-6.7793,1141.9763
BCH-USD,binance,hong_kong_open,crypto,long,2023-01-14T06:50:00,2023-01-18T16:20:00,130.126,117.09,2.193982,285.4941,3.0,,,1.0,,1.0,,,neutral_micro,1.0,CryptoFG,31.0,,1.0,,,,,0.497594,4.7489,base,1.0,,,0,below_ema,0.5,,1.0,-28.6551,1113.3212
PAXG-USD,binance,new_york_equity_open,gold,long,2022-11-08T15:10:00,2023-01-30T17:30:00,1684.3368,1896.6206,0.212829,358.4762,3.0,,,1.0,,1.0,,,neutral_micro,1.0,VIX_daily,24.35,,1.0,,,,,0.543676,8.671,directional_volume_boost,1.0,,,0,below_ema,0.5,,1.0,45.104,1158.4252
COPPER,tiingo,new_york_equity_open,metals,long,2023-01-06T17:35:00,2023-02-01T15:00:00,23.7147,25.3449,24.220998,574.3948,3.0,,,1.0,,1.0,,,neutral_micro,1.0,VIX_daily,22.46,,1.0,,,,,1.222899,0.7834,base,1.0,,,0,above_ema,1.0,,1.0,39.367,1197.7922
SOL-USD,binance,hong_kong_open,crypto,long,2023-01-14T02:05:00,2023-02-06T23:10:00,21.4843,22.4755,13.288685,285.4981,3.0,,,1.0,,1.0,,,neutral_micro,1.0,CryptoFG,31.0,,1.0,,,,,0.450722,3.4011,base,1.0,,,0,below_ema,0.5,,1.0,13.1134,1210.9056
BTC-USD,binance,hong_kong_open,crypto,long,2023-01-16T02:25:00,2023-02-09T03:05:00,21379.5751,22495.5,0.018695,399.6917,3.0,,,1.0,,1.0,,,neutral_micro,1.0,CryptoFG,52.0,,1.0,,,,,0.58688,3.5728,directional_volume_boost,1.0,,,0,below_ema,0.5,,1.0,20.7802,1231.6858
BCH-USD,binance,hong_kong_open,crypto,long,2023-01-23T08:20:00,2023-02-09T03:05:00,136.3273,127.3745,2.323815,316.7993,3.0,,,1.0,,1.0,,,neutral_micro,1.0,CryptoFG,53.0,,1.0,,,,,0.415237,25.6919,directional_volume_boost,1.0,,,0,below_ema,0.5,,1.0,-20.8659,1210.8199
ETH-USD,binance,new_york_equity_open,crypto,long,2023-02-16T15:50:00,2023-02-25T20:40:00,1725.335,1566.5466,0.140358,242.164,3.0,,,1.0,,1.0,,,neutral_micro,1.0,CryptoFG,53.0,,1.0,,,,,0.244816,5.8297,directional_volume_boost,1.0,,,0,above_ema,1.0,,1.0,-22.3334,1188.4865
PAXG-USD,binance,new_york_equity_open,gold,short,2023-02-09T21:30:00,2023-03-01T19:15:00,1846.6306,1828.3656,0.163923,302.7049,3.0,,,1.0,,1.0,,,neutral_micro,1.0,VIX_daily,19.63,,1.0,,,,,0.590702,7.3509,base,1.0,,,0,above_ema,0.5,,1.0,2.9338,1191.4204
BTC-USD,binance,new_york_equity_open,crypto,long,2023-02-15T22:15:00,2023-03-03T01:30:00,24302.2595,22717.4556,0.034877,847.5739,3.0,,,1.0,,1.0,,,neutral_micro,1.0,CryptoFG,50.0,,1.0,,,,,0.832914,1.2782,directional_volume_boost,1.0,,,0,above_ema,1.0,,1.0,-55.4366,1135.9838
ENJ-USD,binance,hong_kong_open,crypto,short,2023-03-06T01:55:00,2023-03-07T16:00:00,0.4083,0.4493,1388.670977,567.0198,3.0,,,1.0,,1.0,,,neutral_micro,1.0,CryptoFG,47.0,,1.0,,,,,0.813197,0.7904,base,1.0,,,0,below_ema,1.0,,1.0,-57.0405,1078.9433
BCH-USD,binance,hong_kong_open,crypto,short,2023-03-08T05:40:00,2023-03-13T14:20:00,119.776,127.2254,4.305397,515.6834,3.0,,,1.0,,1.0,,,neutral_micro,1.0,CryptoFG,49.0,,1.0,,,,,0.762135,5.8529,directional_volume_boost,1.0,,,0,below_ema,1.0,,1.0,-32.1792,1046.7641
SOL-USD,binance,new_york_equity_open,crypto,short,2023-03-07T15:05:00,2023-03-14T12:30:00,20.126,21.7243,11.592069,233.3017,3.0,,,1.0,,1.0,,,neutral_micro,1.0,CryptoFG,48.0,,1.0,,,,,0.417163,11.5284,base,1.0,,,0,below_ema,1.0,,1.0,-18.5766,1028.1875
ATOM-USD,binance,new_york_equity_open,crypto,short,2023-02-28T19:30:00,2023-03-14T12:30:00,12.3565,12.2675,17.971387,222.064,3.0,,,1.0,,1.0,,,neutral_micro,1.0,CryptoFG,50.0,,1.0,,,,,0.307328,6.4893,directional_volume_boost,1.0,,,0,below_ema,1.0,,1.0,1.556,1029.7435
ETH-USD,binance,new_york_equity_open,crypto,long,2023-03-23T15:40:00,2023-03-27T15:00:00,1842.1684,1702.6794,0.111797,205.9487,3.0,,,1.0,,1.0,,,risk_on_micro,1.0,CryptoFG,62.0,,1.0,,,,,0.323835,1.3859,base,1.0,,,0,above_ema,1.0,,1.0,-15.6341,1014.1095
PAXG-USD,binance,hong_kong_open,gold,long,2023-03-20T07:40:00,2023-04-03T07:40:00,2006.4012,1961.6076,0.128307,257.4359,3.0,,,1.0,,1.0,,,risk_off_micro,0.5,VIX_daily,25.51,,1.0,,,,,0.526389,5.8413,base,1.0,,,0,above_ema,1.0,,1.0,-5.7983,1008.3112
COPPER,tiingo,new_york_equity_open,metals,long,2023-03-30T19:15:00,2023-04-05T13:30:00,25.105,24.2551,20.197345,507.0547,3.0,,,1.0,,1.0,,,neutral_micro,1.0,VIX_daily,19.12,,1.0,,,,,1.043763,1.165,base,1.0,,,0,above_ema,1.0,,1.0,-17.2645,991.0467
PAXG-USD,binance,hong_kong_open,gold,long,2023-04-05T02:20:00,2023-04-19T08:40:00,2031.4062,1997.6004,0.347453,705.8179,3.0,,,1.0,,1.0,,,neutral_micro,1.0,VIX_daily,19.0,,1.0,,,,,1.042608,10.0597,directional_volume_boost,1.0,,,0,above_ema,1.0,,1.0,-11.8859,979.1608
LTC-USD,binance,hong_kong_open,crypto,long,2023-04-11T04:25:00,2023-04-19T23:20:00,96.5793,89.1122,1.771824,171.1216,3.0,,,1.0,,1.0,,,risk_on_micro,1.0,CryptoFG,62.0,,1.0,,,,,0.344733,8.8078,directional_volume_boost,1.0,,,0,above_ema,1.0,,1.0,-13.2633,965.8975
BTC-USD,binance,new_york_equity_open,crypto,long,2023-03-19T16:35:00,2023-04-20T19:15:00,27836.3262,28164.366,0.025895,720.8205,3.0,,,1.0,,1.0,,,risk_on_micro,1.0,CryptoFG,64.0,,1.0,,,,,0.763086,3.3965,directional_volume_boost,1.0,,,0,above_ema,1.0,,1.0,8.3497,974.2471
COPPER,tiingo,new_york_equity_open,metals,long,2023-04-13T13:40:00,2023-04-24T13:40:00,25.225,24.2751,27.501742,693.7327,3.0,,,1.0,,1.0,,,neutral_micro,1.0,VIX_daily,19.09,,1.0,,,,,1.037692,9.697,directional_volume_boost,1.0,,,0,above_ema,1.0,,1.0,-26.2589,947.9882
ATOM-USD,binance,new_york_equity_open,crypto,short,2023-04-23T18:50:00,2023-04-27T19:35:00,10.6179,11.682,45.877249,487.119,3.0,,,1.0,,1.0,,,neutral_micro,1.0,CryptoFG,53.0,,1.0,,,,,0.939208,8.5662,base,1.0,,,0,below_ema,1.0,,1.0,-48.9219,899.0663
AMZN,tiingo,new_york_equity_open,equity,long,2023-04-19T16:10:00,2023-05-02T13:30:00,104.2558,101.3797,6.574383,685.4178,3.0,,,1.0,,1.0,,,neutral_micro,1.0,VIX_daily,16.83,,1.0,,,,,0.979168,1.7586,directional_volume_boost,1.0,,,0,,1.0,,1.0,-19.0436,880.0227
PPLT,tiingo,new_york_equity_open,metals,long,2023-04-19T14:35:00,2023-05-03T15:40:00,100.9602,97.4705,0.111559,11.2631,3.0,,,1.0,,1.0,,,neutral_micro,1.0,VIX_daily,16.83,,1.0,,,,,0.01609,7.5401,directional_volume_boost,1.0,,,0,,1.0,,1.0,-0.3915,879.6311
BCH-USD,binance,hong_kong_open,crypto,short,2023-04-25T07:25:00,2023-05-09T09:25:00,117.5765,121.0242,3.113466,366.0704,3.0,,,1.0,,1.0,,,neutral_micro,1.0,CryptoFG,53.0,,1.0,,,,,0.565732,3.5841,directional_volume_boost,1.0,,,0,below_ema,1.0,,1.0,-10.8086,868.8225
HOOD,tiingo,new_york_equity_open,equity,short,2023-04-27T13:45:00,2023-05-10T13:30:00,8.7782,9.2619,53.991542,473.9509,3.0,,,1.0,,1.0,,,neutral_micro,1.0,VIX_daily,18.84,,1.0,,,,,0.947902,0.2131,base,1.0,,,0,,1.0,,1.0,-26.2105,842.612
SLV,tiingo,new_york_equity_open,metals,long,2023-05-04T17:15:00,2023-05-11T13:40:00,23.8998,22.5055,0.735772,17.5848,3.0,,,1.0,,1.0,,,neutral_micro,1.0,VIX_daily,18.34,,1.0,,,,,0.03517,0.5182,base,1.0,,,0,,1.0,,1.0,-1.0293,841.5827
GLD,tiingo,new_york_equity_open,gold,long,2023-05-04T14:25:00,2023-05-16T17:05:00,190.7481,184.4781,3.228038,615.7421,3.0,,,1.0,,1.0,,,neutral_micro,1.0,VIX_daily,18.34,,1.0,,,,,0.879632,2.2636,directional_volume_boost,1.0,,,0,,1.0,,1.0,-20.3609,821.2218
COPPER,tiingo,new_york_equity_open,metals,short,2023-05-04T15:55:00,2023-06-02T13:30:00,23.5803,22.9896,26.112903,615.7496,3.0,,,1.0,,1.0,,,neutral_micro,1.0,VIX_daily,18.34,,1.0,,,,,0.946112,40.0,directional_volume_boost,1.0,,,0,below_ema,1.0,,1.0,15.3034,836.5252
BTC-USD,binance,new_york_equity_open,crypto,short,2023-06-05T16:05:00,2023-06-19T18:05:00,25549.2591,26845.358,0.00056,14.3,3.0,,,1.0,,1.0,,,neutral_micro,1.0,CryptoFG,52.0,,1.0,,,,,0.015228,11.2838,directional_volume_boost,1.0,,,0,above_ema,0.5,,1.0,-0.7284,835.7968
BCH-USD,binance,new_york_equity_open,crypto,short,2023-06-05T16:00:00,2023-06-20T17:45:00,108.9782,109.5219,5.373264,585.5687,3.0,,,1.0,,1.0,,,neutral_micro,1.0,CryptoFG,52.0,,1.0,,,,,0.911797,11.5287,directional_volume_boost,1.0,,,0,below_ema,1.0,,1.0,-3.0388,832.758
ENJ-USD,binance,new_york_equity_open,crypto,short,2023-06-05T16:05:00,2023-06-20T19:45:00,0.301,0.2672,95.004102,28.6,3.0,,,1.0,,1.0,,,neutral_micro,1.0,CryptoFG,52.0,,1.0,,,,,0.033758,4.2733,directional_volume_boost,1.0,,,0,below_ema,1.0,,1.0,3.2102,835.9681
ATOM-USD,binance,new_york_equity_open,crypto,short,2023-06-05T16:05:00,2023-06-21T01:10:00,9.911,8.9838,2.885679,28.6,3.0,,,1.0,,1.0,,,neutral_micro,1.0,CryptoFG,52.0,,1.0,,,,,0.041471,12.3322,directional_volume_boost,1.0,,,0,below_ema,1.0,,1.0,2.6702,838.6383
PLTR,tiingo,new_york_equity_open,equity,long,2023-05-10T13:40:00,2023-06-21T15:10:00,9.7269,14.3871,60.64422,589.883,3.0,,,1.0,,1.0,,,neutral_micro,1.0,VIX_daily,17.71,,1.0,,,,,0.84269,1.3063,directional_volume_boost,1.0,,,0,,1.0,,1.0,282.4693,1121.1075
TSLA,tiingo,new_york_equity_open,equity,long,2023-05-19T13:35:00,2023-06-26T16:05:00,178.3807,244.5561,3.143657,560.7676,3.0,,,1.0,,1.0,,,neutral_micro,1.0,VIX_daily,16.05,,1.0,,,,,0.801097,4.0338,directional_volume_boost,1.0,,,0,,1.0,,1.0,207.8997,1329.0073
SLV,tiingo,new_york_equity_open,metals,short,2023-06-29T13:45:00,2023-07-05T13:30:00,20.4509,21.2042,0.0,0.0,3.0,,,1.0,,1.0,,,risk_on_micro,0.0,VIX_daily,13.43,,1.0,,,,,0.0,1.9018,directional_volume_boost,1.0,,,0,,1.0,,1.0,-0.0,1329.0073
LTC-USD,binance,new_york_equity_open,crypto,long,2023-06-30T16:35:00,2023-07-07T00:00:00,104.6809,94.194,1.787429,187.1097,3.0,,,1.0,,1.0,,,neutral_micro,1.0,CryptoFG,54.0,,1.0,,,,,0.449638,2.3543,directional_volume_boost,1.0,,,0,above_ema,1.0,,1.0,-18.7802,1310.2271
PAXG-USD,binance,new_york_equity_open,gold,short,2023-06-04T21:20:00,2023-07-07T14:35:00,1940.6118,1911.3822,0.0,0.0,3.0,,,1.0,,1.0,,,risk_on_micro,0.0,VIX_daily,14.6,,1.0,,,,,0.0,4.3586,directional_volume_boost,1.0,,,0,above_ema,0.5,,1.0,0.0,1310.2271
AMZN,tiingo,new_york_equity_open,equity,long,2023-05-11T13:45:00,2023-07-10T13:45:00,110.9122,127.0846,4.065366,450.8986,3.0,,,1.0,,1.0,,,neutral_micro,1.0,VIX_daily,16.94,,1.0,,,,,0.656917,1.3044,directional_volume_boost,1.0,,,0,,1.0,,1.0,65.6499,1375.877
PPLT,tiingo,new_york_equity_open,metals,short,2023-06-20T13:35:00,2023-07-10T18:30:00,89.1822,86.1772,0.0,0.0,3.0,,,1.0,,1.0,,,risk_on_micro,0.0,VIX_daily,13.54,,1.0,,,,,0.0,40.0,directional_volume_boost,1.0,,,0,,1.0,,1.0,0.0,1375.877
BCH-USD,binance,new_york_equity_open,crypto,long,2023-06-23T15:40:00,2023-07-15T13:30:00,155.231,248.8502,5.055531,784.7753,3.0,,,1.0,,1.0,,,risk_on_micro,1.0,CryptoFG,65.0,,1.0,,,,,1.226439,13.2963,directional_volume_boost,1.0,,,0,above_ema,1.0,,1.0,473.0906,1848.9676
BTC-USD,binance,new_york_equity_open,crypto,long,2023-06-23T15:45:00,2023-07-17T18:30:00,30857.2202,29894.02,0.007266,224.2215,3.0,,,1.0,,1.0,,,risk_on_micro,1.0,CryptoFG,65.0,,1.0,,,,,0.346629,4.1771,base,1.0,,,0,above_ema,1.0,,1.0,-7.0431,1841.9245
TSLA,tiingo,new_york_equity_open,equity,long,2023-07-03T13:35:00,2023-07-20T17:15:00,278.8158,265.047,0.105338,29.3698,3.0,,,1.0,,1.0,,,risk_on_micro,1.0,VIX_daily,13.59,,1.0,,,,,0.033312,14.6564,directional_volume_boost,1.0,,,0,,1.0,,1.0,-1.4561,1840.4684
AMZN,tiingo,new_york_equity_open,equity,long,2023-07-13T13:35:00,2023-07-26T13:30:00,134.3019,128.3243,5.692823,764.5566,3.0,,,1.0,,1.0,,,risk_on_micro,1.0,VIX_daily,13.54,,1.0,,,,,1.010862,12.2978,directional_volume_boost,1.0,,,0,,1.0,,1.0,-34.1788,1806.2896
SLV,tiingo,new_york_equity_open,metals,long,2023-07-18T14:55:00,2023-07-27T13:35:00,22.9796,22.2555,40.076697,920.9462,3.0,,,1.0,,1.0,,,risk_on_micro,1.0,VIX_daily,13.48,,1.0,,,,,1.990552,0.6557,base,1.0,,,0,,1.0,,1.0,-29.199,1777.0906
COIN,tiingo,new_york_equity_open,equity,long,2023-06-28T17:05:00,2023-08-01T13:30:00,70.4141,91.8216,9.437098,664.5046,3.0,,,1.0,,1.0,,,risk_on_micro,1.0,VIX_daily,13.74,,1.0,,,,,1.39923,0.0964,base,1.0,,,0,,1.0,,1.0,201.8719,1978.9625
MSTR,tiingo,new_york_equity_open,equity,long,2023-06-20T19:30:00,2023-08-02T14:55:00,313.6527,414.3671,1.858521,582.93,3.0,,,1.0,,1.0,,,risk_on_micro,1.0,VIX_daily,13.54,,1.0,,,,,0.832757,3.8369,directional_volume_boost,1.0,,,0,,1.0,,1.0,187.0445,2166.007
HOOD,tiingo,new_york_equity_open,equity,long,2023-06-28T14:20:00,2023-08-03T13:30:00,10.2871,12.0826,64.596709,664.5101,3.0,,,1.0,,1.0,,,risk_on_micro,1.0,VIX_daily,13.74,,1.0,,,,,1.366814,1.1132,base,1.0,,,0,,1.0,,1.0,115.8378,2281.8448
PLTR,tiingo,new_york_equity_open,equity,long,2023-07-31T13:40:00,2023-08-07T15:15:00,19.1888,17.2665,57.043151,1094.5918,3.0,,,1.0,,1.0,,,risk_on_micro,1.0,VIX_daily,13.33,,1.0,,,,,1.206187,3.5509,directional_volume_boost,1.0,,,0,,1.0,,1.0,-109.8593,2171.9855
INTC,tiingo,new_york_equity_open,equity,long,2023-07-27T16:25:00,2023-08-16T15:50:00,34.857,33.8532,25.491182,888.5453,3.0,,,1.0,,1.0,,,risk_on_micro,1.0,VIX_daily,13.19,,1.0,,,,,1.766733,1.0333,base,1.0,,,0,,1.0,,1.0,-25.7625,2146.223
PPLT,tiingo,new_york_equity_open,metals,short,2023-08-08T14:15:00,2023-08-23T13:30:00,83.0034,85.077,13.083777,1085.998,3.0,,,1.0,,1.0,,,neutral_micro,1.0,VIX_daily,15.77,,1.0,,,,,2.175161,0.3175,base,1.0,,,0,,1.0,,1.0,-27.3505,2118.8725
COPPER,tiingo,new_york_equity_open,metals,short,2023-08-11T16:30:00,2023-08-23T15:05:00,23.0554,23.5647,20.725375,477.8316,3.0,,,1.0,,1.0,,,neutral_micro,1.0,VIX_daily,15.85,,1.0,,,,,0.721644,19.4175,directional_volume_boost,1.0,,,0,below_ema,1.0,,1.0,-10.6523,2108.2202
PAXG-USD,binance,new_york_equity_open,gold,short,2023-08-11T20:40:00,2023-08-23T17:40:00,1913.6172,1915.383,0.567507,1085.9929,3.0,,,1.0,,1.0,,,neutral_micro,1.0,VIX_daily,15.85,,1.0,,,,,2.087283,7.4324,base,1.0,,,0,below_ema,1.0,,1.0,-1.2194,2107.0008
GLD,tiingo,new_york_equity_open,gold,short,2023-08-14T13:35:00,2023-08-28T15:35:00,176.8146,178.5357,0.0,0.0,3.0,,,1.0,,1.0,,,risk_on_micro,0.0,VIX_daily,14.84,,1.0,,,,,0.0,0.1355,base,1.0,,,0,,1.0,,1.0,-0.0,2107.0008
LTC-USD,binance,new_york_equity_open,crypto,short,2023-08-02T16:55:00,2023-08-29T14:25:00,87.1826,67.3935,6.211169,541.5055,3.0,,,1.0,,1.0,,,neutral_micro,1.0,CryptoFG,53.0,,1.0,,,,,1.959455,6.3943,base,1.0,,,0,above_ema,0.5,,1.0,122.8176,2229.8184
ETH-USD,binance,new_york_equity_open,crypto,short,2023-08-07T16:10:00,2023-08-29T14:30:00,1813.2173,1702.4504,0.281388,510.2186,3.0,,,1.0,,1.0,,,neutral_micro,1.0,CryptoFG,49.0,,1.0,,,,,0.687211,1.606,directional_volume_boost,1.0,,,0,above_ema,0.5,,1.0,31.0696,2260.888
SLV,tiingo,new_york_equity_open,metals,long,2023-08-30T13:35:00,2023-09-06T13:30:00,22.9246,21.2757,69.0348,1582.594,3.0,,,1.0,,1.0,,,risk_on_micro,1.0,VIX_daily,14.45,,1.0,,,,,2.522052,2.8511,directional_volume_boost,1.0,,,0,,1.0,,1.0,-114.1337,2146.7543
ATOM-USD,binance,new_york_equity_open,crypto,short,2023-07-26T18:00:00,2023-09-15T04:15:00,8.8162,7.0014,102.43179,903.0629,3.0,,,1.0,,1.0,,,neutral_micro,1.0,CryptoFG,50.0,,1.0,,,,,1.720782,6.5108,base,1.0,,,0,below_ema,1.0,,1.0,185.7311,2332.4854
SOL-USD,binance,new_york_equity_open,crypto,short,2023-09-01T15:05:00,2023-09-18T15:05:00,19.3161,19.974,58.590204,1131.7363,3.0,,,1.0,,1.0,,,neutral_micro,1.0,CryptoFG,52.0,,1.0,,,,,1.399806,1.7363,directional_volume_boost,1.0,,,0,below_ema,1.0,,1.0,-38.7763,2293.7091
INTC,tiingo,new_york_equity_open,equity,long,2023-09-01T13:35:00,2023-09-19T19:35:00,36.4673,36.0278,43.398746,1582.6346,3.0,,,1.0,,1.0,,,risk_on_micro,1.0,VIX_daily,13.57,,1.0,,,,,2.280794,2.5094,directional_volume_boost,1.0,,,0,,1.0,,1.0,-19.3888,2274.3203
SLV,tiingo,new_york_equity_open,metals,short,2023-09-14T14:05:00,2023-09-20T13:35:00,20.5059,21.4193,0.0,0.0,3.0,,,1.0,,1.0,,,risk_on_micro,0.0,VIX_daily,13.48,,1.0,,,,,0.0,4.5431,directional_volume_boost,1.0,,,0,,1.0,,1.0,-0.0,2274.3203
AMZN,tiingo,new_york_equity_open,equity,long,2023-09-11T15:15:00,2023-09-21T13:30:00,141.4083,133.1534,7.590586,1073.3718,3.0,,,1.0,,1.0,,,risk_on_micro,1.0,VIX_daily,13.84,,1.0,,,,,2.05101,0.9012,base,1.0,,,0,,1.0,,1.0,-62.8682,2211.4521
TSLA,tiingo,new_york_equity_open,equity,long,2023-09-11T13:35:00,2023-09-22T18:10:00,261.8424,246.6007,4.099316,1073.3747,3.0,,,1.0,,1.0,,,risk_on_micro,1.0,VIX_daily,13.84,,1.0,,,,,1.765698,11.0917,base,1.0,,,0,,1.0,,1.0,-62.6892,2148.7629
BCH-USD,binance,hong_kong_open,crypto,long,2023-09-28T07:40:00,2023-10-09T09:45:00,237.3475,223.5553,4.526608,1074.3792,3.0,,,1.0,,1.0,,,neutral_micro,1.0,CryptoFG,44.0,,1.0,,,,,2.1581,1.1307,base,1.0,,,0,above_ema,1.0,,1.0,-62.6406,2086.1224
BTC-USD,binance,hong_kong_open,crypto,long,2023-10-02T03:45:00,2023-10-11T04:00:00,28103.2395,27004.828,0.004556,128.0512,3.0,,,1.0,,1.0,,,neutral_micro,1.0,CryptoFG,48.0,,1.0,,,,,0.265699,5.3227,base,1.0,,,0,above_ema,1.0,,1.0,-5.03,2081.0924
PAXG-USD,binance,new_york_equity_open,gold,short,2023-09-27T16:30:00,2023-10-11T10:00:00,1880.6238,1873.3746,0.251368,472.7297,3.0,,,1.0,,1.0,,,neutral_micro,1.0,VIX_daily,18.94,,1.0,,,,,0.649356,4.859,directional_volume_boost,1.0,,,0,below_ema,1.0,,1.0,1.7279,2082.8202
GLD,tiingo,new_york_equity_open,gold,short,2023-09-26T17:50:00,2023-10-12T13:30:00,176.2897,174.2048,6.094398,1074.3796,3.0,,,1.0,,1.0,,,neutral_micro,1.0,VIX_daily,16.9,,1.0,,,,,2.210657,0.0888,base,1.0,,,0,,1.0,,1.0,12.4924,2095.3127
LTC-USD,binance,new_york_equity_open,crypto,short,2023-10-09T16:30:00,2023-10-16T13:30:00,62.4375,66.2833,14.498489,905.2496,3.0,,,1.0,,1.0,,,neutral_micro,1.0,CryptoFG,50.0,,1.0,,,,,3.09298,10.8281,base,1.0,,,0,below_ema,1.0,,1.0,-55.9443,2039.3684
ATOM-USD,binance,new_york_equity_open,crypto,short,2023-10-18T14:05:00,2023-10-23T03:45:00,6.3697,6.8064,118.403852,754.2001,3.0,,,1.0,,1.0,,,neutral_micro,1.0,CryptoFG,52.0,,1.0,,,,,1.30312,0.6549,base,1.0,,,0,below_ema,1.0,,1.0,-51.8584,1987.5099
PLTR,tiingo,new_york_equity_open,equity,long,2023-09-29T13:35:00,2023-10-23T13:30:00,16.3583,15.8068,91.945517,1504.0697,3.0,,,1.0,,1.0,,,neutral_micro,1.0,VIX_daily,17.34,,1.0,,,,,1.782654,5.4875,directional_volume_boost,1.0,,,0,,1.0,,1.0,-51.0003,1936.5096
COPPER,tiingo,new_york_equity_open,metals,short,2023-09-21T13:35:00,2023-10-25T13:30:00,22.7155,22.5945,68.149654,1548.0506,3.0,,,1.0,,1.0,,,neutral_micro,1.0,VIX_daily,15.14,,1.0,,,,,2.375001,18.1818,directional_volume_boost,1.0,,,0,below_ema,1.0,,1.0,7.9361,1944.4457
COIN,tiingo,new_york_equity_open,equity,long,2023-10-24T13:35:00,2023-10-26T15:40:00,84.6769,76.194,2.807051,237.6925,3.0,,,1.0,,1.0,,,neutral_micro,1.0,VIX_daily,20.37,,1.0,,,,,0.310359,15.6699,directional_volume_boost,1.0,,,0,above_ema,1.0,,1.0,-23.8572,1920.5885
HOOD,tiingo,new_york_equity_open,equity,short,2023-10-12T17:30:00,2023-11-03T13:30:00,9.4131,9.6019,111.298671,1047.6675,3.0,,,1.0,,1.0,,,neutral_micro,1.0,VIX_daily,16.09,,1.0,,,,,2.045052,0.8011,base,1.0,,,0,below_ema,1.0,,1.0,-21.227,1899.3615
TSLA,tiingo,new_york_equity_open,equity,short,2023-10-30T14:30:00,2023-11-03T13:30:00,201.3697,221.551,0.163254,32.8744,3.0,,,1.0,,1.0,,,neutral_micro,1.0,VIX_daily,21.27,,1.0,,,,,0.039789,1.8918,directional_volume_boost,1.0,,,0,below_ema,1.0,,1.0,-3.3016,1896.0599
PAXG-USD,binance,hong_kong_open,gold,long,2023-10-15T08:25:00,2023-11-05T13:55:00,1924.3848,1947.6104,0.338969,652.3068,3.0,,,1.0,,1.0,,,neutral_micro,1.0,VIX_daily,19.32,,1.0,,,,,1.380959,0.4741,base,1.0,,,0,above_ema,1.0,,1.0,7.7415,1903.8014
GLD,tiingo,new_york_equity_open,gold,long,2023-10-27T18:05:00,2023-11-08T14:50:00,185.3071,181.6887,3.942197,730.5169,3.0,,,1.0,,1.0,,,neutral_micro,1.0,VIX_daily,20.68,,1.0,,,,,1.067452,1.2503,directional_volume_boost,1.0,,,0,above_ema,1.0,,1.0,-14.4092,1889.3922
ENJ-USD,binance,hong_kong_open,crypto,long,2023-10-26T07:55:00,2023-11-14T18:50:00,0.2638,0.2554,27.080126,7.1425,3.0,,,1.0,,1.0,,,risk_on_micro,1.0,CryptoFG,72.0,,1.0,,,,,0.012832,0.9031,base,1.0,,,0,below_ema,0.5,,1.0,-0.2276,1889.1646
SLV,tiingo,new_york_equity_open,metals,short,2023-11-10T14:40:00,2023-11-15T14:30:00,20.4509,21.3543,5.307592,108.5451,3.0,,,1.0,,1.0,,,neutral_micro,1.0,VIX_daily,15.29,,1.0,,,,,0.26767,0.4776,base,1.0,,,0,below_ema,1.0,,1.0,-4.8169,1884.3477
PPLT,tiingo,new_york_equity_open,metals,short,2023-11-09T14:35:00,2023-11-21T14:30:00,80.089,85.097,0.0,0.0,3.0,,,1.0,,1.0,,,risk_on_micro,0.0,VIX_daily,14.45,,1.0,,,,,0.0,8.2851,directional_volume_boost,1.0,,,0,below_ema,1.0,,1.0,-0.0,1884.3477
PLTR,tiingo,new_york_equity_open,equity,long,2023-11-03T13:40:00,2023-11-27T14:30:00,18.5437,18.9262,51.123253,948.0146,3.0,,,1.0,,1.0,,,neutral_micro,1.0,VIX_daily,15.66,,1.0,,,,,1.611294,4.2065,base,1.0,,,0,above_ema,1.0,,1.0,19.3639,1903.7116
HOOD,tiingo,new_york_equity_open,equity,short,2023-11-09T17:20:00,2023-11-29T14:30:00,8.2583,8.6467,0.0,0.0,3.0,,,1.0,,1.0,,,risk_on_micro,0.0,VIX_daily,14.45,,1.0,,,,,0.0,0.1911,base,1.0,,,0,below_ema,1.0,,1.0,-0.0,1903.7116
SLV,tiingo,new_york_equity_open,metals,long,2023-11-24T14:35:00,2023-12-07T17:05:00,22.0694,21.6557,0.0,0.0,3.0,,,1.0,,1.0,,,risk_on_micro,1.0,VIX_daily,12.85,,1.0,,,,,0.0,40.0,directional_volume_boost,1.0,,,0,above_ema,1.0,,1.0,-0.0,1903.7116
PAXG-USD,binance,hong_kong_open,gold,long,2023-11-21T08:15:00,2023-12-08T17:05:00,1983.3966,1992.6014,0.051461,102.0675,3.0,,,1.0,,1.0,,,risk_on_micro,1.0,VIX_daily,13.41,,1.0,,,,,0.214806,0.8146,base,1.0,,,0,above_ema,1.0,,1.0,0.4532,1904.1648
GLD,tiingo,new_york_equity_open,gold,long,2023-11-27T14:35:00,2023-12-08T17:05:00,186.5873,185.088,5.361013,1000.2971,3.0,,,1.0,,1.0,,,risk_on_micro,1.0,VIX_daily,12.46,,1.0,,,,,1.482126,10.1448,directional_volume_boost,1.0,,,0,above_ema,1.0,,1.0,-8.2372,1895.9276
ETH-USD,binance,hong_kong_open,crypto,long,2023-10-24T02:20:00,2023-12-13T04:20:00,1807.3714,2148.5702,0.624484,1128.6764,3.0,,,1.0,,1.0,,,neutral_micro,1.0,CryptoFG,53.0,,1.0,,,,,1.466863,1.5829,directional_volume_boost,1.0,,,0,above_ema,1.0,,1.0,212.8264,2108.754
BTC-USD,binance,hong_kong_open,crypto,long,2023-10-23T03:45:00,2023-12-29T22:20:00,30502.3793,41629.2725,0.020136,614.1823,3.0,,,1.0,,1.0,,,neutral_micro,1.0,CryptoFG,53.0,,1.0,,,,,1.299926,1.1631,base,1.0,,,0,above_ema,1.0,,1.0,223.9044,2332.6584
TSLA,tiingo,new_york_equity_open,equity,long,2023-12-14T17:45:00,2024-01-02T14:30:00,253.1006,247.0706,0.897561,227.1733,3.0,,,1.0,,1.0,,,risk_on_micro,1.0,VIX_daily,12.19,,1.0,,,,,0.414048,0.6158,base,1.0,,,0,above_ema,1.0,,1.0,-5.4572,2327.2011
BTC-USD,binance,hong_kong_open,crypto,long,2024-01-02T03:00:00,2024-01-03T12:05:00,45388.0358,41291.74,0.025697,1166.3292,3.0,,,1.0,,1.0,,,risk_on_micro,1.0,CryptoFG,65.0,,1.0,,,,,2.087963,0.6925,base,1.0,,,0,above_ema,1.0,,1.0,-105.4835,2221.7176
COIN,tiingo,new_york_equity_open,equity,long,2023-11-09T14:35:00,2024-01-03T14:30:00,95.7091,153.7492,13.818699,1322.5759,3.0,,,1.0,,1.0,,,risk_on_micro,1.0,VIX_daily,14.45,,1.0,,,,,1.857412,8.0958,directional_volume_boost,1.0,,,0,above_ema,1.0,,1.0,801.6945,3023.4122
HOOD,tiingo,new_york_equity_open,equity,long,2023-12-08T20:45:00,2024-01-03T14:30:00,11.7173,12.0726,92.286087,1081.3478,3.0,,,1.0,,1.0,,,risk_on_micro,1.0,VIX_daily,13.06,,1.0,,,,,1.559988,1.8673,directional_volume_boost,1.0,,,0,above_ema,1.0,,1.0,32.5683,3055.9805
INTC,tiingo,new_york_equity_open,equity,long,2023-12-14T14:35:00,2024-01-04T14:30:00,45.8792,45.6959,32.174385,1476.1342,3.0,,,1.0,,1.0,,,risk_on_micro,1.0,VIX_daily,12.19,,1.0,,,,,1.996223,3.3557,directional_volume_boost,1.0,,,0,above_ema,1.0,,1.0,-6.1935,3049.787
MSTR,tiingo,new_york_equity_open,equity,long,2023-10-25T14:45:00,2024-01-09T14:30:00,438.6777,587.1226,2.216257,972.2222,3.0,,,1.0,,1.0,,,neutral_micro,1.0,VIX_daily,18.97,,1.0,,,,,1.671756,0.8096,base,1.0,,,0,above_ema,1.0,,1.0,328.7645,3378.5515
BTC-USD,binance,new_york_equity_open,crypto,long,2024-01-08T18:05:00,2024-01-18T17:50:00,45971.3924,41491.7,0.04644,2134.8509,3.0,,,1.0,,1.0,,,risk_on_micro,1.0,CryptoFG,71.0,,1.0,,,,,1.998257,4.6027,directional_volume_boost,1.0,,,0,above_ema,1.0,,1.0,-208.4408,3170.1107
ETH-USD,binance,new_york_equity_open,crypto,long,2024-01-10T15:40:00,2024-01-22T05:00:00,2449.0997,2414.717,0.369869,905.8454,3.0,,,1.0,,1.0,,,risk_on_micro,1.0,CryptoFG,76.0,,1.0,,,,,1.15749,2.3542,directional_volume_boost,1.0,,,0,above_ema,1.0,,1.0,-12.8971,3157.2136
PLTR,tiingo,new_york_equity_open,equity,short,2024-01-05T20:05:00,2024-01-22T14:30:00,15.9318,17.0734,0.0,0.0,3.0,,,1.0,,1.0,,,risk_on_micro,0.0,VIX_daily,14.13,,1.0,,,,,0.0,0.7172,base,1.0,,,0,above_ema,0.5,,1.0,-0.0,3157.2136
ENJ-USD,binance,hong_kong_open,crypto,short,2024-01-23T09:15:00,2024-01-27T03:25:00,0.2638,0.2903,3289.384314,867.895,3.0,,,1.0,,1.0,,,neutral_micro,1.0,CryptoFG,55.0,,1.0,,,,,1.299808,2.0679,directional_volume_boost,1.0,,,0,below_ema,1.0,,1.0,-87.213,3070.0006
ATOM-USD,binance,hong_kong_open,crypto,short,2024-01-23T09:15:00,2024-01-28T04:55:00,8.8672,9.7559,97.953131,868.5725,3.0,,,1.0,,1.0,,,neutral_micro,1.0,CryptoFG,55.0,,1.0,,,,,1.614589,3.5515,directional_volume_boost,1.0,,,0,below_ema,1.0,,1.0,-87.2285,2982.7721
BTC-USD,binance,hong_kong_open,crypto,short,2024-01-23T09:05:00,2024-01-29T16:20:00,39343.2198,42851.2485,0.028086,1105.0248,3.0,,,1.0,,1.0,,,neutral_micro,1.0,CryptoFG,55.0,,1.0,,,,,1.479934,2.0558,directional_volume_boost,1.0,,,0,above_ema,0.5,,1.0,-98.7581,2884.014
SLV,tiingo,new_york_equity_open,metals,short,2024-01-11T16:35:00,2024-01-29T17:20:00,20.5959,21.2092,0.0,0.0,3.0,,,1.0,,1.0,,,risk_on_micro,0.0,VIX_daily,12.69,,1.0,,,,,0.0,4.1783,directional_volume_boost,1.0,,,0,below_ema,1.0,,1.0,-0.0,2884.014
COPPER,tiingo,new_york_equity_open,metals,long,2024-01-29T17:40:00,2024-02-07T16:05:00,24.1848,23.4753,59.626395,1442.0547,3.0,,,1.0,,1.0,,,risk_on_micro,1.0,VIX_daily,13.26,,1.0,,,,,3.13221,0.3591,base,1.0,,,0,above_ema,1.0,,1.0,-42.5887,2841.4254
TSLA,tiingo,new_york_equity_open,equity,short,2024-01-16T14:35:00,2024-02-15T15:20:00,212.2375,194.7489,0.0,0.0,3.0,,,1.0,,1.0,,,risk_on_micro,0.0,VIX_daily,12.7,,1.0,,,,,0.0,40.0,directional_volume_boost,1.0,,,0,below_ema,1.0,,1.0,0.0,2841.4254
PPLT,tiingo,new_york_equity_open,metals,short,2024-02-07T17:20:00,2024-02-20T14:30:00,80.9638,83.4667,0.0,0.0,3.0,,,1.0,,1.0,,,risk_on_micro,0.0,VIX_daily,13.06,,1.0,,,,,0.0,3.268,base,1.0,,,0,below_ema,1.0,,1.0,-0.0,2841.4254
AMZN,tiingo,new_york_equity_open,equity,long,2024-01-11T14:35:00,2024-02-20T17:15:00,157.0614,165.7268,15.057755,2364.9921,3.0,,,1.0,,1.0,,,risk_on_micro,1.0,VIX_daily,12.69,,1.0,,,,,3.081035,5.8225,directional_volume_boost,1.0,,,0,above_ema,1.0,,1.0,129.996,2971.4213
AMZN,tiingo,new_york_equity_open,equity,long,2024-02-23T15:15:00,2024-03-11T13:55:00,175.5001,172.2755,8.465588,1485.7115,3.0,,,1.0,,1.0,,,risk_on_micro,1.0,VIX_daily,14.54,,1.0,,,,,2.609352,0.5809,base,1.0,,,0,above_ema,1.0,,1.0,-27.5921,2943.8293
PLTR,tiingo,new_york_equity_open,equity,long,2024-02-07T14:40:00,2024-03-15T17:45:00,22.4045,23.4253,90.105409,2018.7648,3.0,,,1.0,,1.0,,,risk_on_micro,1.0,VIX_daily,13.06,,1.0,,,,,2.516499,2.5499,directional_volume_boost,1.0,,,0,above_ema,1.0,,1.0,91.5679,3035.3971
BTC-USD,binance,new_york_equity_open,crypto,long,2024-02-07T20:20:00,2024-03-16T23:10:00,44144.3171,65267.9338,0.045057,1988.9978,3.0,,,1.0,,1.0,,,risk_on_micro,1.0,CryptoFG,64.0,,1.0,,,,,2.079235,5.8077,directional_volume_boost,1.0,,,0,above_ema,1.0,,1.0,951.2742,3986.6713
LTC-USD,binance,hong_kong_open,crypto,long,2024-02-27T01:55:00,2024-03-17T07:10:00,73.6147,82.2336,9.309028,685.2814,3.0,,,1.0,,1.0,,,risk_on_micro,1.0,CryptoFG,72.0,,1.0,,,,,1.844473,6.1751,directional_volume_boost,1.0,,,0,above_ema,1.0,,1.0,80.088,4066.7592
ENJ-USD,binance,hong_kong_open,crypto,long,2024-02-16T02:45:00,2024-03-17T07:15:00,0.3317,0.5016,9e-06,0.0,3.0,,,1.0,,1.0,,,risk_on_micro,1.0,CryptoFG,72.0,,1.0,,,,,0.0,0.8364,base,1.0,,,0,above_ema,1.0,,1.0,0.0,4066.7592
INTC,tiingo,new_york_equity_open,equity,short,2024-03-19T19:10:00,2024-03-28T13:30:00,41.8566,43.8388,0.0,0.0,3.0,,,1.0,,1.0,,,risk_on_micro,0.0,VIX_daily,14.33,,1.0,,,,,0.0,0.304,base,1.0,,,0,above_ema,0.5,,1.0,-0.0,4066.7592
LTC-USD,binance,new_york_equity_open,crypto,long,2024-03-29T14:45:00,2024-04-02T02:35:00,106.2012,95.562,7.658602,813.353,3.0,,,1.0,,1.0,,,risk_on_micro,1.0,CryptoFG,80.0,,1.0,,,,,2.220939,2.1705,directional_volume_boost,1.0,,,0,above_ema,1.0,,1.0,-81.6359,3985.1233
MSTR,tiingo,new_york_equity_open,equity,long,2024-02-09T14:35:00,2024-04-05T19:55:00,637.1024,1464.707,1.019535,649.5485,3.0,,,1.0,,1.0,,,risk_on_micro,1.0,VIX_daily,12.79,,1.0,,,,,0.682413,9.0274,directional_volume_boost,1.0,,,0,above_ema,1.0,,1.0,843.558,4828.6813
COIN,tiingo,new_york_equity_open,equity,long,2024-02-09T14:35:00,2024-04-10T13:30:00,141.8784,236.0928,4.578184,649.5453,3.0,,,1.0,,1.0,,,risk_on_micro,1.0,VIX_daily,12.79,,1.0,,,,,0.640459,12.3247,directional_volume_boost,1.0,,,0,above_ema,1.0,,1.0,431.1577,5259.839
BCH-USD,binance,new_york_equity_open,crypto,long,2024-03-24T13:50:00,2024-04-12T17:25:00,494.1988,561.5877,5.760294,2846.7303,3.0,,,1.0,,1.0,,,risk_on_micro,1.0,CryptoFG,73.0,,1.0,,,,,3.671039,14.279,directional_volume_boost,1.0,,,0,above_ema,1.0,,1.0,387.5718,5647.4108
BTC-USD,binance,hong_kong_open,crypto,long,2024-04-08T08:55:00,2024-04-13T19:50:00,71938.7149,65051.5071,0.020839,1499.0828,3.0,,,1.0,,1.0,,,risk_on_micro,1.0,CryptoFG,78.0,,1.0,,,,,1.630206,4.8603,directional_volume_boost,1.0,,,0,above_ema,1.0,,1.0,-143.8075,5503.6033
AMZN,tiingo,new_york_equity_open,equity,long,2024-03-21T13:35:00,2024-04-17T16:45:00,181.0362,179.854,11.231908,2033.3819,3.0,,,1.0,,1.0,,,risk_on_micro,1.0,VIX_daily,13.04,,1.0,,,,,3.604697,1.151,base,1.0,,,0,above_ema,1.0,,1.0,-13.6834,5489.9199
PPLT,tiingo,new_york_equity_open,metals,long,2024-04-09T13:35:00,2024-04-22T13:30:00,90.6481,85.4729,7.579228,687.0428,3.0,,,1.0,,1.0,,,neutral_micro,1.0,VIX_daily,15.19,,1.0,,,,,1.061062,20.4644,directional_volume_boost,1.0,,,0,above_ema,1.0,,1.0,-39.3575,5450.5623
GLD,tiingo,new_york_equity_open,gold,long,2024-03-01T14:35:00,2024-04-23T13:30:00,190.103,214.6171,2.866805,544.9883,3.0,,,1.0,,1.0,,,risk_on_micro,1.0,VIX_daily,13.4,,1.0,,,,,1.155964,0.5721,base,1.0,,,0,above_ema,1.0,,1.0,70.1611,5520.7234
TSLA,tiingo,new_york_equity_open,equity,short,2024-04-16T13:35:00,2024-04-26T15:35:00,155.6289,171.226,24.754533,3852.5198,3.0,,,1.0,,1.0,,,neutral_micro,1.0,VIX_daily,19.23,,1.0,,,,,4.844255,10.3907,directional_volume_boost,1.0,,,0,below_ema,1.0,,1.0,-386.9087,5133.8148
PLTR,tiingo,new_york_equity_open,equity,long,2024-05-03T13:50:00,2024-05-08T13:35:00,23.4397,21.0915,153.313659,3593.6244,3.0,,,1.0,,1.0,,,risk_on_micro,1.0,VIX_daily,14.68,,1.0,,,,,4.34179,3.1497,directional_volume_boost,1.0,,,0,above_ema,1.0,,1.0,-360.6968,4773.1179
HOOD,tiingo,new_york_equity_open,equity,long,2024-05-09T13:35:00,2024-05-09T17:10:00,19.1838,17.262,124.409869,2386.6585,3.0,,,1.0,,1.0,,,risk_on_micro,1.0,VIX_daily,13.0,,1.0,,,,,3.68371,12.519,base,1.0,,,0,above_ema,1.0,,1.0,-239.5384,4533.5796
ENJ-USD,binance,hong_kong_open,crypto,short,2024-05-13T03:15:00,2024-05-15T02:05:00,0.2679,0.2948,11839.388585,3172.3216,3.0,,,1.0,,1.0,,,neutral_micro,1.0,CryptoFG,56.0,,1.0,,,,,4.068878,2.0528,directional_volume_boost,1.0,,,0,below_ema,1.0,,1.0,-318.6599,4214.9197
INTC,tiingo,new_york_equity_open,equity,short,2024-04-03T19:15:00,2024-05-16T13:30:00,40.4619,31.4513,0.0,0.0,3.0,,,1.0,,1.0,,,risk_on_micro,0.0,VIX_daily,14.61,,1.0,,,,,0.0,1.0979,base,1.0,,,0,above_ema,0.5,,1.0,0.0,4214.9197
AMZN,tiingo,new_york_equity_open,equity,long,2024-05-09T14:50:00,2024-05-21T13:30:00,190.158,182.7634,12.550396,2386.559,3.0,,,1.0,,1.0,,,risk_on_micro,1.0,VIX_daily,13.0,,1.0,,,,,4.245079,0.6726,base,1.0,,,0,above_ema,1.0,,1.0,-93.2724,4121.6472
PAXG-USD,binance,new_york_equity_open,gold,long,2024-05-15T20:45:00,2024-05-28T07:30:00,2383.4766,2330.5338,0.884195,2107.4595,3.0,,,1.0,,1.0,,,risk_on_micro,1.0,VIX_daily,13.42,,1.0,,,,,3.81199,1.3025,base,1.0,,,0,above_ema,1.0,,1.0,-47.2287,4074.4186
COPPER,tiingo,new_york_equity_open,metals,long,2024-04-03T13:55:00,2024-05-30T13:30:00,26.0452,29.1842,107.106371,2789.6077,3.0,,,1.0,,1.0,,,risk_on_micro,1.0,VIX_daily,14.61,,1.0,,,,,4.325232,20.6897,directional_volume_boost,1.0,,,0,above_ema,1.0,,1.0,335.6112,4410.0298
MSTR,tiingo,new_york_equity_open,equity,long,2024-05-15T15:20:00,2024-05-31T16:10:00,1396.2192,1475.0049,1.509406,2107.4601,3.0,,,1.0,,1.0,,,risk_on_micro,1.0,VIX_daily,13.42,,1.0,,,,,1.623675,0.6556,base,1.0,,,0,above_ema,1.0,,1.0,118.4862,4528.516
PPLT,tiingo,new_york_equity_open,metals,long,2024-05-13T13:35:00,2024-06-03T15:00:00,92.6635,93.4913,5.121427,474.5695,3.0,,,1.0,,1.0,,,risk_on_micro,1.0,VIX_daily,12.55,,1.0,,,,,0.763538,7.3214,directional_volume_boost,1.0,,,0,above_ema,1.0,,1.0,4.1441,4532.6601
ETH-USD,binance,new_york_equity_open,crypto,long,2024-05-27T15:40:00,2024-06-07T18:00:00,3967.1133,3701.8395,0.538105,2134.7234,3.0,,,1.0,,1.0,,,risk_on_micro,1.0,CryptoFG,75.0,,1.0,,,,,2.263409,4.3921,directional_volume_boost,1.0,,,0,above_ema,1.0,,1.0,-143.1579,4389.5022
SOL-USD,binance,hong_kong_open,crypto,long,2024-05-17T06:55:00,2024-06-07T18:00:00,167.3435,161.2877,9.051009,1514.6273,3.0,,,1.0,,1.0,,,risk_on_micro,1.0,CryptoFG,70.0,,1.0,,,,,0.815574,5.8759,directional_volume_boost,1.0,,,0,above_ema,1.0,,1.0,-55.1082,4334.394
TSLA,tiingo,new_york_equity_open,equity,short,2024-06-11T13:40:00,2024-06-13T13:30:00,170.126,182.6515,0.0,0.0,3.0,,,1.0,,1.0,,,risk_on_micro,0.0,VIX_daily,12.74,,1.0,,,,,0.0,2.8254,directional_volume_boost,1.0,,,0,below_ema,1.0,,1.0,-0.0,4334.394
COIN,tiingo,new_york_equity_open,equity,long,2024-05-28T14:50:00,2024-06-20T14:15:00,239.3879,234.1932,8.270855,1979.9421,3.0,,,1.0,,1.0,,,risk_on_micro,1.0,VIX_daily,11.93,,1.0,,,,,1.866075,0.8833,base,1.0,,,0,above_ema,1.0,,1.0,-43.3568,4291.0373
PAXG-USD,binance,new_york_equity_open,gold,short,2024-06-26T13:35:00,2024-07-03T03:05:00,2291.5416,2328.4656,0.0,0.0,3.0,,,1.0,,1.0,,,risk_on_micro,0.0,VIX_daily,12.84,,1.0,,,,,0.0,5.516,directional_volume_boost,1.0,,,0,above_ema,0.5,,1.0,-0.0,4291.0373
ETH-USD,binance,hong_kong_open,crypto,short,2024-07-04T01:50:00,2024-07-15T01:15:00,3234.403,3291.7682,0.116462,376.6854,3.0,,,1.0,,1.0,,,neutral_micro,1.0,CryptoFG,50.0,,1.0,,,,,0.366844,7.9554,directional_volume_boost,1.0,,,0,above_ema,0.5,,1.0,-6.7569,4284.2804
ATOM-USD,binance,hong_kong_open,crypto,short,2024-07-04T01:35:00,2024-07-15T02:25:00,6.1928,6.2923,485.100886,3004.1142,3.0,,,1.0,,1.0,,,neutral_micro,1.0,CryptoFG,50.0,,1.0,,,,,6.030464,10.7053,directional_volume_boost,1.0,,,0,below_ema,1.0,,1.0,-48.8528,4235.4276
AMZN,tiingo,new_york_equity_open,equity,long,2024-06-12T14:35:00,2024-07-15T16:05:00,188.1826,192.7964,16.123088,3034.0855,3.0,,,1.0,,1.0,,,risk_on_micro,1.0,VIX_daily,12.85,,1.0,,,,,3.931733,2.2885,directional_volume_boost,1.0,,,0,above_ema,1.0,,1.0,73.775,4309.2026
TSLA,tiingo,new_york_equity_open,equity,long,2024-07-02T13:35:00,2024-07-24T13:30:00,220.5541,233.0534,13.619006,3003.7275,3.0,,,1.0,,1.0,,,risk_on_micro,1.0,VIX_daily,12.22,,1.0,,,,,4.283971,5.8548,directional_volume_boost,1.0,,,0,above_ema,1.0,,1.0,169.6101,4478.8128
PLTR,tiingo,new_york_equity_open,equity,long,2024-06-12T13:35:00,2024-07-24T16:40:00,24.2849,26.8946,89.240313,2167.1881,3.0,,,1.0,,1.0,,,risk_on_micro,1.0,VIX_daily,12.85,,1.0,,,,,3.942751,1.0535,base,1.0,,,0,above_ema,1.0,,1.0,232.4354,4711.2482
HOOD,tiingo,new_york_equity_open,equity,long,2024-07-15T13:40:00,2024-07-24T18:30:00,23.4397,21.7506,126.484682,2964.7614,3.0,,,1.0,,1.0,,,risk_on_micro,1.0,VIX_daily,12.46,,1.0,,,,,3.205107,3.1083,directional_volume_boost,1.0,,,0,above_ema,1.0,,1.0,-214.2108,4497.0374
PAXG-USD,binance,hong_kong_open,gold,long,2024-07-16T03:05:00,2024-07-25T01:15:00,2420.484,2378.5242,1.246215,3016.4418,3.0,,,1.0,,1.0,,,risk_on_micro,1.0,VIX_daily,13.12,,1.0,,,,,4.363484,29.2739,directional_volume_boost,1.0,,,0,above_ema,1.0,,1.0,-52.8889,4444.1485
BTC-USD,binance,hong_kong_open,crypto,long,2024-07-29T02:35:00,2024-08-01T15:15:00,69599.077,63444.0087,0.044697,3110.9039,3.0,,,1.0,,1.0,,,risk_on_micro,1.0,CryptoFG,71.0,,1.0,,,,,3.725076,6.2799,directional_volume_boost,1.0,,,0,above_ema,1.0,,1.0,-275.7089,4168.4395
MSTR,tiingo,new_york_equity_open,equity,long,2024-07-16T15:30:00,2024-08-01T17:00:00,1643.8287,1510.3329,0.293661,482.7283,3.0,,,1.0,,1.0,,,risk_on_micro,1.0,VIX_daily,13.12,,1.0,,,,,0.361745,0.8117,base,1.0,,,0,above_ema,1.0,,1.0,-39.2951,4129.1444
BCH-USD,binance,hong_kong_open,crypto,long,2024-07-29T03:05:00,2024-08-02T23:40:00,425.8852,383.2199,2.087017,888.8297,3.0,,,1.0,,1.0,,,risk_on_micro,1.0,CryptoFG,71.0,,1.0,,,,,1.342416,3.7419,directional_volume_boost,1.0,,,0,above_ema,1.0,,1.0,-89.212,4039.9324
PAXG-USD,binance,new_york_equity_open,gold,long,2024-08-02T21:20:00,2024-08-05T12:20:00,2478.4956,2355.5288,1.16619,2890.4006,3.0,,,1.0,,1.0,,,neutral_micro,1.0,VIX_daily,18.59,,1.0,,,,,3.833516,5.9993,directional_volume_boost,1.0,,,0,above_ema,1.0,,1.0,-143.9665,3895.9659
BTC-USD,binance,hong_kong_open,crypto,short,2024-08-05T06:10:00,2024-08-07T02:30:00,52065.5848,57283.5977,0.015529,808.5389,3.0,,,1.0,,1.0,,,neutral_micro,1.0,CryptoFG,34.0,,1.0,,,,,1.445082,5.0903,base,1.0,,,0,below_ema,1.0,,1.0,-81.1996,3814.7663
COPPER,tiingo,new_york_equity_open,metals,short,2024-08-05T13:35:00,2024-08-16T17:50:00,25.005,26.0152,109.065237,2727.1761,3.0,,,1.0,,1.0,,,neutral_micro,1.0,VIX_daily,23.39,,1.0,,,,,3.996196,1.3236,directional_volume_boost,1.0,,,0,below_ema,1.0,,1.0,-110.7342,3704.0321
INTC,tiingo,new_york_equity_open,equity,short,2024-07-30T14:40:00,2024-08-19T13:30:00,30.5689,21.0642,72.690484,2222.067,3.0,,,1.0,,1.0,,,neutral_micro,1.0,VIX_daily,16.6,,1.0,,,,,3.889407,1.1609,base,1.0,,,0,below_ema,1.0,,1.0,690.5252,4394.5573
ENJ-USD,binance,new_york_equity_open,crypto,short,2024-08-02T21:10:00,2024-08-20T05:50:00,0.1609,0.1443,17575.922331,2827.4003,3.0,,,1.0,,1.0,,,neutral_micro,1.0,CryptoFG,52.0,,1.0,,,,,1.884589,2.3264,directional_volume_boost,1.0,,,0,below_ema,1.0,,1.0,290.7167,4685.2741
PLTR,tiingo,new_york_equity_open,equity,long,2024-08-09T15:15:00,2024-08-28T13:50:00,29.851,30.3239,63.89686,1907.3831,3.0,,,1.0,,1.0,,,neutral_micro,1.0,VIX_daily,23.79,,1.0,,,,,3.293473,0.6736,base,1.0,,,0,above_ema,1.0,,1.0,29.8346,4715.1086
PAXG-USD,binance,hong_kong_open,gold,long,2024-08-17T06:20:00,2024-09-02T02:05:00,2509.5018,2481.5036,0.738001,1852.0159,3.0,,,1.0,,1.0,,,risk_on_micro,1.0,VIX_daily,14.8,,1.0,,,,,3.797296,3.1309,base,1.0,,,0,above_ema,1.0,,1.0,-21.0309,4694.0777
HOOD,tiingo,new_york_equity_open,equity,long,2024-08-27T18:20:00,2024-09-03T17:00:00,21.3593,19.5261,109.674166,2342.5603,3.0,,,1.0,,1.0,,,neutral_micro,1.0,VIX_daily,16.15,,1.0,,,,,3.734321,0.6698,base,1.0,,,0,above_ema,1.0,,1.0,-201.5036,4492.5741
PPLT,tiingo,new_york_equity_open,metals,short,2024-09-03T14:05:00,2024-09-12T13:30:00,83.0034,87.6575,0.0,0.0,3.0,,,1.0,,1.0,,,risk_on_micro,0.0,VIX_daily,15.0,,1.0,,,,,0.0,2.3254,directional_volume_boost,1.0,,,0,below_ema,1.0,,1.0,-0.0,4492.5741
MSTR,tiingo,new_york_equity_open,equity,short,2024-09-03T14:15:00,2024-09-13T15:30:00,127.4145,139.4279,0.0,0.0,3.0,,,1.0,,1.0,,,risk_on_micro,0.0,VIX_daily,15.0,,1.0,,,,,0.0,1.0284,base,1.0,,,0,below_ema,1.0,,1.0,-0.0,4492.5741
SOL-USD,binance,new_york_equity_open,crypto,short,2024-08-30T15:00:00,2024-09-13T18:30:00,135.6329,138.0276,24.334615,3300.5736,3.0,,,1.0,,1.0,,,risk_off_micro,1.0,CryptoFG,29.0,,1.0,,,,,1.455478,3.1467,directional_volume_boost,1.0,,,0,below_ema,1.0,,1.0,-58.94,4433.6341
INTC,tiingo,new_york_equity_open,equity,short,2024-09-06T14:50:00,2024-09-16T18:30:00,18.8012,20.6855,99.962754,1879.4237,3.0,,,1.0,,1.0,,,neutral_micro,1.0,VIX_daily,19.9,,1.0,,,,,2.033754,1.5819,directional_volume_boost,1.0,,,0,below_ema,1.0,,1.0,-188.7582,4244.8759
ATOM-USD,binance,new_york_equity_open,crypto,short,2024-09-01T14:15:00,2024-09-18T16:50:00,4.4181,4.2589,213.44486,943.0242,3.0,,,1.0,,1.0,,,risk_off_micro,1.0,CryptoFG,29.0,,1.0,,,,,1.123449,8.7507,base,1.0,,,0,below_ema,1.0,,1.0,33.8056,4278.6815
COIN,tiingo,new_york_equity_open,equity,short,2024-09-04T13:35:00,2024-09-18T18:35:00,164.5871,169.0938,13.648024,2246.2884,3.0,,,1.0,,1.0,,,neutral_micro,1.0,VIX_daily,20.72,,1.0,,,,,2.239594,5.2144,base,1.0,,,0,below_ema,1.0,,1.0,-61.9631,4216.7184
AMZN,tiingo,new_york_equity_open,equity,long,2024-09-20T19:55:00,2024-10-01T13:30:00,191.1432,184.6131,15.442379,2951.706,3.0,,,1.0,,1.0,,,neutral_micro,1.0,VIX_daily,16.33,,1.0,,,,,3.760967,5.4316,directional_volume_boost,1.0,,,0,above_ema,1.0,,1.0,-101.4212,4115.2972
BTC-USD,binance,new_york_equity_open,crypto,long,2024-09-19T14:35:00,2024-10-01T15:00:00,63485.9246,62345.4584,0.046493,2951.7029,3.0,,,1.0,,1.0,,,neutral_micro,1.0,CryptoFG,45.0,,1.0,,,,,2.825303,1.5045,directional_volume_boost,1.0,,,0,above_ema,1.0,,1.0,-53.609,4061.6882
LTC-USD,binance,hong_kong_open,crypto,long,2024-09-23T01:40:00,2024-10-01T15:00:00,68.8538,64.807,12.248326,843.3437,3.0,,,1.0,,1.0,,,neutral_micro,1.0,CryptoFG,52.0,,1.0,,,,,3.705391,0.505,base,1.0,,,0,below_ema,0.5,,1.0,-49.7301,4011.9581
PPLT,tiingo,new_york_equity_open,metals,long,2024-09-26T13:35:00,2024-10-08T13:30:00,92.6535,89.0022,4.736754,438.877,3.0,,,1.0,,1.0,,,neutral_micro,1.0,VIX_daily,15.41,,1.0,,,,,1.052309,11.8114,base,1.0,,,0,above_ema,1.0,,1.0,-17.3814,3994.5767
SLV,tiingo,new_york_equity_open,metals,long,2024-09-13T15:55:00,2024-10-08T14:10:00,28.1306,28.1494,0.0,0.0,3.0,,,1.0,,1.0,,,neutral_micro,1.0,VIX_daily,17.07,,1.0,,,,,0.0,0.0663,base,1.0,,,0,above_ema,1.0,,1.0,0.0,3994.5767
GLD,tiingo,new_york_equity_open,gold,long,2024-08-16T13:35:00,2024-10-08T14:30:00,230.126,242.4415,2.676109,615.8424,3.0,,,1.0,,1.0,,,neutral_micro,1.0,VIX_daily,15.23,,1.0,,,,,0.890253,6.1896,directional_volume_boost,1.0,,,0,above_ema,1.0,,1.0,32.8311,4027.4079
PAXG-USD,binance,new_york_equity_open,gold,long,2024-09-12T13:40:00,2024-10-08T15:30:00,2544.5088,2618.4762,0.0,0.0,3.0,,,1.0,,1.0,,,neutral_micro,1.0,VIX_daily,17.69,,1.0,,,,,0.0,1.3181,directional_volume_boost,1.0,,,0,above_ema,1.0,,1.0,0.0,4027.4079
COPPER,tiingo,new_york_equity_open,metals,long,2024-09-26T13:35:00,2024-10-09T13:30:00,28.6057,27.8244,15.342037,438.87,3.0,,,1.0,,1.0,,,neutral_micro,1.0,VIX_daily,15.41,,1.0,,,,,0.92666,0.1653,base,1.0,,,0,above_ema,1.0,,1.0,-12.0728,4015.3351
TSLA,tiingo,new_york_equity_open,equity,long,2024-09-05T13:40:00,2024-10-10T13:45:00,228.3557,237.8224,13.771489,3144.7977,3.0,,,1.0,,1.0,,,neutral_micro,1.0,VIX_daily,21.32,,1.0,,,,,4.314626,4.8253,directional_volume_boost,1.0,,,0,above_ema,1.0,,1.0,129.7287,4145.0638
ATOM-USD,binance,new_york_equity_open,crypto,short,2024-10-09T20:20:00,2024-10-20T14:00:00,4.2132,4.5909,667.164262,2810.868,3.0,,,1.0,,1.0,,,neutral_micro,1.0,CryptoFG,49.0,,1.0,,,,,2.527351,2.5785,directional_volume_boost,1.0,,,0,below_ema,1.0,,1.0,-252.5872,3892.4766
ETH-USD,binance,new_york_equity_open,crypto,long,2024-10-20T14:10:00,2024-10-25T23:05:00,2691.9983,2449.51,0.50608,1362.367,3.0,,,1.0,,1.0,,,risk_on_micro,1.0,CryptoFG,72.0,,1.0,,,,,1.709442,8.1353,directional_volume_boost,1.0,,,0,below_ema,0.5,,1.0,-122.9788,3769.4978
HOOD,tiingo,new_york_equity_open,equity,long,2024-10-08T13:35:00,2024-10-31T13:30:00,24.1598,26.0748,115.736763,2796.1806,3.0,,,1.0,,1.0,,,neutral_micro,1.0,VIX_daily,22.64,,1.0,,,,,3.280076,4.5459,directional_volume_boost,1.0,,,0,above_ema,1.0,,1.0,221.0529,3990.5506
BCH-USD,binance,new_york_equity_open,crypto,long,2024-10-29T16:00:00,2024-11-01T02:00:00,388.1776,349.29,2.65426,1030.3241,3.0,,,1.0,,1.0,,,risk_on_micro,1.0,CryptoFG,72.0,,1.0,,,,,1.247571,4.6573,directional_volume_boost,1.0,,,0,above_ema,1.0,,1.0,-103.4135,3887.1371
SOL-USD,binance,new_york_equity_open,crypto,long,2024-10-20T14:40:00,2024-11-03T14:50:00,160.9722,159.0882,4.761789,766.5156,3.0,,,1.0,,1.0,,,risk_on_micro,1.0,CryptoFG,72.0,,1.0,,,,,0.358443,5.6322,directional_volume_boost,1.0,,,0,above_ema,1.0,,1.0,-9.1237,3878.0134
SLV,tiingo,new_york_equity_open,metals,long,2024-10-18T17:10:00,2024-11-04T16:50:00,30.151,29.4691,55.73569,1680.4883,3.0,,,1.0,,1.0,,,neutral_micro,1.0,VIX_daily,19.11,,1.0,,,,,2.906923,2.387,directional_volume_boost,1.0,,,0,above_ema,1.0,,1.0,-38.3382,3839.6751
PAXG-USD,binance,hong_kong_open,gold,long,2024-10-18T02:30:00,2024-11-05T02:40:00,2712.5424,2735.4528,0.030564,82.906,3.0,,,1.0,,1.0,,,neutral_micro,1.0,VIX_daily,19.11,,1.0,,,,,0.168361,0.3023,base,1.0,,,0,above_ema,1.0,,1.0,0.6836,3840.3587
GLD,tiingo,new_york_equity_open,gold,long,2024-10-16T13:35:00,2024-11-06T14:30:00,247.9896,250.12,11.70025,2901.54,3.0,,,1.0,,1.0,,,neutral_micro,1.0,VIX_daily,20.64,,1.0,,,,,4.04353,1.5402,directional_volume_boost,1.0,,,0,above_ema,1.0,,1.0,24.3429,3864.7016
SOL-USD,binance,hong_kong_open,crypto,long,2024-11-06T03:10:00,2024-12-02T12:50:00,183.4667,221.7556,13.826126,2536.6334,3.0,,,1.0,,1.0,,,risk_on_micro,1.0,CryptoFG,70.0,,1.0,,,,,1.846017,5.2371,directional_volume_boost,1.0,,,0,above_ema,1.0,,1.0,528.8274,4393.529
BTC-USD,binance,new_york_equity_open,crypto,long,2024-10-15T13:50:00,2024-12-05T22:25:00,66825.6225,90772.9418,0.013762,919.6894,3.0,,,1.0,,1.0,,,neutral_micro,1.0,CryptoFG,48.0,,1.0,,,,,0.891642,7.25,directional_volume_boost,1.0,,,0,above_ema,1.0,,1.0,329.3579,4722.8869
BCH-USD,binance,new_york_equity_open,crypto,long,2024-12-06T17:45:00,2024-12-09T20:45:00,637.8275,573.93,5.183254,3306.0234,3.0,,,1.0,,1.0,,,risk_on_micro,1.0,CryptoFG,84.0,,1.0,,,,,4.533111,1.8916,directional_volume_boost,1.0,,,0,above_ema,1.0,,1.0,-331.8251,4391.0618
SLV,tiingo,new_york_equity_open,metals,long,2024-12-09T14:35:00,2024-12-13T15:25:00,29.2208,27.6095,9.261927,270.6413,3.0,,,1.0,,1.0,,,risk_on_micro,1.0,VIX_daily,12.77,,1.0,,,,,0.666057,7.2799,base,1.0,,,0,above_ema,1.0,,1.0,-14.9766,4376.0853
GLD,tiingo,new_york_equity_open,gold,long,2024-12-11T15:15:00,2024-12-18T19:05:00,250.4851,242.1016,9.621714,2410.0958,3.0,,,1.0,,1.0,,,risk_on_micro,1.0,VIX_daily,14.18,,1.0,,,,,3.339054,4.057,directional_volume_boost,1.0,,,0,above_ema,1.0,,1.0,-81.138,4294.9472
COIN,tiingo,new_york_equity_open,equity,long,2024-11-07T17:40:00,2024-12-18T19:15:00,257.5815,298.5603,6.152614,1584.7995,3.0,,,1.0,,1.0,,,neutral_micro,1.0,VIX_daily,16.27,,1.0,,,,,1.602174,0.3935,base,1.0,,,0,above_ema,1.0,,1.0,251.7845,4546.7318
BTC-USD,binance,new_york_equity_open,crypto,long,2024-12-16T16:20:00,2024-12-19T20:10:00,106768.0193,96071.9992,0.002156,230.2046,3.0,,,1.0,,1.0,,,risk_on_micro,1.0,CryptoFG,80.0,,1.0,,,,,0.24983,1.2094,base,1.0,,,0,above_ema,1.0,,1.0,-23.1047,4523.6271
AMZN,tiingo,new_york_equity_open,equity,long,2024-12-04T14:35:00,2024-12-20T14:30:00,216.9734,220.101,10.124551,2196.7584,3.0,,,1.0,,1.0,,,risk_on_micro,1.0,VIX_daily,13.3,,1.0,,,,,3.9747,6.3853,base,1.0,,,0,above_ema,1.0,,1.0,31.2225,4554.8496
TSLA,tiingo,new_york_equity_open,equity,long,2024-11-06T14:35:00,2024-12-30T15:05:00,287.9976,416.5367,9.393436,2705.2873,3.0,,,1.0,,1.0,,,neutral_micro,1.0,VIX_daily,20.49,,1.0,,,,,3.880062,18.7755,directional_volume_boost,1.0,,,0,above_ema,1.0,,1.0,1206.7617,5761.6113
INTC,tiingo,new_york_equity_open,equity,short,2024-12-04T14:35:00,2025-01-03T19:20:00,22.2805,20.6691,0.0,0.0,3.0,,,1.0,,1.0,,,risk_on_micro,0.0,VIX_daily,13.3,,1.0,,,,,0.0,1.3144,directional_volume_boost,1.0,,,0,below_ema,1.0,,1.0,0.0,5761.6113
COPPER,tiingo,new_york_equity_open,metals,short,2024-12-18T20:20:00,2025-01-06T14:45:00,25.6049,25.8552,88.786098,2273.357,3.0,,,1.0,,1.0,,,neutral_micro,1.0,VIX_daily,15.87,,1.0,,,,,4.951908,1.0,base,1.0,,,0,below_ema,1.0,,1.0,-22.6773,5738.934
PPLT,tiingo,new_york_equity_open,metals,short,2024-12-27T17:50:00,2025-01-06T15:20:00,84.0432,86.2673,0.0,0.0,3.0,,,1.0,,1.0,,,risk_on_micro,0.0,VIX_daily,14.73,,1.0,,,,,0.0,0.2927,base,1.0,,,0,below_ema,1.0,,1.0,-0.0,5738.934
MSTR,tiingo,new_york_equity_open,equity,short,2024-12-19T15:30:00,2025-01-06T18:05:00,337.2925,364.863,6.470004,2182.2838,3.0,,,1.0,,1.0,,,risk_off_micro,1.0,VIX_daily,27.62,,1.0,,,,,1.374695,1.3427,directional_volume_boost,1.0,,,0,below_ema,1.0,,1.0,-178.8352,5560.0988
PLTR,tiingo,new_york_equity_open,equity,long,2024-11-05T14:35:00,2025-01-07T15:00:00,48.2196,72.4255,55.750819,2688.2845,3.0,,,1.0,,1.0,,,neutral_micro,1.0,VIX_daily,21.98,,1.0,,,,,2.806556,11.3309,directional_volume_boost,1.0,,,0,above_ema,1.0,,1.0,1348.8268,6908.9256
INTC,tiingo,new_york_equity_open,equity,short,2025-01-13T16:20:00,2025-01-17T14:30:00,18.8012,20.6855,183.728095,3454.3158,3.0,,,1.0,,1.0,,,neutral_micro,1.0,VIX_daily,19.54,,1.0,,,,,5.57855,0.1519,base,1.0,,,0,below_ema,1.0,,1.0,-346.9312,6561.9945
LTC-USD,binance,hong_kong_open,crypto,long,2025-01-17T03:40:00,2025-01-19T08:10:00,132.0164,118.791,14.654199,1934.5947,3.0,,,1.0,,1.0,,,risk_on_micro,1.0,CryptoFG,75.0,,1.0,,,,,6.176766,6.4859,directional_volume_boost,1.0,,,0,above_ema,1.0,,1.0,-194.1747,6367.8198
BTC-USD,binance,hong_kong_open,crypto,long,2025-01-20T06:55:00,2025-01-27T06:35:00,108065.6188,99530.09,0.013051,1410.3231,3.0,,,1.0,,1.0,,,risk_on_micro,1.0,CryptoFG,77.0,,1.0,,,,,1.698646,13.3402,directional_volume_boost,1.0,,,0,above_ema,1.0,,1.0,-111.6654,6256.1544
COPPER,tiingo,new_york_equity_open,metals,long,2025-01-16T15:10:00,2025-01-27T16:20:00,27.7055,26.8546,124.68716,3454.5252,3.0,,,1.0,,1.0,,,neutral_micro,1.0,VIX_daily,16.12,,1.0,,,,,7.562489,0.0,base,1.0,,,0,above_ema,1.0,,1.0,-106.7733,6149.3811
COIN,tiingo,new_york_equity_open,equity,long,2025-01-17T14:40:00,2025-01-27T18:25:00,295.4541,265.8555,8.521127,2517.6017,3.0,,,1.0,,1.0,,,neutral_micro,1.0,VIX_daily,16.6,,1.0,,,,,1.684213,4.2779,directional_volume_boost,1.0,,,0,above_ema,1.0,,1.0,-252.6917,5896.6895
PLTR,tiingo,new_york_equity_open,equity,long,2025-01-31T14:35:00,2025-02-20T14:50:00,82.8166,100.2449,38.181788,3162.0842,3.0,,,1.0,,1.0,,,neutral_micro,1.0,VIX_daily,15.84,,1.0,,,,,2.443127,3.9182,directional_volume_boost,1.0,,,0,above_ema,1.0,,1.0,664.7464,6561.4359
HOOD,tiingo,new_york_equity_open,equity,long,2025-01-15T14:35:00,2025-02-21T19:00:00,44.3689,52.6595,109.00067,4836.237,3.0,,,1.0,,1.0,,,neutral_micro,1.0,VIX_daily,18.71,,1.0,,,,,4.928546,6.3772,directional_volume_boost,1.0,,,0,above_ema,1.0,,1.0,902.6199,7464.0558
SLV,tiingo,new_york_equity_open,metals,long,2025-01-30T14:35:00,2025-02-25T15:20:00,28.6157,28.8092,103.031248,2948.3138,3.0,,,1.0,,1.0,,,neutral_micro,1.0,VIX_daily,16.56,,1.0,,,,,7.462372,0.8356,base,1.0,,,0,above_ema,1.0,,1.0,19.3484,7483.4042
PAXG-USD,binance,new_york_equity_open,gold,long,2025-01-08T16:00:00,2025-02-27T14:45:00,2671.5342,2895.4208,1.810288,4836.2483,3.0,,,1.0,,1.0,,,neutral_micro,1.0,VIX_daily,17.82,,1.0,,,,,6.613142,6.5712,directional_volume_boost,1.0,,,0,above_ema,1.0,,1.0,404.2918,7887.696
GLD,tiingo,new_york_equity_open,gold,long,2025-01-10T14:35:00,2025-02-27T14:45:00,248.6197,265.3969,0.555781,138.1782,3.0,,,1.0,,1.0,,,neutral_micro,1.0,VIX_daily,17.7,,1.0,,,,,0.196059,40.0,directional_volume_boost,1.0,,,0,above_ema,1.0,,1.0,9.2959,7896.9919
BCH-USD,binance,new_york_equity_open,crypto,short,2025-02-24T15:00:00,2025-03-02T16:35:00,307.3385,334.1668,12.143035,3732.0218,3.0,,,1.0,,1.0,,,neutral_micro,1.0,CryptoFG,50.0,,1.0,,,,,8.296367,2.3996,base,1.0,,,0,below_ema,1.0,,1.0,-326.5566,7570.4353
ETH-USD,binance,new_york_equity_open,crypto,short,2025-02-26T18:30:00,2025-03-02T21:40:00,2308.7282,2540.1089,1.225739,2829.9009,3.0,,,1.0,,1.0,,,risk_off_micro,1.0,CryptoFG,25.0,,1.0,,,,,3.88247,4.9911,directional_volume_boost,1.0,,,0,below_ema,1.0,,1.0,-284.2065,7286.2287
LTC-USD,binance,new_york_equity_open,crypto,short,2025-03-04T16:10:00,2025-03-06T04:25:00,98.5703,108.449,13.024774,1283.8558,3.0,,,1.0,,1.0,,,neutral_micro,1.0,CryptoFG,33.0,,1.0,,,,,8.517033,0.7521,base,1.0,,,0,above_ema,0.5,,1.0,-128.9377,7157.2911
ATOM-USD,binance,hong_kong_open,crypto,short,2025-03-04T01:40:00,2025-03-15T11:10:00,4.0992,4.4449,1244.299859,5100.609,3.0,,,1.0,,1.0,,,neutral_micro,1.0,CryptoFG,33.0,,1.0,,,,,17.115339,7.1274,directional_volume_boost,1.0,,,0,below_ema,1.0,,1.0,-431.2039,6726.0872
BTC-USD,binance,new_york_equity_open,crypto,short,2025-02-24T22:15:00,2025-03-19T18:50:00,93147.4368,85326.7719,0.001859,173.1411,3.0,,,1.0,,1.0,,,neutral_micro,1.0,CryptoFG,50.0,,1.0,,,,,0.166709,4.0796,directional_volume_boost,1.0,,,0,above_ema,0.5,,1.0,14.5039,6740.5912
AMZN,tiingo,new_york_equity_open,equity,short,2025-03-03T20:35:00,2025-03-24T13:30:00,204.0142,201.5453,12.500027,2550.1826,3.0,,,1.0,,1.0,,,neutral_micro,1.0,VIX_daily,19.63,,1.0,,,,,3.298594,2.4977,directional_volume_boost,1.0,,,0,above_ema,0.5,,1.0,30.3543,6770.9455
MSTR,tiingo,new_york_equity_open,equity,short,2025-02-21T18:05:00,2025-03-24T13:30:00,309.6581,309.1118,14.832512,4593.0066,3.0,,,1.0,,1.0,,,neutral_micro,1.0,VIX_daily,15.66,,1.0,,,,,3.069363,1.5251,directional_volume_boost,1.0,,,0,below_ema,1.0,,1.0,7.1851,6778.1306
COIN,tiingo,new_york_equity_open,equity,short,2025-02-24T14:55:00,2025-03-25T13:30:00,231.1238,202.8956,16.147369,3732.0408,3.0,,,1.0,,1.0,,,neutral_micro,1.0,VIX_daily,18.21,,1.0,,,,,3.759433,1.019,base,1.0,,,0,below_ema,1.0,,1.0,455.1105,7233.2411
PLTR,tiingo,new_york_equity_open,equity,long,2025-03-25T13:35:00,2025-03-28T13:35:00,97.3995,87.642,37.131639,3616.602,3.0,,,1.0,,1.0,,,neutral_micro,1.0,VIX_daily,17.48,,1.0,,,,,3.410189,5.6742,base,1.0,,,0,above_ema,1.0,,1.0,-363.0003,6870.2408
PPLT,tiingo,new_york_equity_open,metals,long,2025-03-17T14:45:00,2025-04-02T15:10:00,91.6483,88.8022,18.189933,1667.0769,3.0,,,1.0,,1.0,,,neutral_micro,1.0,VIX_daily,21.77,,1.0,,,,,3.040365,2.1075,directional_volume_boost,1.0,,,0,above_ema,1.0,,1.0,-52.0979,6818.1429
COPPER,tiingo,new_york_equity_open,metals,long,2025-03-06T15:10:00,2025-04-03T13:45:00,30.161,31.1538,105.291681,3175.7059,3.0,,,1.0,,1.0,,,neutral_micro,1.0,VIX_daily,21.93,,1.0,,,,,4.971063,2.1053,directional_volume_boost,1.0,,,0,above_ema,1.0,,1.0,103.8848,6922.0277
TSLA,tiingo,new_york_equity_open,equity,short,2025-04-07T13:45:00,2025-04-07T14:10:00,215.9518,237.5945,11.638197,2513.2896,3.0,,,1.0,,1.0,,,risk_off_micro,1.0,VIX_daily,45.31,,1.0,,,,,2.396843,2.5651,directional_volume_boost,1.0,,,0,below_ema,1.0,,1.0,-252.4101,6669.6175
HOOD,tiingo,new_york_equity_open,equity,short,2025-04-04T13:35:00,2025-04-09T17:25:00,34.963,38.467,69.293517,2422.7097,3.0,,,1.0,,1.0,,,risk_off_micro,1.0,VIX_daily,30.02,,1.0,,,,,2.183665,4.1817,directional_volume_boost,1.0,,,0,above_ema,0.5,,1.0,-243.3127,6426.3048
BCH-USD,binance,hong_kong_open,crypto,short,2025-03-28T05:10:00,2025-04-12T06:45:00,315.037,317.3635,16.071983,5063.2688,3.0,,,1.0,,1.0,,,neutral_micro,1.0,CryptoFG,40.0,,1.0,,,,,7.764175,1.6531,directional_volume_boost,1.0,,,0,below_ema,1.0,,1.0,-38.407,6387.8977
LTC-USD,binance,hong_kong_open,crypto,short,2025-03-31T07:20:00,2025-04-21T08:05:00,83.8032,80.6861,13.364015,1119.9479,3.0,,,1.0,,1.0,,,neutral_micro,1.0,CryptoFG,32.0,,1.0,,,,,4.136612,3.1871,directional_volume_boost,1.0,,,0,below_ema,1.0,,1.0,41.4364,6429.3342
COIN,tiingo,new_york_equity_open,equity,short,2025-03-28T16:20:00,2025-04-22T13:35:00,176.0498,183.5667,27.317063,4809.1631,3.0,,,1.0,,1.0,,,neutral_micro,1.0,VIX_daily,18.69,,1.0,,,,,3.261466,2.0681,directional_volume_boost,1.0,,,0,below_ema,1.0,,1.0,-206.3223,6223.0119
ETH-USD,binance,new_york_equity_open,crypto,short,2025-04-06T13:55:00,2025-04-22T15:00:00,1749.53,1691.8383,0.02664,46.6082,3.0,,,1.0,,1.0,,,risk_off_micro,1.0,CryptoFG,30.0,,1.0,,,,,0.100199,9.4838,base,1.0,,,0,below_ema,1.0,,1.0,1.5278,6224.5396
ATOM-USD,binance,hong_kong_open,crypto,short,2025-04-16T08:15:00,2025-04-22T22:00:00,3.9432,4.3384,690.759972,2723.8123,3.0,,,1.0,,1.0,,,neutral_micro,1.0,CryptoFG,38.0,,1.0,,,,,9.714783,4.4828,directional_volume_boost,1.0,,,0,below_ema,1.0,,1.0,-273.5372,5951.0024
AMZN,tiingo,new_york_equity_open,equity,short,2025-03-31T13:35:00,2025-04-25T13:30:00,185.8228,187.4675,14.607934,2714.4875,3.0,,,1.0,,1.0,,,neutral_micro,1.0,VIX_daily,21.65,,1.0,,,,,3.482105,5.801,directional_volume_boost,1.0,,,0,below_ema,1.0,,1.0,-24.5708,5926.4317
PAXG-USD,binance,new_york_equity_open,gold,long,2025-04-10T18:45:00,2025-05-01T00:35:00,3195.639,3259.348,0.623027,1990.9718,3.0,,,1.0,,1.0,,,risk_off_micro,0.5,VIX_daily,33.62,,1.0,,,,,2.571973,1.8645,directional_volume_boost,1.0,,,0,above_ema,1.0,,1.0,39.2902,5965.7219
GLD,tiingo,new_york_equity_open,gold,long,2025-04-10T14:10:00,2025-05-01T13:30:00,289.7429,300.4999,5.544832,1606.5756,3.0,,,1.0,,1.0,,,risk_off_micro,0.5,VIX_daily,33.62,,1.0,,,,,3.014212,1.2316,base,1.0,,,0,above_ema,1.0,,1.0,59.3185,6025.0404
LTC-USD,binance,new_york_equity_open,crypto,long,2025-05-01T16:10:00,2025-05-06T08:15:00,88.5777,81.4137,5.458279,483.4819,3.0,,,1.0,,1.0,,,neutral_micro,1.0,CryptoFG,56.0,,1.0,,,,,2.484034,2.9071,directional_volume_boost,1.0,,,0,below_ema,0.5,,1.0,-39.1958,5985.8446
BCH-USD,binance,hong_kong_open,crypto,long,2025-05-08T01:50:00,2025-05-19T05:30:00,412.4825,383.0234,1.086605,448.2056,3.0,,,1.0,,1.0,,,risk_on_micro,1.0,CryptoFG,67.0,,1.0,,,,,0.690961,2.3875,directional_volume_boost,1.0,,,0,above_ema,1.0,,1.0,-32.0969,5953.7477
MSTR,tiingo,new_york_equity_open,equity,long,2025-05-08T13:35:00,2025-05-23T13:30:00,408.3016,389.1522,5.131129,2095.0487,3.0,,,1.0,,1.0,,,neutral_micro,1.0,VIX_daily,23.55,,1.0,,,,,1.398524,8.2821,directional_volume_boost,1.0,,,0,below_ema,0.5,,1.0,-98.6674,5855.0803
BTC-USD,binance,new_york_equity_open,crypto,long,2025-04-22T13:45:00,2025-05-30T16:30:00,90183.8132,104163.8831,0.031383,2830.2901,3.0,,,1.0,,1.0,,,neutral_micro,1.0,CryptoFG,39.0,,1.0,,,,,2.691087,5.6586,directional_volume_boost,1.0,,,0,above_ema,1.0,,1.0,438.133,6293.2133
BCH-USD,binance,hong_kong_open,crypto,long,2025-05-22T09:30:00,2025-05-30T16:30:00,439.1878,395.1899,0.823211,361.544,3.0,,,1.0,,1.0,,,risk_on_micro,1.0,CryptoFG,70.0,,1.0,,,,,0.586777,5.735,directional_volume_boost,1.0,,,0,above_ema,1.0,,1.0,-36.2882,6256.9251
TSLA,tiingo,new_york_equity_open,equity,long,2025-05-27T14:05:00,2025-06-04T14:05:00,355.4011,331.4037,5.145304,1828.6467,3.0,,,1.0,,1.0,,,neutral_micro,1.0,VIX_daily,22.29,,1.0,,,,,1.875792,8.5182,directional_volume_boost,1.0,,,0,above_ema,1.0,,1.0,-123.8274,6133.0977
PLTR,tiingo,new_york_equity_open,equity,long,2025-04-15T19:10:00,2025-06-05T19:15:00,98.5897,120.5959,22.67739,2235.7574,3.0,,,1.0,,1.0,,,risk_off_micro,0.5,VIX_daily,30.89,,1.0,,,,,1.585388,2.0459,directional_volume_boost,1.0,,,0,above_ema,1.0,,1.0,498.5456,6631.6433
ETH-USD,binance,new_york_equity_open,crypto,long,2025-05-01T15:15:00,2025-06-05T20:20:00,1871.2542,2468.0663,1.126925,2108.7644,3.0,,,1.0,,1.0,,,neutral_micro,1.0,CryptoFG,56.0,,1.0,,,,,3.18595,7.7286,directional_volume_boost,1.0,,,0,below_ema,0.5,,1.0,672.0734,7303.7167
ETH-USD,binance,new_york_equity_open,crypto,long,2025-06-10T19:40:00,2025-06-13T00:30:00,2804.1107,2523.1949,1.374171,3853.3348,3.0,,,1.0,,1.0,,,risk_on_micro,1.0,CryptoFG,62.0,,1.0,,,,,4.759793,5.9306,directional_volume_boost,1.0,,,0,above_ema,1.0,,1.0,-386.7589,6916.9578
AMZN,tiingo,new_york_equity_open,equity,long,2025-06-09T14:25:00,2025-06-20T15:00:00,214.998,209.6481,16.985544,3651.8583,3.0,,,1.0,,1.0,,,neutral_micro,1.0,VIX_daily,16.77,,1.0,,,,,6.60019,1.7921,base,1.0,,,0,above_ema,1.0,,1.0,-91.5928,6825.365
PAXG-USD,binance,new_york_equity_open,gold,long,2025-06-02T13:55:00,2025-06-24T00:00:00,3384.6068,3362.0775,0.598418,2025.4123,3.0,,,1.0,,1.0,,,neutral_micro,1.0,VIX_daily,18.57,,1.0,,,,,2.580812,3.7109,directional_volume_boost,1.0,,,0,above_ema,1.0,,1.0,-13.8858,6811.4792
GLD,tiingo,new_york_equity_open,gold,long,2025-06-05T13:40:00,2025-06-24T13:30:00,312.1724,305.7888,4.786818,1494.3127,3.0,,,1.0,,1.0,,,neutral_micro,1.0,VIX_daily,17.61,,1.0,,,,,1.966263,4.1516,directional_volume_boost,1.0,,,0,above_ema,1.0,,1.0,-30.8528,6780.6263
SLV,tiingo,new_york_equity_open,metals,long,2025-06-02T13:35:00,2025-06-24T13:30:00,30.8712,32.5685,72.928966,2251.4028,3.0,,,1.0,,1.0,,,neutral_micro,1.0,VIX_daily,18.57,,1.0,,,,,4.096089,1.855,directional_volume_boost,1.0,,,0,above_ema,1.0,,1.0,123.3185,6903.9448
SOL-USD,binance,new_york_equity_open,crypto,short,2025-06-20T17:25:00,2025-06-28T16:00:00,137.4225,148.8398,14.179238,1948.5465,3.0,,,1.0,,1.0,,,neutral_micro,1.0,CryptoFG,57.0,,1.0,,,,,0.917918,11.7043,directional_volume_boost,1.0,,,0,below_ema,1.0,,1.0,-162.294,6741.6508
ENJ-USD,binance,new_york_equity_open,crypto,short,2025-06-20T17:25:00,2025-06-29T07:40:00,0.0627,0.0672,22096.863972,1385.1962,3.0,,,1.0,,1.0,,,neutral_micro,1.0,CryptoFG,57.0,,1.0,,,,,0.869673,8.5277,base,1.0,,,0,below_ema,1.0,,1.0,-100.02,6641.6308
BTC-USD,binance,new_york_equity_open,crypto,long,2025-07-02T16:10:00,2025-07-25T03:30:00,109558.8574,115713.7726,0.02566,2811.2644,3.0,,,1.0,,1.0,,,risk_on_micro,1.0,CryptoFG,64.0,,1.0,,,,,2.411667,9.1974,directional_volume_boost,1.0,,,0,above_ema,1.0,,1.0,157.3579,6798.9887
MSTR,tiingo,new_york_equity_open,equity,long,2025-06-27T14:25:00,2025-07-25T13:30:00,395.189,406.0188,6.114493,2416.3807,3.0,,,1.0,,1.0,,,neutral_micro,1.0,VIX_daily,16.59,,1.0,,,,,1.668015,2.2467,directional_volume_boost,1.0,,,0,below_ema,0.5,,1.0,65.7286,6864.7173
PPLT,tiingo,new_york_equity_open,metals,long,2025-05-09T14:55:00,2025-07-30T14:55:00,90.8582,124.1052,24.803311,2253.5832,3.0,,,1.0,,1.0,,,neutral_micro,1.0,VIX_daily,22.48,,1.0,,,,,4.201938,5.1156,directional_volume_boost,1.0,,,0,above_ema,1.0,,1.0,824.1021,7688.8194
AMZN,tiingo,new_york_equity_open,equity,long,2025-06-27T13:35:00,2025-08-01T13:30:00,220.3091,222.8554,15.668708,3451.9583,3.0,,,1.0,,1.0,,,neutral_micro,1.0,VIX_daily,16.59,,1.0,,,,,6.318135,3.8946,base,1.0,,,0,above_ema,1.0,,1.0,39.2034,7728.0228
HOOD,tiingo,new_york_equity_open,equity,long,2025-05-08T13:35:00,2025-08-01T13:30:00,52.7405,98.7402,79.448004,4190.1309,3.0,,,1.0,,1.0,,,neutral_micro,1.0,VIX_daily,23.55,,1.0,,,,,4.062281,9.0897,directional_volume_boost,1.0,,,0,above_ema,1.0,,1.0,3653.385,11381.4078
PAXG-USD,binance,new_york_equity_open,gold,short,2025-07-30T15:20:00,2025-08-04T13:30:00,3310.4178,3379.0757,0.580654,1922.2047,3.0,,,1.0,,1.0,,,neutral_micro,1.0,VIX_daily,15.98,,1.0,,,,,3.476429,0.6626,base,1.0,,,0,above_ema,0.5,,1.0,-40.255,11341.1529
LTC-USD,binance,hong_kong_open,crypto,long,2025-08-05T02:05:00,2025-08-18T02:30:00,123.2046,116.5267,60.046054,7397.9518,3.0,,,1.0,,1.0,,,risk_on_micro,1.0,CryptoFG,64.0,,1.0,,,,,25.623443,15.8945,directional_volume_boost,1.0,,,0,above_ema,1.0,,1.0,-402.4213,10938.7316
BCH-USD,binance,new_york_equity_open,crypto,long,2025-06-15T14:55:00,2025-08-19T14:20:00,460.092,559.1881,6.105488,2809.0858,3.0,,,1.0,,1.0,,,risk_on_micro,1.0,CryptoFG,63.0,,1.0,,,,,6.660501,3.4871,base,1.0,,,0,above_ema,1.0,,1.0,604.4079,11543.1394
HOOD,tiingo,new_york_equity_open,equity,long,2025-08-08T13:50:00,2025-08-20T13:45:00,113.5427,102.168,49.942103,5670.5615,3.0,,,1.0,,1.0,,,neutral_micro,1.0,VIX_daily,16.57,,1.0,,,,,4.779485,2.5102,base,1.0,,,0,above_ema,1.0,,1.0,-569.1554,10973.984
INTC,tiingo,new_york_equity_open,equity,long,2025-08-19T13:45:00,2025-08-20T14:50:00,25.9602,23.3595,294.958184,7657.1711,3.0,,,1.0,,1.0,,,risk_on_micro,1.0,VIX_daily,14.99,,1.0,,,,,9.970718,2.598,directional_volume_boost,1.0,,,0,above_ema,1.0,,1.0,-768.5449,10205.4391
ATOM-USD,binance,new_york_equity_open,crypto,long,2025-08-23T19:50:00,2025-08-25T20:30:00,4.922,4.4289,414.687898,2041.0872,3.0,,,1.0,,1.0,,,neutral_micro,1.0,CryptoFG,50.0,,1.0,,,,,2.099033,1.9954,directional_volume_boost,1.0,,,0,above_ema,1.0,,1.0,-204.8644,10000.5747
ETH-USD,binance,new_york_equity_open,crypto,long,2025-08-22T17:15:00,2025-08-26T00:45:00,4813.0024,4330.8359,1.484275,7143.808,3.0,,,1.0,,1.0,,,neutral_micro,1.0,CryptoFG,50.0,,1.0,,,,,7.988692,1.7819,directional_volume_boost,1.0,,,0,above_ema,1.0,,1.0,-717.0251,9283.5496
ENJ-USD,binance,new_york_equity_open,crypto,short,2025-08-25T20:35:00,2025-09-09T06:45:00,0.0652,0.0705,28482.832094,1856.7093,3.0,,,1.0,,1.0,,,neutral_micro,1.0,CryptoFG,53.0,,1.0,,,,,0.956812,5.5852,directional_volume_boost,1.0,,,0,below_ema,1.0,,1.0,-151.7472,9131.8025
SOL-USD,binance,hong_kong_open,crypto,long,2025-08-28T08:05:00,2025-09-22T05:55:00,215.183,230.104,30.199804,6498.4847,3.0,,,1.0,,1.0,,,neutral_micro,1.0,CryptoFG,51.0,,1.0,,,,,4.921189,7.3879,directional_volume_boost,1.0,,,0,above_ema,1.0,,1.0,449.2652,9581.0676
MSTR,tiingo,new_york_equity_open,equity,short,2025-09-25T13:35:00,2025-10-01T13:45:00,307.6585,338.492,6.37999,1962.858,3.0,,,1.0,,1.0,,,neutral_micro,1.0,VIX_daily,16.18,,1.0,,,,,1.361968,6.5055,directional_volume_boost,1.0,,,0,below_ema,1.0,,1.0,-197.1295,9383.9381
ETH-USD,binance,hong_kong_open,crypto,short,2025-09-25T02:20:00,2025-10-02T01:45:00,4072.2654,4381.7462,0.823467,3353.374,3.0,,,1.0,,1.0,,,neutral_micro,1.0,CryptoFG,44.0,,1.0,,,,,2.074391,3.2753,directional_volume_boost,1.0,,,0,above_ema,0.5,,1.0,-255.5434,9128.3948
BCH-USD,binance,hong_kong_open,crypto,short,2025-09-25T04:40:00,2025-10-03T04:15:00,547.9904,600.12,4.371006,2395.2687,3.0,,,1.0,,1.0,,,neutral_micro,1.0,CryptoFG,44.0,,1.0,,,,,6.125786,1.1359,base,1.0,,,0,above_ema,0.5,,1.0,-228.3607,8900.034
TSLA,tiingo,new_york_equity_open,equity,long,2025-08-11T13:35:00,2025-10-03T17:45:00,340.188,418.8162,23.336526,7938.807,3.0,,,1.0,,1.0,,,neutral_micro,1.0,VIX_daily,15.15,,1.0,,,,,8.548695,3.5114,directional_volume_boost,1.0,,,0,above_ema,1.0,,1.0,1833.1377,10733.1717
ETH-USD,binance,new_york_equity_open,crypto,long,2025-10-06T14:10:00,2025-10-10T15:20:00,4658.1614,4191.5068,0.460832,2146.6343,3.0,,,1.0,,1.0,,,risk_on_micro,1.0,CryptoFG,74.0,,1.0,,,,,2.777152,3.2878,directional_volume_boost,1.0,,,0,above_ema,1.0,,1.0,-215.4573,10517.7144
BTC-USD,binance,hong_kong_open,crypto,long,2025-10-05T02:35:00,2025-10-10T21:10:00,124156.4263,112633.7387,0.060514,7513.2202,3.0,,,1.0,,1.0,,,risk_on_micro,1.0,CryptoFG,71.0,,1.0,,,,,9.755589,21.5772,directional_volume_boost,1.0,,,0,above_ema,1.0,,1.0,-698.7158,9818.9987
PAXG-USD,binance,hong_kong_open,gold,long,2025-08-28T08:50:00,2025-10-10T21:20:00,3396.6792,3806.1586,0.47922,1627.7555,3.0,,,1.0,,1.0,,,risk_on_micro,1.0,VIX_daily,14.85,,1.0,,,,,2.314123,3.6378,directional_volume_boost,1.0,,,0,above_ema,1.0,,1.0,195.8856,10014.8843
HOOD,tiingo,new_york_equity_open,equity,long,2025-09-09T19:00:00,2025-10-14T13:30:00,118.0836,135.5879,12.253961,1446.992,3.0,,,1.0,,1.0,,,neutral_micro,1.0,VIX_daily,15.11,,1.0,,,,,0.917179,3.0898,directional_volume_boost,1.0,,,0,above_ema,1.0,,1.0,214.1858,10229.0701
COIN,tiingo,new_york_equity_open,equity,long,2025-10-02T13:35:00,2025-10-15T17:10:00,357.8716,335.023,11.439899,4094.0152,3.0,,,1.0,,1.0,,,neutral_micro,1.0,VIX_daily,16.29,,1.0,,,,,3.559926,4.5624,base,1.0,,,0,above_ema,1.0,,1.0,-262.1786,9966.8915
BCH-USD,binance,hong_kong_open,crypto,short,2025-10-17T08:15:00,2025-10-21T16:15:00,466.3067,513.04,14.961872,6976.8196,3.0,,,1.0,,1.0,,,risk_off_micro,1.0,CryptoFG,28.0,,1.0,,,,,13.382868,6.4699,directional_volume_boost,1.0,,,0,below_ema,1.0,,1.0,-700.6828,9266.2087
PAXG-USD,binance,hong_kong_open,gold,long,2025-10-13T07:50:00,2025-10-27T11:35:00,4080.4859,4019.196,1.227168,5007.442,3.0,,,1.0,,1.0,,,neutral_micro,1.0,VIX_daily,21.66,,1.0,,,,,9.192133,0.8522,base,1.0,,,0,above_ema,1.0,,1.0,-76.2074,9190.0014
SLV,tiingo,new_york_equity_open,metals,long,2025-08-22T15:10:00,2025-10-27T13:30:00,35.4271,43.2713,201.648754,7143.8275,3.0,,,1.0,,1.0,,,neutral_micro,1.0,VIX_daily,16.6,,1.0,,,,,12.596915,2.3117,directional_volume_boost,1.0,,,0,above_ema,1.0,,1.0,1580.1948,10770.1961
PLTR,tiingo,new_york_equity_open,equity,long,2025-10-27T13:35:00,2025-11-06T17:25:00,189.2328,175.015,28.457645,5385.1208,3.0,,,1.0,,1.0,,,neutral_micro,1.0,VIX_daily,16.37,,1.0,,,,,4.262798,10.1358,base,1.0,,,0,above_ema,1.0,,1.0,-405.6419,10364.5543
ATOM-USD,binance,hong_kong_open,crypto,short,2025-11-03T04:10:00,2025-11-07T18:35:00,2.8484,3.1339,1890.151764,5383.964,3.0,,,1.0,,1.0,,,neutral_micro,1.0,CryptoFG,37.0,,1.0,,,,,31.344139,1.4007,base,1.0,,,0,below_ema,1.0,,1.0,-540.8212,9823.7331
AMZN,tiingo,new_york_equity_open,equity,long,2025-10-28T16:25:00,2025-11-14T14:30:00,229.0758,236.7476,32.911076,7539.1307,3.0,,,1.0,,1.0,,,neutral_micro,1.0,VIX_daily,15.79,,1.0,,,,,10.044374,1.352,directional_volume_boost,1.0,,,0,above_ema,1.0,,1.0,250.9547,10074.6878
BTC-USD,binance,hong_kong_open,crypto,short,2025-11-14T04:35:00,2025-12-03T04:25:00,97713.4634,93110.6184,0.033792,3301.7685,3.0,,,1.0,,1.0,,,risk_off_micro,1.0,CryptoFG,15.0,,1.0,,,,,4.585728,7.3489,directional_volume_boost,1.0,,,0,below_ema,1.0,,1.0,154.8958,10229.5836
CRCL,tiingo,new_york_equity_open,equity,short,2025-11-03T14:45:00,2025-12-03T15:50:00,122.3255,81.4863,42.540728,5203.8173,3.0,,,1.0,,1.0,,,neutral_micro,1.0,VIX_daily,17.44,,1.0,,,,,10.407635,2.6797,base,1.0,,,0,,1.0,,1.0,1736.4628,11966.0464
COIN,tiingo,new_york_equity_open,equity,short,2025-11-14T14:35:00,2025-12-04T16:20:00,272.7554,279.906,18.468313,5037.3328,3.0,,,1.0,,1.0,,,neutral_micro,1.0,VIX_daily,20.0,,1.0,,,,,4.525073,2.6567,base,1.0,,,0,below_ema,1.0,,1.0,-133.0797,11832.9667
MSTR,tiingo,new_york_equity_open,equity,short,2025-10-16T16:00:00,2025-12-09T16:05:00,291.5267,190.9982,17.094285,4983.4406,3.0,,,1.0,,1.0,,,neutral_micro,1.0,VIX_daily,20.64,,1.0,,,,,5.207065,0.8883,base,1.0,,,0,below_ema,1.0,,1.0,1717.638,13550.6047
HOOD,tiingo,new_york_equity_open,equity,long,2025-12-09T15:55:00,2025-12-11T15:45:00,138.4977,124.623,42.718909,5916.4705,3.0,,,1.0,,1.0,,,neutral_micro,1.0,VIX_daily,16.66,,1.0,,,,,4.757307,1.1758,base,1.0,,,0,above_ema,1.0,,1.0,-593.8375,12956.7672
ATOM-USD,binance,hong_kong_open,crypto,short,2025-12-17T09:15:00,2025-12-27T23:10:00,1.9856,2.0944,1223.504625,2429.3939,3.0,,,1.0,,1.0,,,risk_off_micro,1.0,CryptoFG,11.0,,1.0,,,,,10.636613,1.9892,directional_volume_boost,1.0,,,0,below_ema,1.0,,1.0,-133.6395,12823.1277
TSLA,tiingo,new_york_equity_open,equity,long,2025-12-05T14:35:00,2025-12-29T14:30:00,455.3711,465.6768,18.189737,8283.0785,3.0,,,1.0,,1.0,,,neutral_micro,1.0,VIX_daily,15.78,,1.0,,,,,8.138741,2.8406,directional_volume_boost,1.0,,,0,above_ema,1.0,,1.0,185.783,13008.9108
PAXG-USD,binance,new_york_equity_open,gold,long,2025-11-12T15:20:00,2025-12-29T15:20:00,4158.6816,4332.2434,1.181113,4911.8661,3.0,,,1.0,,1.0,,,neutral_micro,1.0,VIX_daily,17.28,,1.0,,,,,8.543932,6.0588,base,1.0,,,0,above_ema,1.0,,1.0,203.9932,13212.904
ENJ-USD,binance,new_york_equity_open,crypto,short,2025-12-15T15:25:00,2026-01-01T09:00:00,0.0285,0.0288,324211.499475,9231.6966,3.0,,,1.0,,1.0,,,risk_off_micro,1.0,CryptoFG,21.0,,1.0,,,,,5.528628,2.0703,directional_volume_boost,1.0,,,0,below_ema,1.0,,1.0,-88.0158,13124.8882
PLTR,tiingo,new_york_equity_open,equity,long,2025-12-19T15:05:00,2026-01-02T14:35:00,191.4633,177.1746,33.237731,6363.8047,3.0,,,1.0,,1.0,,,neutral_micro,1.0,VIX_daily,16.87,,1.0,,,,,3.739048,2.3126,directional_volume_boost,1.0,,,0,above_ema,1.0,,1.0,-476.1505,12648.7377
AMZN,tiingo,new_york_equity_open,equity,long,2026-01-02T14:35:00,2026-01-02T15:55:00,233.3067,225.5549,37.950505,8854.105,3.0,,,1.0,,1.0,,,risk_on_micro,1.0,VIX_daily,14.95,,1.0,,,,,11.527708,40.0,directional_volume_boost,1.0,,,0,above_ema,1.0,,1.0,-295.9266,12352.8111
HOOD,tiingo,new_york_equity_open,equity,short,2026-01-02T16:55:00,2026-01-06T14:30:00,112.6775,123.97,0.0,0.0,3.0,,,1.0,,1.0,,,risk_on_micro,0.0,VIX_daily,14.95,,1.0,,,,,0.0,0.4603,base,1.0,,,0,above_ema,0.5,,1.0,-0.0,12352.8111
AMZN,tiingo,new_york_equity_open,equity,long,2026-01-06T14:55:00,2026-01-20T14:30:00,236.2922,232.0786,26.13887,6176.4108,3.0,,,1.0,,1.0,,,risk_on_micro,1.0,VIX_daily,14.9,,1.0,,,,,11.527733,1.9471,base,1.0,,,0,above_ema,1.0,,1.0,-111.3637,12241.4474
INTC,tiingo,new_york_equity_open,equity,long,2026-01-07T14:55:00,2026-01-26T14:30:00,42.2835,43.9012,204.497611,8646.8655,3.0,,,1.0,,1.0,,,risk_on_micro,1.0,VIX_daily,14.75,,1.0,,,,,11.815589,1.9122,directional_volume_boost,1.0,,,0,above_ema,1.0,,1.0,329.0571,12570.5045
PPLT,tiingo,new_york_equity_open,metals,long,2025-11-28T14:35:00,2026-01-30T15:45:00,149.7149,205.8088,8.84841,1324.7393,3.0,,,1.0,,1.0,,,neutral_micro,1.0,VIX_daily,17.19,,1.0,,,,,2.682374,40.0,base,1.0,,,0,above_ema,1.0,,1.0,496.0275,13066.5319
SLV,tiingo,new_york_equity_open,metals,long,2025-11-28T14:35:00,2026-01-30T17:50:00,49.865,78.7243,37.193168,1854.6363,3.0,,,1.0,,1.0,,,neutral_micro,1.0,VIX_daily,17.19,,1.0,,,,,2.831854,40.0,directional_volume_boost,1.0,,,0,above_ema,1.0,,1.0,1072.8887,14139.4207
PAXG-USD,binance,hong_kong_open,gold,long,2026-01-12T09:15:00,2026-02-01T23:10:00,4604.3807,4753.1092,1.877986,8646.9672,3.0,,,1.0,,1.0,,,risk_on_micro,1.0,VIX_daily,14.49,,1.0,,,,,11.197886,1.5323,directional_volume_boost,1.0,,,0,above_ema,1.0,,1.0,277.553,14416.9737
COPPER,tiingo,new_york_equity_open,metals,long,2025-10-09T19:30:00,2026-02-05T20:55:00,31.6763,35.173,18.438248,584.0561,3.0,,,1.0,,1.0,,,neutral_micro,1.0,VIX_daily,16.3,,1.0,,,,,1.205894,0.0,base,1.0,,,0,above_ema,1.0,,1.0,64.3492,14481.3229
ATOM-USD,binance,hong_kong_open,crypto,short,2026-01-27T09:10:00,2026-02-13T21:05:00,2.1996,2.1064,2473.946971,5441.596,3.0,,,1.0,,1.0,,,risk_off_micro,1.0,CryptoFG,20.0,,1.0,,,,,26.651197,1.3041,directional_volume_boost,1.0,,,0,below_ema,1.0,,1.0,229.4535,14710.7764
COIN,tiingo,new_york_equity_open,equity,short,2026-01-21T16:45:00,2026-02-20T16:00:00,224.3851,173.8648,26.185914,5875.7289,3.0,,,1.0,,1.0,,,neutral_micro,1.0,VIX_daily,20.09,,1.0,,,,,5.53374,1.1952,base,1.0,,,0,below_ema,1.0,,1.0,1321.8783,16032.6547
PAXG-USD,binance,new_york_equity_open,gold,long,2026-02-21T14:35:00,2026-02-25T14:15:00,5143.7685,5200.4597,2.181831,11222.8594,3.0,,,1.0,,1.0,,,neutral_micro,1.0,VIX_daily,19.09,,1.0,,,,,13.478492,2.2989,directional_volume_boost,1.0,,,0,above_ema,1.0,,1.0,121.4331,16154.0878
AMZN,tiingo,new_york_equity_open,equity,short,2026-02-12T15:45:00,2026-02-25T14:30:00,199.6901,211.2572,50.763327,10136.9311,3.0,,,1.0,,1.0,,,neutral_micro,1.0,VIX_daily,17.65,,1.0,,,,,13.637012,3.2727,directional_volume_boost,1.0,,,0,below_ema,1.0,,1.0,-589.2717,15564.8161
LTC-USD,binance,hong_kong_open,crypto,short,2026-01-15T03:30:00,2026-02-25T14:45:00,74.0352,56.6913,79.311696,5871.858,3.0,,,1.0,,1.0,,,neutral_micro,1.0,CryptoFG,48.0,,1.0,,,,,34.24407,11.4171,base,1.0,,,0,below_ema,1.0,,1.0,1374.5364,16939.3525
GLD,tiingo,new_york_equity_open,gold,long,2026-01-12T14:35:00,2026-02-27T20:55:00,422.8846,483.4833,0.584218,247.0568,3.0,,,1.0,,1.0,,,risk_on_micro,1.0,VIX_daily,14.49,,1.0,,,,,0.295099,2.9942,directional_volume_boost,1.0,,,0,above_ema,1.0,,1.0,35.3499,16974.7024
PLTR,tiingo,new_york_equity_open,equity,short,2026-01-28T16:55:00,2026-02-27T20:55:00,160.8428,137.2374,25.451701,4093.7236,3.0,,,1.0,,1.0,,,neutral_micro,1.0,VIX_daily,16.35,,1.0,,,,,2.538202,1.3641,directional_volume_boost,1.0,,,0,above_ema,0.5,,1.0,600.0379,17574.7404
TSLA,tiingo,new_york_equity_open,equity,short,2026-02-05T14:35:00,2026-02-27T20:55:00,398.5153,402.4705,9.044185,3604.2461,3.0,,,1.0,,1.0,,,neutral_micro,1.0,VIX_daily,18.64,,1.0,,,,,4.881376,3.5669,base,1.0,,,0,above_ema,0.5,,1.0,-36.4956,17538.2447
PPLT,tiingo,new_york_equity_open,metals,long,2026-02-27T14:35:00,2026-03-02T16:25:00,213.9228,207.8934,55.429048,11857.5357,3.0,,,1.0,,1.0,,,neutral_micro,1.0,VIX_daily,18.63,,1.0,,,,,14.445252,3.8486,directional_volume_boost,1.0,,,0,above_ema,1.0,,1.0,-336.5412,17201.7036
BCH-USD,binance,new_york_equity_open,crypto,short,2026-02-27T21:55:00,2026-03-16T03:40:00,460.4079,475.6951,5.467737,2517.3893,3.0,,,1.0,,1.0,,,risk_off_micro,1.0,CryptoFG,11.0,,1.0,,,,,4.683623,2.2484,directional_volume_boost,1.0,,,0,below_ema,1.0,,1.0,-84.0982,17117.6054
ATOM-USD,binance,new_york_equity_open,crypto,short,2026-02-26T15:35:00,2026-03-16T04:55:00,1.8666,1.8984,6351.032288,11855.0063,3.0,,,1.0,,1.0,,,risk_off_micro,1.0,CryptoFG,11.0,,1.0,,,,,11.655559,2.571,directional_volume_boost,1.0,,,0,below_ema,1.0,,1.0,-204.224,16913.3814
ENJ-USD,binance,new_york_equity_open,crypto,short,2026-01-31T14:45:00,2026-03-16T22:05:00,0.0245,0.0192,57621.669263,1412.0246,3.0,,,1.0,,1.0,,,risk_off_micro,1.0,CryptoFG,16.0,,1.0,,,,,1.374004,0.8978,base,1.0,,,0,below_ema,1.0,,1.0,303.1924,17216.5738
ATOM-USD,binance,new_york_equity_open,crypto,short,2026-03-26T15:20:00,2026-03-29T23:55:00,1.7037,1.6463,5054.898929,8611.8252,3.0,,,1.0,,1.0,,,risk_off_micro,1.0,CryptoFG,8.0,,1.0,,,,,11.998403,5.0259,base,1.0,,,0,below_ema,1.0,,1.0,288.3096,17504.8834
