feature,label,ols_63d_coef_pp_per_1sd,ols_63d_q_value,ols_126d_coef_pp_per_1sd,ols_126d_q_value,ols_252d_coef_pp_per_1sd,ols_252d_q_value,ridge_return_importance,rf_return_importance,logistic_risk_off_importance,rf_risk_off_importance,logistic_jump_in_importance,rf_jump_in_importance,valuation_flag,stress_flag,trend_flag,theme,score_63d,score_126d,score_252d,score_ridge_return_importance,score_rf_return_importance,driver_score,direction
cape_level,Shiller CAPE,-9.844989955462443,1.4177011122771447e-05,-17.57980238107379,9.035876930547556e-14,-30.91791522420284,9.508340474019144e-16,0.0580308532337907,0.0006292156545131,-0.1340901305901927,0.0281690140845071,0.2930197617244751,0.0002177700348431,True,False,False,Valuation,1.0,1.0,1.0,0.10479642303994204,0.33684021233976313,0.688327327075941,higher values tend to suppress forward returns
vix_level,VIX level,7.340124778643317,0.0052203290943641,10.747811006180305,0.0011058952995131,15.861465328227403,1.6297085481627226e-05,0.151260735277563,0.0017295010751571,-1.7527291617084482,-0.0030065005417117,2.13288333528948,0.0252177700348432,False,True,False,Stress / liquidity,0.7416879513339749,0.6106965721109389,0.5130102310441292,0.27315786551713117,0.9258598466507757,0.61288249333139,higher values tend to lift forward returns
curve_10y2y_level,Yield curve 10Y-2Y,,,,,,,0.102638317193259,-0.0015475438061698,0.2544421290368359,-0.006554712892741,0.4367540900696893,-0.0017857142857142,False,False,False,Rates / curve,,,,0.185351893162056,0.8284520267994507,0.5069019599807534,higher values tend to lift forward returns
qqq_sma65,QQQ 65-day trend level,,,,,,,0.5537484157419463,-1.3877787807814461e-18,-0.2123104842701412,0.0,0.7593798549433197,0.0,False,False,True,Trend,,,,1.0,7.429244581665245e-16,0.5000000000000003,higher values tend to lift forward returns
qqq_sma222,QQQ 222-day trend level,5.244009875445746,0.0071210171647089,7.407906360694263,0.0006227257313176,13.038541088065648,2.1455258194977803e-06,-0.5351183459757376,-1.3877787807814461e-18,1.1028502000330795,0.0,-0.8987307299586008,0.0,False,False,True,Trend,0.5288721502704055,0.42112494249419063,0.4217138516290528,0.9663564369005968,7.429244581665245e-16,0.4676134762588493,higher values tend to lift forward returns
t10y3m_level,10Y-3M curve,-3.258637628664692,0.0335574373402248,-6.508471822217373,0.0011058952995131,-9.053566281698457,0.0007910633033065,-0.0879985495828146,-0.001330950664542,0.8616591124862444,-0.0017605633802816,-0.6377663553848617,-0.0025261324041811,False,False,False,Rates / curve,0.31989171781490155,0.3698149724835333,0.2925942539155211,0.15891431393967728,0.7125024643657246,0.37074354450387154,higher values tend to suppress forward returns
nfci_level,Financial conditions level,-6.47424688967368,9.034421197610784e-05,-8.946926188857306,0.0011058952995131,-13.593393997996648,2.1455258194977803e-06,0.0314873938444257,-0.0001820553545716,0.532281220852206,-0.0137865655471288,-0.5831424385085208,0.0147212543554007,False,True,False,Stress / liquidity,0.6575683455956589,0.5083692996948742,0.43965981323274506,0.05686227346084041,0.09746032834949418,0.3519840120667225,higher values tend to suppress forward returns
cpi_yoy_pct,Inflation YoY,-1.814879833439796,0.1921758265714777,-3.210013522801473,0.1463148088987166,-4.047556665262516,0.1994208193345797,-0.0325074919536843,0.001867994471748,0.4480101439358689,0.0170910075839653,-0.2072083319197558,0.018140243902439,False,True,False,Stress / liquidity,0.1489208819122966,0.15588008034725953,0.10480621268526287,0.05870444235967475,1.0,0.2936623234608987,higher values tend to suppress forward returns
unemployment_rate_pct,Unemployment rate,-3.462247994877004,0.0481951649797548,-6.135202854660849,0.0029571706304507,-11.552324264959656,0.0014992029346506,-0.0464903192725376,0.0002095961922263,0.3547362981848063,0.010157096424702,-0.4974591189845887,-0.0032883275261323,False,True,False,Stress / liquidity,0.33473178904545253,0.34795954359266845,0.3730848248619911,0.08395567003157381,0.11220386109074919,0.250387137724487,higher values tend to suppress forward returns
hy_oas_level,High-yield spread,,,,,,,-0.1938350298466735,-9.791611603807356e-05,1.1974307209361468,-0.0140303358613217,-0.4560840875178621,0.0022865853658536,False,True,False,Stress / liquidity,,,,0.35004168740954567,0.05241777613316344,0.20122973177135456,higher values tend to suppress forward returns
qqq_realized_vol_21d,QQQ 1-month realized volatility,-4.075605203994924,0.0071210171647089,-3.095256252310773,0.0322037405562378,-1.471806398633548,0.3759064512532453,-0.0301928893633043,0.00023260414607,0.516014597036054,0.0039815817984832,-0.5786285234602393,0.0109320557491289,False,False,True,Trend,0.4110354745864838,0.1703988109804669,0.02970914667856864,0.05452456116348433,0.12452078932136114,0.15803775654607297,higher values tend to suppress forward returns
us10y_level,10Y Treasury yield level,-1.7097614449266787,0.3017701043672744,-3.386731291624536,0.0691896228199848,-5.174079862777209,0.0541030566481064,-0.0561974360595529,-0.0002953153089844,1.8824234292595767,-0.01988082340195,-0.4907684308277488,-0.0202308362369337,False,False,False,Rates / curve,0.1212620312968813,0.17931968532015588,0.15829483622583865,0.10148550219192248,0.15809217503093298,0.14369084601314625,higher values tend to suppress forward returns
qqq_vs_sma200,QQQ vs 200-day trend,-1.3808460399610545,0.5976984967200093,-2.497492975451127,0.4266199239872915,-9.248625963175916,0.0779645959582339,-0.1465289332011905,3.091251741737383e-06,0.2234125043180069,-0.0079089924160346,-0.227250185667245,0.0360627177700348,False,False,True,Trend,0.05642710819026218,0.08145783900547086,0.2758129231854749,0.26461282603375397,0.001654850583601944,0.13599310939971276,higher values tend to suppress forward returns
buffett_indicator_proxy_252d_drift,Wilshire / GDP 1-year drift,2.74951104763252,0.1921758265714777,4.065980369088199,0.1325119835547751,3.888143538616929,0.3330042229791701,-0.056830824456739,0.0001187536989657,-0.3044803996201017,-0.0037378114842903,-0.4765313952498922,0.0040722996515679,True,False,False,Valuation,0.2256125185241474,0.20063873124553405,0.08387937226369653,0.10262932198296866,0.06357283212651839,0.13526655522857303,higher values tend to lift forward returns
hy_oas_63d_change_pp,High-yield spread 3-month change,-4.075631847570483,0.0624191135873451,1.282816297081634,0.7376348926907121,-0.2961155000038125,0.9244520885434772,-0.0242309519865469,-0.0001643489932504,1.3705018593416256,0.0110509209100759,-0.8087306514018783,-0.0010888501742159,False,True,False,Stress / liquidity,0.38814551483304316,0.019145052267726278,0.000723558086402924,0.04375805202815935,0.08798152014690296,0.10795073947244693,higher values tend to suppress forward returns
latent_sentiment_index,Latent sentiment,1.0743010538909863,0.5015445015253623,3.3985817090461867,0.0821683831721706,6.7608610067341255,0.0228267360233336,0.0095336395946672,9.65596946839481e-05,-0.9094789294655888,-0.0001625135427951,0.2089802781278169,0.0028310104529617,False,False,False,Black-box sentiment,0.054393032550045725,0.1774380438026915,0.21367975716782178,0.017216554167280892,0.051691638355648405,0.10288380520869767,higher values tend to lift forward returns
unemployment_6m_change_pp,Unemployment 6-month change,1.3915102724143398,0.0624191135873451,1.3915639134678714,0.288795075114729,4.953501927939692,0.0453879001756535,0.0135916943836482,-0.0001858558698908,-0.2099573059270071,-0.0122968580715059,-0.2030889733674416,-0.0150043554006968,False,True,False,Stress / liquidity,0.1325214080373072,0.05629682786517249,0.15294281139670157,0.024544890779393397,0.09949487147940163,0.09316016191159524,higher values tend to lift forward returns
qqq_63d_return,QQQ 3-month return,-2.3176177357796,0.511399902013046,-2.5291337137504866,0.4223826857142191,-6.758663924097162,0.0766015216844532,0.0124079558118189,5.702918388295689e-05,0.0137485535062342,-0.0100758396533043,-0.31573644084385,0.0092552264808362,False,False,True,Trend,0.11502340906689913,0.08309942236774334,0.20185513601745178,0.022407207784412266,0.030529632044141487,0.0905829614561296,higher values tend to suppress forward returns
qqq_volume,QQQ volume,0.7117423880702338,0.5592987453148731,-0.3385397304240261,0.7376348926907121,-2.9997884754770783,0.0175557731078232,-0.0217663580696698,-0.0005072413222018,-0.1025700500714906,-0.0039274106175514,0.2597900326406938,-0.0145470383275261,False,False,True,Trend,0.03186089693947967,0.0050524465961453964,0.09532094412766567,0.03930730535906977,0.27154326732409567,0.08861697206929123,higher values tend to suppress forward returns
vix_21d_change,VIX 1-month change,-1.8695525088033,0.0445507648221293,-1.3978477840670915,0.246576037263514,-2.6349587933311414,0.0677654831930459,-0.0293883011542857,1.0969144140583752e-05,0.2050358466768285,-0.0032502708559046,-0.2737752597736562,-0.0015243902439024,False,True,False,Stress / liquidity,0.18144130638675054,0.05990806915487126,0.07944906762615096,0.053071576042180525,0.005872150215904672,0.0759484338851716,higher values tend to suppress forward returns
buffett_indicator_proxy_level,Wilshire / GDP valuation proxy,,,,,,,-0.0787427409059162,1.237729488471756e-05,0.2855519952552823,-0.0002166847237269,-0.1689461965205925,0.0003484320557491,True,False,False,Valuation,,,,0.142199487470157,0.006625980468312278,0.07441273396923465,higher values tend to suppress forward returns
us10y_63d_change_pp,10Y yield 3-month change,-0.6654648276329337,0.5592987453148731,2.5565374223505435,0.0574365086401648,4.678272001250222,0.0038900599249427,0.0094118315037373,4.360142215342755e-05,0.117013216928796,0.0049566630552546,0.02454901390998,-0.0007839721254355,False,False,False,Rates / curve,0.02978929827061148,0.1370720094781767,0.1507240449114186,0.01699658407352145,0.02334130149358898,0.07158464764546343,higher values tend to lift forward returns
cape_63d_change,Shiller CAPE 3-month change,-1.14152945726722,0.5015445015253623,1.7148596209672629,0.3307337634334497,4.893252450817701,0.0249596392391608,-0.0059302797511913,0.0001097988680879,0.4256574463610556,0.0035211267605634,0.1437157527951204,-0.001023519163763,True,False,False,Valuation,0.057796879842093675,0.06528501401132941,0.15431566456991508,0.010709339444782962,0.05877901125968231,0.06937718182556069,higher values tend to lift forward returns
external_shock_score,External shock score,1.662789985868915,0.2245136668788774,1.451982217747741,0.4223826857142191,2.2548883043106893,0.1994208193345797,-0.0100991679461186,-0.0001589869931666,-0.5202257056154037,-0.0002166847237269,-0.0917555583755748,-0.000348432055749,False,True,False,Stress / liquidity,0.13097922860542188,0.047707593682006444,0.05838739831151202,0.018237827249739595,0.08511106192826463,0.06808462195538892,higher values tend to lift forward returns
qqq_drawdown_252d,QQQ 1-year drawdown,-0.1246782663519801,0.9712111336578736,0.5783747005298456,0.8692224362896793,8.656729403851502,0.2318431716186804,0.050721938146538,4.333928862173056e-05,-0.7810273385659151,-0.0003521126760562,0.8238253800022658,0.0181837979094076,False,False,True,Trend,0.00036459121329041614,0.004302575911115918,0.21507678492540855,0.09159744155399092,0.023200972635200177,0.06690847324780119,higher values tend to lift forward returns
wti_63d_return,Oil 3-month return,-0.7842765413003062,0.4847575132084871,-0.986941127518836,0.460267351011428,-2.0847388119900128,0.1721500331672032,-0.0105038139378673,-0.0002577749106435,-0.055840977809908,-0.0006500541711808,0.1275464734733394,-0.0066855400696864,False,False,False,Cross-asset,0.041046088031206567,0.030300929305385096,0.055820418157106706,0.01896856702297494,0.13799554256832666,0.05682630901699999,higher values tend to suppress forward returns
qqq_21d_return,QQQ 1-month return,-0.9700724127065112,0.3017701043672744,-1.3135071379549417,0.2454424629102574,-0.6528674413082959,0.5579973978052128,0.0131925517208157,-3.157029823521798e-05,-0.147652958275079,-0.0004604550379197,-0.0473900945309739,0.0076872822299651,False,False,True,Trend,0.06880079768958802,0.05637814859808617,0.009333394760091226,0.023824089326087743,0.01690063793693975,0.03504741366215858,higher values tend to suppress forward returns
dxy_63d_return,US dollar 3-month return,-0.6523074489732393,0.511399902013046,-1.6809970931932146,0.2402468240303137,-1.4443020754019529,0.3330042229791701,0.0070286019548477,-1.7485215667712577e-05,-0.1358951695852257,0.0011646803900325,-0.0124028570931014,-0.0001742160278745,False,False,False,Cross-asset,0.03237403018724982,0.0726483069982873,0.031158096464454027,0.012692771220718248,0.00936042152809508,0.03164672527976089,higher values tend to suppress forward returns
gold_63d_return,Gold 3-month return,-0.5116920841942176,0.5592987453148731,0.6814768355733001,0.6439162091597814,-0.7820992577905126,0.5526151733195275,-0.0058416249726467,-0.0001856703055015,0.2852068917329474,-0.003575297941495,-0.4445959999682649,-0.0008493031358884,False,False,False,Cross-asset,0.02290571565290947,0.013803503004220737,0.011317041862500175,0.010549240063864977,0.09939553264724418,0.03159420664614791,higher values tend to suppress forward returns
qqq_feedback_score,QQQ feedback score,0.8270443371069244,0.7062785354364143,1.0499023305297317,0.7376348926907121,2.8682289138871173,0.3759064512532453,-0.0058355027001402,-6.3092682927747e-05,0.4274114927227949,-0.0004604550379197,-0.4498618503098513,0.0086454703832752,False,False,True,Trend,0.024674897485009808,0.015668989425631084,0.05789663204990613,0.010538184009648918,0.033775626149850003,0.02851086582400919,higher values tend to lift forward returns
cpi_yoy_3m_change_pp,Inflation 3-month change,-0.3438888111716208,0.7062785354364143,-0.1965221400685309,0.8692224362896793,1.2368819703736385,0.3330042229791701,0.0002721141785335,0.0001728367820892,-0.0340628901053927,0.0138678223185266,0.2426616590202135,-0.0146341463414634,False,True,False,Stress / liquidity,0.01025993502547204,0.0014619440046136265,0.026683398441645474,0.0004914039856329063,0.09252531776898984,0.026284399845270777,higher values tend to lift forward returns
nfci_63d_change,Financial conditions 3-month change,0.9197170960633452,0.5976984967200093,-0.9763094244614768,0.7376348926907121,-0.0207704290038924,0.9915756642622616,-0.024212255941995,6.108322056147253e-05,-0.4334792692059271,-0.0022481040086673,-0.1950096002221457,-0.0049216027874564,False,True,False,Stress / liquidity,0.03758346302348366,0.014570671578862293,5.6594070485281264e-06,0.043724289322893906,0.032699893648139716,0.025716795396085616,higher values tend to suppress forward returns
