feature,label,qqq_fwd_21d_min_return_coef_pp_per_1sd,qqq_fwd_21d_min_return_q_value,qqq_fwd_42d_min_return_coef_pp_per_1sd,qqq_fwd_42d_min_return_q_value,qqq_fwd_21d_path_cvar20_coef_pp_per_1sd,qqq_fwd_21d_path_cvar20_q_value,qqq_fwd_42d_path_cvar20_coef_pp_per_1sd,qqq_fwd_42d_path_cvar20_q_value,ridge_min_21_importance,ridge_min_42_importance,ridge_cvar_21_importance,ridge_cvar_42_importance,logistic_light_importance,logistic_strong_importance,rf_light_importance,rf_strong_importance,valuation_flag,stress_flag,trend_flag
cape_level,Shiller CAPE,-2.9413009852343928,0.005664542059525993,-4.679109682242093,0.0011901507164732946,-2.63100575526288,0.015275368373089534,-4.2671951690301775,0.00262810910154833,-0.003160002086592379,0.028375154193119645,-0.0017206643260367944,0.025774807188813753,-0.06841713611529111,0.2625976681727979,0.010688405797101374,0.01661442006269584,True,False,False
nfci_level,Financial conditions level,-2.2176107313880244,0.005664542059525993,-3.7208094581684352,0.0013900902563054923,-2.094670284338208,0.015275368373089534,-3.467733450140309,0.00262810910154833,-0.002237530120555369,0.009749963517546867,-0.0013088204390493828,0.00568977956081973,0.07680972978063452,0.16412061882829967,-0.01017080745341622,-0.0006792058516197242,False,True,False
vix_level,VIX level,1.6176759589077483,0.38469582016007964,3.207021581621223,0.1456268269481701,1.9033683253831992,0.17749104894448203,3.6374940061555616,0.04895686783786964,-0.0007966724018882049,0.07483828248131363,-0.00033149500263992204,0.0790164769506072,-1.5440988011554928,-1.6329879827005511,-0.0045031055900621895,0.025653082549634186,False,True,False
unemployment_rate_pct,Unemployment rate,-1.6434952286342421,0.041662375275538614,-2.051150508018845,0.1140827815863667,-1.5799482399294347,0.04226740494048806,-2.0132738023299424,0.054602016306473766,0.0001916849925868101,-0.04114369064202139,0.0005247170519116728,-0.03636344498354649,0.8407244186979465,0.6115239127015829,0.002950310559006153,0.0040752351097177895,False,True,False
qqq_realized_vol_21d,QQQ 1-month realized volatility,-1.2454553202569396,0.42289957146780494,-2.0365152273894993,0.17392093613017193,-1.0627427481399567,0.3716389086402003,-1.9362086475329803,0.1694174368018562,-0.005209801327769865,-0.005895620870369989,-0.0029779558396570366,-0.0043753258434997555,0.30364142189080384,0.2640984249382121,0.0018374741200827493,0.05057471264367808,False,False,True
t10y3m_level,10Y-3M curve,-0.3912857932070033,0.5812856388306428,-1.0782312280442172,0.34528495152431293,-0.5350013107615426,0.44270656192746294,-1.2678367786596585,0.1694174368018562,0.00016389882975188986,-0.03139699418779829,7.615843854547031e-05,-0.028199495000902797,0.8849835067700412,0.6548482237240001,-0.000672877846790948,-0.00684430512016726,False,False,False
cpi_yoy_pct,Inflation YoY,-0.5098900672775115,0.4507078446633458,-1.0594881466066863,0.34528495152431293,-0.6066019059606863,0.3716389086402003,-1.2213939288797633,0.1904996104001597,-0.0032576915856415093,-0.0204131356668249,-0.002304487753683043,-0.0170067999305612,0.6475028152736895,0.35884147226602864,0.028002070393374677,0.020114942528735545,False,True,False
qqq_sma222,QQQ 222-day trend level,0.9928964769400237,0.4405502191785685,1.9501205283452883,0.2620083617683752,0.8357085513527447,0.44270656192746294,1.7701142440332298,0.2840064913501139,-0.0005531844006762505,-0.16094781814114678,-0.0003499059019092459,-0.1616455484901278,0.7013526743997982,0.6512038272847608,0.0,0.0,False,False,True
buffett_indicator_proxy_252d_drift,Wilshire / GDP 1-year drift,1.1886473447307804,0.2028536748646413,1.1535196154419576,0.3950065567404604,1.083782595371989,0.27654937139015945,1.1674044452283099,0.3201069284001215,0.0015261221329943063,-0.013494499176527341,0.0010628698825551341,-0.014724360996977381,-0.04537631378810129,-0.2672814719724067,0.004736024844720415,-0.005851619644723183,True,False,False
is_quarter_end_month,Is Quarter End Month,0.4427775895632065,0.4405502191785685,0.42935088493986234,0.4941648323608604,0.5160737711824774,0.28397891115470053,0.5129532840340323,0.3201069284001215,9.350702466921933e-05,0.0012703248615655305,0.00039957878478720884,0.002509823831236546,0.09479640221771843,0.25053440038540814,0.00012939958592127486,0.0018286311389758669,False,False,False
vix_21d_change,VIX 1-month change,-0.506202326480182,0.5812856388306428,-0.9643603889400152,0.3968292350194509,-0.46299978179594825,0.5734442104259195,-0.8345004699742068,0.4821430447069517,-0.0024631270797535426,-0.0189908389399287,-0.0015373750256465841,-0.018215772777289807,0.0042987942822965124,0.8083661434941696,0.001397515527950266,0.009404388714733463,False,True,False
dxy_63d_return,US dollar 3-month return,0.5079013973743978,0.4405502191785685,0.579657224182179,0.5736381844545438,0.5633302709385103,0.3434068881094778,0.6149863040579321,0.4821430447069517,-0.000476965256371183,0.010321670504587654,-0.0002467176645428607,0.010990802538161759,-0.41894051363285056,-0.23457759322801836,0.0033126293995858315,0.0027168234064785246,False,False,False
unemployment_6m_change_pp,Unemployment 6-month change,0.26921764387933644,0.5812856388306428,0.4382584317429019,0.5736381844545438,0.2603116221888202,0.5734442104259195,0.44239781963413316,0.4821430447069517,-0.0018107964909409367,0.011415810975044849,-0.0011367446423260978,0.012263615666721073,-0.19540811385660803,0.3805186302510124,-0.0030020703933748226,-0.014890282131661537,False,True,False
latent_sentiment_index,Latent sentiment,0.3262457170533071,0.6883945524928387,0.7042586837184884,0.5943206321594647,0.46862001748362947,0.5734442104259195,0.8029992726001232,0.4821430447069517,-0.0011315983998669069,0.003449534031083612,-0.000423271592405273,0.005650940438249874,-0.745987803466308,-0.6402127345506304,-0.004736024844720544,0.0011494252873562373,False,False,False
cpi_yoy_3m_change_pp,Inflation 3-month change,-0.43753184438382314,0.4405502191785685,-0.6085905617621066,0.5850416593331198,-0.3478942259385222,0.5227358598866183,-0.5352336044363645,0.6366535470746122,-0.002089458766687899,-0.002507628367873327,-0.0014075982516430564,-0.003987419463995501,0.091568325812704,0.6908455997187156,0.02463768115942024,0.029885057471264288,False,True,False
cape_63d_change,Shiller CAPE 3-month change,-0.8270393337527446,0.4405502191785685,-0.5958481187462746,0.8376929923664143,-0.8678996050462163,0.3811695545354557,-0.7389050522414199,0.6909404221795633,0.00124286638138823,0.01510402180967596,0.0007875083092068043,0.011635568398878693,-0.16578440852561882,-0.15939732872979698,-0.007763975155279573,0.0035005224660396073,True,False,False
wti_63d_return,Oil 3-month return,0.4445473161251226,0.4661392396386884,0.43268818214946503,0.7863266505447626,0.47130936449196714,0.44270656192746294,0.4002432247705995,0.7841911538081634,0.00142524460720672,-0.0005656025242897211,0.0009115854362027923,9.609871184368401e-05,-0.19301496390713738,-0.1376946095902059,-0.00043995859213258326,0.006478578892371911,False,False,False
qqq_drawdown_252d,QQQ 1-year drawdown,0.5113775992533512,0.8042755288919292,1.409923293364983,0.8376929923664143,0.6154443800226248,0.7842397589036888,1.4184767971424115,0.8494060228586076,0.003840904496162685,0.01632488726284187,0.0024589560554463407,0.01670234509287849,-0.6142089832021707,-0.6345062620838126,-0.003649068322981408,0.0013061650992684803,False,False,True
qqq_volume,QQQ volume,0.4003373597514544,0.5812856388306428,0.37027085552603395,0.8376929923664143,0.34682933171158226,0.5734442104259195,0.3200917366004319,0.8494060228586076,0.0005206338746003221,-0.011568888929983201,5.6443397468546054e-05,-0.00918133115862263,-0.16738762856776218,-0.1526361070486108,-0.0015527950310559701,-0.0003657262277952378,False,False,True
us10y_level,10Y Treasury yield level,-0.38467375096347467,0.5812856388306428,-0.4651920447215788,0.8376929923664143,-0.319438540469249,0.6821830780022375,-0.41162567581192855,0.8494060228586076,-0.0037829742261583205,-0.04979219395414258,-0.0022630492422232346,-0.046587383516095926,1.3476428289527114,1.7295698107891215,-0.004296066252588071,-0.019540229885057537,False,False,False
external_shock_score,External shock score,-0.7834107131325263,0.4405502191785685,-0.351885060992327,0.8978436248270552,-0.7068517451566416,0.44270656192746294,-0.2945064338336922,0.8494060228586076,-0.003260163621186154,-0.007683481803316461,-0.0022118430698088274,-0.007289996854711767,0.26905581867091677,0.15494328635373417,0.005150103519668658,0.017868338557993652,False,True,False
month_cos,Month Cos,0.21490139003279113,0.5812856388306428,0.14612183276445814,0.8978436248270552,0.209855806459223,0.5734442104259195,0.1484517268056346,0.8494060228586076,0.0007206503552673469,-0.00033285381524494895,0.0005852251227009422,-8.512287717832301e-05,0.12217963287495792,-0.01866016248706739,0.00023291925465833142,-0.0004702194357367517,False,False,False
month_sin,Month Sin,-0.08168033486821448,0.8179495481288429,-0.13409903309041346,0.8978436248270552,-0.15775534341203046,0.6914847897965645,-0.19570874876947086,0.8494060228586076,-0.0005787930171776035,0.0025261728977619136,-0.0005436359652119203,0.00044293737572487224,0.27882282639528516,0.0412453421924724,-0.0001035196687371287,0.0004702194357365963,False,False,False
qqq_feedback_score,QQQ feedback score,-0.29574874278156776,0.8042755288919292,-0.5580402229291256,0.8978436248270552,-0.27735118423374605,0.8002195662301714,-0.5188256814536614,0.8494060228586076,0.0007353294106401287,0.004029616019564752,0.0005129608318317866,0.00041742360352081676,0.29786458573666413,1.1263288080021172,0.002717391304347755,0.003970741901776298,False,False,True
qqq_vs_sma200,QQQ vs 200-day trend,-0.13343222149349143,0.9128385084427536,-0.5850156713023168,0.8978436248270552,-0.11411666988225579,0.9113102767354294,-0.6348420805544005,0.8494060228586076,0.0006690023320205498,-0.0384720265681322,0.0009011092737131487,-0.036630038000569964,-0.2600386399665246,-0.4368074372980987,0.00986024844720489,0.006217345872518221,False,False,True
nfci_63d_change,Financial conditions 3-month change,-1.0654341709576582,0.4405502191785685,-0.24136466518027475,0.912660308964744,-1.3759663736810048,0.28397891115470053,-0.46128900932978867,0.8494060228586076,-0.0007813267909335712,-0.02147127971536511,-0.0008468511884487277,-0.024351848394429165,-0.5415402170258533,0.11251179832464486,0.003338509316770116,0.011180773249738702,False,True,False
is_turn_of_quarter_month,Is Turn Of Quarter Month,0.10901297584108088,0.8042755288919292,0.04989140823902395,0.9392166131577132,0.13721860007995124,0.7647043166294638,0.10595414340158289,0.8797116116195844,-0.0008098591658050944,0.0017712819188089313,-0.0006722229076952707,0.0016092213843101888,0.137774963034688,0.24791638730641352,-0.0006987577639752218,0.0012539184952977457,False,False,False
gold_63d_return,Gold 3-month return,0.18268527053303427,0.7456713090622413,0.19152174692804186,0.8978436248270552,0.11950713372031432,0.8002195662301714,0.09686295510103524,0.9521647684641007,0.001399596852557117,0.007198760906066415,0.0008092040045135423,0.005984451821681613,0.3146509570920737,-0.4015601097550607,-0.003856107660455549,0.005172413793103364,False,False,False
qqq_21d_return,QQQ 1-month return,-0.07014339121715918,0.9177805089459588,0.016917561372462284,0.983965593910072,-0.07288762708663057,0.9113102767354294,-0.14607531399825163,0.9521647684641007,0.0017079732641720113,0.009643257357428325,0.0014845692049777397,0.007507039494298873,-0.13089841447834458,0.18893685216866732,0.00020703933747404646,-0.003970741901776475,False,False,True
qqq_63d_return,QQQ 3-month return,0.7018555967813809,0.6883945524928387,0.3312353706817548,0.9305031339999167,0.5023397213311499,0.7842397589036888,0.11132044001846628,0.9728435843514159,0.0002136596414116519,-0.014595144324611287,0.0004291750185097263,-0.011854109594454876,0.6791915595307989,0.5043225846144854,0.004089026915113802,0.011024033437826453,False,False,True
us10y_63d_change_pp,10Y yield 3-month change,-0.052146687451270525,0.9128385084427536,0.10284884464884525,0.9305031339999167,-0.05362980738639997,0.9113102767354294,0.0361969612922272,0.9728435843514159,0.0008499739627731815,0.018201029989527218,0.000380202857295814,0.017033973602216035,0.005635716122464726,-0.6943780518394653,0.005926501035196619,0.0006269592476488284,False,False,False
hy_oas_63d_change_pp,High-yield spread 3-month change,0.9278305807882454,0.5812856388306428,-0.038761515290290184,0.983965593910072,1.2195764156942082,0.44270656192746294,0.028536685847349468,0.9799877039730456,-0.0012505310611941136,0.01864668032569483,-0.000830904670279146,0.019306584466410648,1.042146649081679,0.5342950009832019,0.008980331262939895,0.008202716823406397,False,True,False
buffett_indicator_proxy_level,Wilshire / GDP valuation proxy,,,,,,,,,-0.0022618413849081545,-0.07637863023820379,-0.0012429170325936353,-0.06473541152075901,0.3715140497463632,0.5001958890824744,0.00010351966873705099,-2.2204460492503132e-17,True,False,False
curve_10y2y_level,Yield curve 10Y-2Y,,,,,,,,,0.00039450935007028545,0.03548244381556254,0.00023978399604859834,0.03039913361359492,-0.08787566849153874,0.3095918688511045,0.001992753623188348,-0.00240334378265421,False,False,False
hy_oas_level,High-yield spread,,,,,,,,,-0.0027327274021188624,-0.12024992657233069,-0.001442144150073448,-0.11323350383521902,1.1585603337958343,1.0734987120600017,-0.009627329192546653,-0.0012539184952979066,False,True,False
qqq_sma65,QQQ 65-day trend level,,,,,,,,,-7.621944809830908e-05,0.17795467904318352,2.0922967214238694e-05,0.17715134163868274,-0.20211859539972377,-0.0726311672104349,0.0,0.0,False,False,True
