model_name,predicted_state,n_months,avg_fwd_21d_return,avg_fwd_42d_return,avg_fwd_21d_min_return,avg_fwd_42d_min_return,avg_fwd_21d_path_cvar20,avg_fwd_42d_path_cvar20,strong_event_rate,light_event_rate
logistic,unhedged,118,0.012709280610085829,0.03062328126421389,-0.03202549005378291,-0.04566891143039925,-0.020682165545718507,-0.02623755471962759,0.08547008547008547,0.23076923076923078
logistic,hedge_0_6,60,0.016766386131837983,0.029749364307156956,-0.030126919249523446,-0.04615253644119776,-0.0177662401070554,-0.02614860289570364,0.06779661016949153,0.25862068965517243
logistic,hedge_0_3,42,0.020332910800220285,0.031491938302737076,-0.03422331829897411,-0.046285694346513036,-0.02177943040333216,-0.026689290598520425,0.11904761904761904,0.2619047619047619
random_forest,hedge_0_6,46,0.03485037255965212,0.05368661962657952,-0.03249751604197557,-0.04375143271168868,-0.017909610799784478,-0.01988299285383289,0.09090909090909091,0.22727272727272727
random_forest,unhedged,160,0.013807700368298804,0.027098599239710395,-0.026800652203706598,-0.0408705758797898,-0.01661421271664354,-0.023572799002418376,0.0625,0.22012578616352202
random_forest,hedge_0_3,14,-0.029461684627483362,-0.002845721160026119,-0.08884677729510107,-0.1100445935213463,-0.06689005016084297,-0.0774597391665663,0.35714285714285715,0.5714285714285714
consensus,hedge_0_6,117,0.017676235905530538,0.034639649117861694,-0.03325447799616754,-0.04686335635636757,-0.020541892403188548,-0.02622471348113319,0.0782608695652174,0.2631578947368421
consensus,unhedged,95,0.013796946246367809,0.02665238063366898,-0.026648115876918142,-0.041044715725606265,-0.016608630370008273,-0.023448357202832795,0.07368421052631578,0.2
consensus,hedge_0_3,8,-0.0016615194716523892,0.018769035851037494,-0.07575174533811312,-0.09030478686765402,-0.055327512573477025,-0.06126897552084969,0.375,0.5
